<shortcuts>
	<shortcut>
		<defaultID>1038</defaultID>
		<label>1038</label>
		<label2 />
		<icon />
		<thumb />
		<action>ActivateWindow(Music,Addons,return)</action>
		<disabled>True</disabled>
	</shortcut>
	<shortcut>
		<defaultID>1037</defaultID>
		<label>1037</label>
		<label2 />
		<icon />
		<thumb />
		<action>ActivateWindow(Videos,Addons,return)</action>
	</shortcut>
	<shortcut>
		<defaultID>10040</defaultID>
		<label>10040</label>
		<label2 />
		<icon />
		<thumb />
		<action>ActivateWindow(Addonbrowser)</action>
	</shortcut>
	<shortcut>
		<defaultID>1043</defaultID>
		<label>1043</label>
		<label2 />
		<icon />
		<thumb />
		<action>ActivateWindow(Programs,Addons,return)</action>
	</shortcut>
	<shortcut>
		<defaultID />
		<label>Get zip files</label>
		<label2>Custom item</label2>
		<icon>DefaultShortcut.png</icon>
		<thumb />
		<action>PlayMedia("plugin://script.jptools/?url=url&amp;action=get_adon_frm_enet&amp;name=Get+Addon+Enet&amp;icon=DefaultAddonProgram.png&amp;fanart=special://home/addons%5Cscript.jptools%5Cfanart.jpg&amp;description=get+Addon+from+enet.")</action>
	</shortcut>
	<shortcut>
		<defaultID>1039</defaultID>
		<label>1039</label>
		<label2 />
		<icon />
		<thumb />
		<action>ActivateWindow(Pictures,Addons,return)</action>
		<disabled>True</disabled>
	</shortcut>
</shortcuts>
