<shortcuts>
	<shortcut>
		<defaultID>13016</defaultID>
		<label>13016</label>
		<label2 />
		<icon />
		<thumb />
		<action>Powerdown()</action>
		<disabled>True</disabled>
	</shortcut>
	<shortcut>
		<defaultID>13013</defaultID>
		<label>13013</label>
		<label2 />
		<icon />
		<thumb />
		<action>Reset()</action>
		<disabled>True</disabled>
	</shortcut>
	<shortcut>
		<defaultID>13011</defaultID>
		<label>13011</label>
		<label2 />
		<icon />
		<thumb />
		<action>Suspend()</action>
		<disabled>True</disabled>
	</shortcut>
	<shortcut>
		<defaultID>13010</defaultID>
		<label>13010</label>
		<label2 />
		<icon />
		<thumb />
		<action>Hibernate()</action>
		<disabled>True</disabled>
	</shortcut>
	<shortcut>
		<defaultID>20126</defaultID>
		<label>20126</label>
		<label2 />
		<icon />
		<thumb />
		<action>System.LogOff</action>
		<disabled>True</disabled>
	</shortcut>
	<shortcut>
		<defaultID>13009</defaultID>
		<label>13009</label>
		<label2 />
		<icon />
		<thumb />
		<action>Quit()</action>
	</shortcut>
</shortcuts>
