<shortcuts>
	<shortcut>
		<defaultID />
		<label>Tools</label>
		<label2>Custom item</label2>
		<icon>DefaultShortcut.png</icon>
		<thumb />
		<action>ActivateWindow(Programs,"plugin://script.jptools",return)</action>
	</shortcut>
	<shortcut>
		<defaultID />
		<label>Quit</label>
		<label2>Custom item</label2>
		<icon>DefaultShortcut.png</icon>
		<thumb />
		<action>Quit</action>
	</shortcut>
	<shortcut>
		<defaultID />
		<label>File Manager</label>
		<label2>Custom item</label2>
		<icon>DefaultShortcut.png</icon>
		<thumb />
		<action>ActivateWindow(FileManager)</action>
	</shortcut>
	<shortcut>
		<defaultID />
		<label>get zip files</label>
		<label2>Custom item</label2>
		<icon>DefaultShortcut.png</icon>
		<thumb />
		<action>PlayMedia("plugin://script.jptools/?url=url&amp;action=get_adon_frm_enet&amp;name=Get+Addon+Enet&amp;icon=DefaultAddonProgram.png&amp;fanart=special://home/addons%5Cscript.jptools%5Cfanart.jpg&amp;description=get+Addon+from+enet.")</action>
		<disabled>True</disabled>
	</shortcut>
</shortcuts>
