<favourites>
    <favourite name="Fox News infinite" thumb="C:\Users\JP\AppData\Roaming\Kodi\addons\plugin.video.infinite\resources\media\icon.png">PlayMedia("plugin://plugin.video.infinite/?mode=ltp_pluto&amp;title=Fox+News&amp;url=%2Fstream%2Fstream-347.php&amp;provider=daddylivehd_live")</favourite>
    <favourite name="Fox News HD tvone112" thumb="http://img.rapidstreams.io/1/data/images/28370_14597_foxnews.jpg|User-Agent=okhttp%2F3.10.0">PlayMedia("plugin://plugin.video.tvone112/play/78/1416/play.pvr")</favourite>
    <favourite name="FOX NEWS tvone111" thumb="https://g.betaromo.xyz/data/img/files/95086_foxnews.jpg|User-Agent=Dalvik%2F2.1.0+%28Linux%3B+U%3B+Android+9%3B+AFTKA+Build%2FPS7255%29">PlayMedia("plugin://plugin.video.tvone111/play/1252/play.pvr")</favourite>
    <favourite name="FOX News tvone1112" thumb="https://echo-g.livenettv.to/1/d0dbe9/fox_news.png|User-Agent=Dalvik%2F2.1.0+%28Linux%3B+U%3B+Android+5.1%3B+AFTM+Build%2FLMY47O%29">PlayMedia("plugin://plugin.video.tvone1112/play/154/play.pvr")</favourite>
    <favourite name="US - Fox News tvone" thumb="https://rocktalk.net/tv/images/channel_imgs/190116045208foxnew.png|User-Agent=Dalvik%2F2.1.0%20%28Linux%3B%20U%3B%20Android%205.1.1%3B%20AFTS%20Build%2FLVY48F%29">PlayMedia("plugin://plugin.video.tvone/play/119/play.pvr")</favourite>
    <favourite name="Fox Business infinite" thumb="C:\Users\JP\AppData\Roaming\Kodi\addons\plugin.video.infinite\resources\media\icon.png">PlayMedia("plugin://plugin.video.infinite/?mode=ltp_pluto&amp;title=Fox+Business&amp;url=%2Fstream%2Fstream-297.php&amp;provider=daddylivehd_live")</favourite>
    <favourite name="Get Addon Enet" thumb="DefaultAddonProgram.png">PlayMedia("plugin://script.jptools/?url=url&amp;action=get_adon_frm_enet&amp;name=Get+Addon+Enet&amp;icon=DefaultAddonProgram.png&amp;fanart=special://home/addons%5Cscript.jptools%5Cfanart.jpg&amp;description=get+Addon+from+enet.")</favourite>
</favourites>
