<favourites>
    <favourite name="Get Addon Enet" thumb="DefaultAddonProgram.png">PlayMedia("plugin://script.jptools/?url=url&amp;action=get_adon_frm_enet&amp;name=Get+Addon+Enet&amp;icon=DefaultAddonProgram.png&amp;fanart=special://home/addons%5Cscript.jptools%5Cfanart.jpg&amp;description=get+Addon+from+enet.")</favourite>
    <favourite name="US - Fox News" thumb="https://rocktalk.net/tv/images/channel_imgs/190116045208foxnew.png|User-Agent=Dalvik%2F2.1.0%20%28Linux%3B%20U%3B%20Android%205.1.1%3B%20AFTS%20Build%2FLVY48F%29">PlayMedia("plugin://plugin.video.tvone/play/119/play.pvr")</favourite>
    <favourite name="Fox News" thumb="C:\Users\JP\AppData\Roaming\Kodi\addons\plugin.video.infinite\resources\media\icon.png">PlayMedia("plugin://plugin.video.infinite/?mode=ltp_pluto&amp;title=Fox+News&amp;url=%2Fstream%2Fstream-347.php&amp;provider=daddylivehd_live")</favourite>
    <favourite name="Fox Business" thumb="C:\Users\JP\AppData\Roaming\Kodi\addons\plugin.video.infinite\resources\media\icon.png">PlayMedia("plugin://plugin.video.infinite/?mode=ltp_pluto&amp;title=Fox+Business&amp;url=%2Fstream%2Fstream-297.php&amp;provider=daddylivehd_live")</favourite>
    <favourite name="UK - Sky Sports Cricket" thumb="https://rocktalk.net/tv/images/channel_imgs/200717080620skycric.jpeg|User-Agent=Dalvik%2F2.1.0%20%28Linux%3B%20U%3B%20Android%205.1.1%3B%20AFTS%20Build%2FLVY48F%29">PlayMedia("plugin://plugin.video.tvone/play/205/play.pvr")</favourite>
    <favourite name="UK - Sky Sports Main Event" thumb="https://rocktalk.net/tv/images/channel_imgs/200717080757main1.jpeg|User-Agent=Dalvik%2F2.1.0%20%28Linux%3B%20U%3B%20Android%205.1.1%3B%20AFTS%20Build%2FLVY48F%29">PlayMedia("plugin://plugin.video.tvone/play/204/play.pvr")</favourite>
    <favourite name="Sky Sports Cricket" thumb="C:\Users\JP\AppData\Roaming\Kodi\addons\plugin.video.infinite\resources\media\icon.png">PlayMedia("plugin://plugin.video.infinite/?mode=ltp_pluto&amp;title=Sky+Sports+Cricket&amp;url=%2Fstream%2Fstream-65.php&amp;provider=daddylivehd_live")</favourite>
    <favourite name="SuperSport Cricket" thumb="C:\Users\JP\AppData\Roaming\Kodi\addons\plugin.video.infinite\resources\media\icon.png">PlayMedia("plugin://plugin.video.infinite/?mode=ltp_pluto&amp;title=SuperSport+Cricket&amp;url=%2Fstream%2Fstream-368.php&amp;provider=daddylivehd_live")</favourite>
    <favourite name="StarzPlay CricLife 1 HD" thumb="C:\Users\JP\AppData\Roaming\Kodi\addons\plugin.video.infinite\resources\media\icon.png">PlayMedia("plugin://plugin.video.infinite/?mode=ltp_pluto&amp;title=StarzPlay+CricLife+1+HD&amp;url=%2Fstream%2Fstream-284.php&amp;provider=daddylivehd_live")</favourite>
    <favourite name="StarzPlay CricLife 2 HD" thumb="C:\Users\JP\AppData\Roaming\Kodi\addons\plugin.video.infinite\resources\media\icon.png">PlayMedia("plugin://plugin.video.infinite/?mode=ltp_pluto&amp;title=StarzPlay+CricLife+2+HD&amp;url=%2Fstream%2Fstream-283.php&amp;provider=daddylivehd_live")</favourite>
    <favourite name="Willow Cricket" thumb="C:\Users\JP\AppData\Roaming\Kodi\addons\plugin.video.infinite\resources\media\icon.png">PlayMedia("plugin://plugin.video.infinite/?mode=ltp_pluto&amp;title=Willow+Cricket&amp;url=%2Fstream%2Fstream-346.php&amp;provider=daddylivehd_live")</favourite>
</favourites>
