<sources>
    <programs>
        <default pathversion="1"></default>
    </programs>
    <video>
        <default pathversion="1"></default>
        <source>
            <name>Hindi Movies</name>
            <path pathversion="1">smb://cp:srusty@enet/Media/ENet/Hindi Movies/</path>
            <allowsharing>true</allowsharing>
        </source>
        <source>
            <name>English Movies</name>
            <path pathversion="1">smb://cp:srusty@enet/Media/ENet/English Movies/</path>
            <allowsharing>true</allowsharing>
        </source>
        <source>
            <name>TVShow Subscriptions</name>
            <path pathversion="1">smb://cp:srusty@enet/Media/ENet/TVShow Subscriptions/</path>
            <allowsharing>true</allowsharing>
        </source>
        <source>
            <name>TV Shows</name>
            <path pathversion="1">smb://cp:srusty@enet/Media/ENet/TV Shows/</path>
            <allowsharing>true</allowsharing>
        </source>
    </video>
    <music>
        <default pathversion="1"></default>
    </music>
    <pictures>
        <default pathversion="1"></default>
    </pictures>
    <files>
        <default pathversion="1"></default>
        <source>
            <name>backgrounds</name>
            <path pathversion="1">special://userdata/backgrounds/</path>
            <allowsharing>true</allowsharing>
        </source>
        <source>
            <name>JPB</name>
            <path pathversion="1">http://jigoo.ga/</path>
            <allowsharing>true</allowsharing>
        </source>
        <source>
            <name>.backupdir</name>
            <path pathversion="1">special://home/backupdir/</path>
            <allowsharing>true</allowsharing>
        </source>
        <source>
            <name>.home</name>
            <path pathversion="1">special://home/</path>
            <allowsharing>true</allowsharing>
        </source>
        <source>
            <name>.userdata</name>
            <path pathversion="1">special://userdata/</path>
            <allowsharing>true</allowsharing>
        </source>
        <source>
            <name>.Addons</name>
            <path pathversion="1">special://home/addons/</path>
            <allowsharing>true</allowsharing>
        </source>
        <source>
            <name>.aaapackages</name>
            <path pathversion="1">special://home/addons/packages/</path>
            <allowsharing>true</allowsharing>
        </source>
        <source>
            <name>.Addon Data</name>
            <path pathversion="1">special://userdata/addon_data/</path>
            <allowsharing>true</allowsharing>
        </source>
        <source>
            <name>.aaEnetData.Kodi</name>
            <path pathversion="1">smb://cp:srusty@ENET/Media/Data/</path>
            <allowsharing>true</allowsharing>
        </source>
        <source>
            <name>.ENet</name>
            <path pathversion="1">smb://cp:srusty@ENET/Media/ENet/</path>
            <allowsharing>true</allowsharing>
        </source>
        <source>
            <name>GitHub</name>
            <path pathversion="1">D:/GitHub/</path>
            <allowsharing>true</allowsharing>
        </source>
        <source>
            <name>Ftv storage</name>
            <path pathversion="1">/storage/emulated/0/</path>
            <allowsharing>true</allowsharing>
        </source>
        <source>
            <name>TV Shows</name>
            <path pathversion="1">smb://cp:srusty@enet/Media/ENet/TV Shows/</path>
            <allowsharing>true</allowsharing>
        </source>
    </files>
    <games>
        <default pathversion="1"></default>
    </games>
</sources>
