{
    "access_manager": {
        "current_user": "0",
        "developers": {},
        "last_origin": "plugin.video.youtube",
        "users": {
            "0": {
                "access_token": "",
                "id": "c54fe9723d514b41a845b83938d4a541",
                "last_key_hash": "8ccfc5c9c21f4c866feacbcea676836c",
                "name": "Default",
                "refresh_token": "",
                "token_expires": -1,
                "watch_history": "HL",
                "watch_later": ""
            }
        }
    }
}