{
    "access_manager": {
        "current_user": 0,
        "developers": {},
        "last_origin": "plugin.video.youtube",
        "users": {
            "0": {
                "access_token": "",
                "id": "c54fe9723d514b41a845b83938d4a541",
                "last_key_hash": "e54e4a20be791661ac1d2c2e148312e7",
                "name": "Default",
                "refresh_token": "",
                "token_expires": -1,
                "watch_history": "HL",
                "watch_later": " WL"
            }
        }
    }
}