<?xml version="1.0" encoding="UTF-8"?>
<window>
    <controls>
        <control type="image">
            <left>0</left>
            <top>0</top>
            <width>1920</width>
            <height>1080</height>
            <texture>common/black.png</texture>
            <animation type="WindowOpen" reversible="false">
                <effect type="fade" start="0" end="80" time="200" tween="sine" easing="in" />
            </animation>
        </control>
        <control type="group">
            <animation type="WindowOpen" reversible="false">
                <effect type="fade" start="0" end="100" time="150" tween="sine" easing="in" />
                <effect type="zoom" start="0" end="100" time="150" center="auto" tween="quadratic" easing="out" />
            </animation>
            <left>435</left>
            <top>325</top>
            <control type="group">
                <left>5</left>
                <top>5</top>
                <control type="label">
                    <top>-40</top>
                    <left>0</left>
                    <width>1035</width>
                    <height>5</height>
                    <font>font12</font>
                    <align>left</align>
                    <aligny>bottom</aligny>
                    <label>[COLOR B3CCCCCC][B]$ADDON[plugin.video.infinite 33061][/B][/COLOR]</label>
                </control>
                <control type="image">
                    <left>-5</left>
                    <top>-5</top>
                    <height>430</height>
                    <width>1050</width>
                    <texture colordiffuse="FF000000">common/white.png</texture>
                </control>
                <control type="image">
                    <height>390</height>
                    <width>775</width>
                    <aspectratio aligny="top">scale</aspectratio>
                    <texture>$INFO[Window.Property(tikiskins.source_progress.fanart)]</texture>
                    <animation effect="fade" start="100" end="20" time="0" tween="sine">WindowOpen</animation>
                </control>
                <control type="image">
                    <left>5</left>
                    <top>5</top>
                    <width>55</width>
                    <height>55</height>
                    <align>right</align>
                    <aligny>top</aligny>
                    <aspectratio aligny="top">keep</aspectratio>
                    <texture colordiffuse="B3CCCCCC">common/infinite.png</texture>
                </control>
                <control type="image">
                    <left>780</left>
                    <width>260</width>
                    <height>390</height>
                    <aspectratio>scale</aspectratio>
                    <aspectratio aligny="top">stretch</aspectratio>
                    <texture>$INFO[Window.Property(tikiskins.source_progress.poster)]</texture>
                </control>
                <control type="image">
                    <top>5</top>
                    <left>20</left>
                    <height max="160">auto</height>
                    <width max="750">auto</width>
                    <align>center</align>
                    <aligny>center</aligny>
                    <aspectratio>keep</aspectratio>
                    <texture>$INFO[Window.Property(tikiskins.source_progress.clearlogo)]</texture>
                    <visible>!String.IsEmpty(Window.Property(tikiskins.source_progress.clearlogo))</visible>
                </control>
                <control type="label">
                    <top>70</top>
                    <left>20</left>
                    <width>750</width>
                    <height>20</height>
                    <aligny>bottom</aligny>
                    <align>center</align>
                    <font>font30</font>
                    <label>[B]$INFO[Window.Property(tikiskins.source_progress.title)][/B]</label>
                    <visible>String.IsEmpty(Window.Property(tikiskins.source_progress.clearlogo))</visible>
                </control>
                <control type="label">
                    <top>130</top>
                    <left>20</left>
                    <width>750</width>
                    <height>20</height>
                    <aligny>bottom</aligny>
                    <align>center</align>
                    <font>font12</font>
                    <label>$INFO[Window.Property(tikiskins.source_progress.title2)]</label>
                    <visible>String.IsEmpty(Window.Property(tikiskins.source_progress.clearlogo))</visible>
                </control>
                <control type="textbox" id="2000">
                    <top>190</top>
                    <left>20</left>
                    <width>740</width>
                    <height>180</height>
                    <font>font14</font>
                    <align>center</align>
                    <textcolor>FFB7B4BB</textcolor>
                </control>
                <control type="group">
                    <visible>String.IsEqual(Window.Property(tikiskins.source_progress.buttons),true)</visible>
                    <top>290</top>
                    <control type="button" id="10">
                        <description>True Button</description>
                        <left>35</left>
                        <width>340</width>
                        <height>70</height>
                        <onleft>11</onleft>
                        <onright>11</onright>
                        <label>[B]$INFO[Window.Property(tikiskins.source_progress.true_button)][/B]</label>
                        <font>font12</font>
                        <textcolor>FFB7B4BB</textcolor>
                        <focusedcolor>royalblue</focusedcolor>
                        <texturefocus colordiffuse="FFCCCCCC">common/white.png</texturefocus>
                        <texturenofocus colordiffuse="FF302F2F">common/white.png</texturenofocus>
                        <align>center</align>
                    </control>
                    <control type="button" id="11">
                        <description>False Button</description>
                        <left>400</left>
                        <width>340</width>
                        <height>70</height>
                        <onleft>10</onleft>
                        <onright>10</onright>
                        <label>[B]$INFO[Window.Property(tikiskins.source_progress.false_button)][/B]</label>
                        <font>font12</font>
                        <textcolor>FFB7B4BB</textcolor>
                        <focusedcolor>royalblue</focusedcolor>
                        <texturefocus colordiffuse="FFCCCCCC">common/white.png</texturefocus>
                        <texturenofocus colordiffuse="FF302F2F">common/white.png</texturenofocus>
                        <align>center</align>
                    </control>
                </control>
                <control type="progress" id="5000">
                    <description>Progressbar</description>
                    <top>395</top>
                    <left>0</left>
                    <width>1040</width>
                    <height>25</height>
                    <reveal>true</reveal>
                </control>
            </control>
        </control>
    </controls>
</window>
