<?xml version="1.0" encoding="UTF-8" standalone="yes"?>
<addon id="service.notro" name="notro" version="1.0.11" provider-name="jp">
    <requires></requires>
    <extension point="xbmc.service" library="main.py"/>
    <extension point="xbmc.addon.metadata">
        <source>https://github.com/xbmc/notro</source>
        <summary lang="en_GB">Skip intros and outros</summary>
        <description lang="en_GB">The addon creates a database of your shows and stores a custom set skip value to prompt for skipping intros and outros for TV show episodes</description>
        <platform>all</platform>
        <license>GPL-3.0</license>
        <website></website>
        <email></email>
        <assets>
            <icon>icon.png</icon>
        </assets>
    </extension>
</addon>
