<?xml version="1.0" encoding="UTF-8"?>
<window>
    <controls>
        <control type="group">
            <visible>String.IsEqual(Window.Property(enable_fullscreen),False)</visible>
            <control type="image">
                <left>0</left>
                <top>0</top>
                <width>1920</width>
                <height>1080</height>
                <texture>common/black.png</texture>
                <animation type="WindowOpen" reversible="false">
                    <effect type="fade" start="0" end="80" time="200" tween="sine" easing="in" />
                </animation>
            </control>
            <control type="group">
                <animation type="WindowOpen" reversible="false">
                    <effect type="fade" start="0" end="100" time="150" tween="sine" easing="in" />
                    <effect type="zoom" start="0" end="100" time="150" center="auto" tween="quadratic" easing="out" />
                </animation>
                <left>435</left>
                <top>325</top>
                <control type="image">
                    <height>400</height>
                    <width>1050</width>
                    <texture colordiffuse="FF000000">common/white.png</texture>
                    <visible>String.IsEqual(Window.Property(buttons),true)</visible>
                </control>
                <control type="image">
                    <height>430</height>
                    <width>1050</width>
                    <texture colordiffuse="FF000000">common/white.png</texture>
                    <visible>!String.IsEqual(Window.Property(buttons),true)</visible>
                </control>
                <control type="group">
                    <left>5</left>
                    <top>5</top>
                    <control type="image">
                        <height>390</height>
                        <width>775</width>
                        <aspectratio aligny="top">scale</aspectratio>
                        <texture>$INFO[Window.Property(fanart)]</texture>
                        <animation effect="fade" start="100" end="20" time="0" tween="sine">WindowOpen</animation>
                    </control>
                    <control type="image">
                        <left>5</left>
                        <top>5</top>
                        <width>60</width>
                        <height>60</height>
                        <align>right</align>
                        <aligny>top</aligny>
                        <aspectratio aligny="top">keep</aspectratio>
                        <texture colordiffuse="B3CCCCCC">common/infinite.png</texture>
                    </control>
                    <control type="image">
                        <top>-40</top>
                        <left>0</left>
                        <height>30</height>
                        <width>400</width>
                        <texture colordiffuse="B3CCCCCC">common/press_back_label.png</texture>
                    </control>
                    <control type="image">
                        <left>780</left>
                        <width>260</width>
                        <height>390</height>
                        <aspectratio>scale</aspectratio>
                        <aspectratio aligny="top">stretch</aspectratio>
                        <texture>$INFO[Window.Property(poster)]</texture>
                    </control>
                    <control type="image">
                        <top>5</top>
                        <left>80</left>
                        <height max="160">auto</height>
                        <width max="625">auto</width>
                        <align>center</align>
                        <aligny>center</aligny>
                        <aspectratio>keep</aspectratio>
                        <texture>$INFO[Window.Property(clearlogo)]</texture>
                        <visible>!String.IsEmpty(Window.Property(clearlogo))</visible>
                    </control>
                    <control type="label">
                        <top>70</top>
                        <left>20</left>
                        <width>750</width>
                        <height>20</height>
                        <aligny>bottom</aligny>
                        <align>center</align>
                        <font>font60</font>
                        <label>[B]$INFO[Window.Property(title)][/B]</label>
                        <visible>String.IsEmpty(Window.Property(clearlogo))</visible>
                    </control>
                    <control type="label">
                        <top>170</top>
                        <left>20</left>
                        <width>750</width>
                        <height>10</height>
                        <font>font12</font>
                        <textcolor>FFCCCCCC</textcolor>
                        <align>center</align>
                        <aligny>bottom</aligny>
                        <label>[B]$INFO[Window.Property(title2)][/B]</label>
                    </control>
                    <control type="label">
                        <top>420</top>
                        <left>0</left>
                        <width>1035</width>
                        <height>20</height>
                        <aligny>center</aligny>
                        <align>right</align>
                        <font>font12</font>
                        <label>[COLOR B3CCCCCC][B]Time: $INFO[System.Time(hh:mm:ss)][/B][/COLOR]</label>
                    </control>
                    <control type="textbox" id="2000">
                        <top>210</top>
                        <left>20</left>
                        <width>740</width>
                        <height>180</height>
                        <font>font12</font>
                        <align>center</align>
                        <textcolor>FFB7B4BB</textcolor>
                    </control>
                    <control type="group">
                        <visible>String.IsEqual(Window.Property(buttons),true)</visible>
                        <top>290</top>
                        <control type="button" id="10">
                            <description>True Button</description>
                            <left>35</left>
                            <width>340</width>
                            <height>100</height>
                            <onleft>11</onleft>
                            <onright>11</onright>
                            <label>[B]$INFO[Window.Property(true_button)][/B]</label>
                            <font>font12</font>
                            <textcolor>FFB7B4BB</textcolor>
                            <focusedcolor>FFFF0000</focusedcolor>
                            <texturefocus colordiffuse="FFCCCCCC">common/button-base.png</texturefocus>
                            <texturenofocus colordiffuse="FF302F2F">common/button-base.png</texturenofocus>
                            <align>center</align>
                        </control>
                        <control type="button" id="11">
                            <description>False Button</description>
                            <left>400</left>
                            <width>340</width>
                            <height>100</height>
                            <onleft>10</onleft>
                            <onright>10</onright>
                            <label>[B]$INFO[Window.Property(false_button)][/B]</label>
                            <font>font12</font>
                            <textcolor>FFB7B4BB</textcolor>
                            <focusedcolor>FFFF0000</focusedcolor>
                            <texturefocus colordiffuse="FFCCCCCC">common/button-base.png</texturefocus>
                            <texturenofocus colordiffuse="FF302F2F">common/button-base.png</texturenofocus>
                            <align>center</align>
                        </control>
                    </control>
                    <control type="progress" id="5000">
                        <description>Progressbar</description>
                        <top>395</top>
                        <left>0</left>
                        <width>1040</width>
                        <height>25</height>
                        <reveal>true</reveal>
                        <visible>!String.IsEqual(Window.Property(buttons),true)</visible>
                    </control>
                </control>
            </control>
        </control>
        <control type="group">
            <visible>String.IsEqual(Window.Property(enable_fullscreen),True)</visible>
            <control type="group">
                <control type="image">
                    <left>0</left>
                    <top>0</top>
                    <width>1920</width>
                    <height>1080</height>
                    <texture>common/black.png</texture>
                </control>
                <control type="image">
                    <texture>$INFO[Window.Property(fanart)]</texture>
                    <animation effect="fade" start="100" end="20">WindowOpen</animation>
                </control>
                <control type="image">
                    <animation effect="fade" start="0" end="100" time="200">WindowOpen</animation>
                    <left>5</left>
                    <top>5</top>
                    <width>75</width>
                    <height>75</height>
                    <aspectratio aligny="top">keep</aspectratio>
                    <texture>common/infinite.png</texture>
                </control>
                <control type="image">
                    <animation effect="fade" start="0" end="100" time="200">WindowOpen</animation>
                    <top>30</top>
                    <left>70</left>
                    <height>30</height>
                    <width>400</width>
                    <texture colordiffuse="B3CCCCCC">common/press_back_label.png</texture>
                </control>
                <control type="image">
                    <animation effect="fade" start="0" end="100" time="200">WindowOpen</animation>
                    <top>30</top>
                    <left>280</left>
                    <height>30</height>
                    <width>400</width>
                    <texture colordiffuse="B3CCCCCC">common/press_right_label.png</texture>
                    <visible>String.IsEqual(Window.Property(enable_resolver),true)</visible>
                </control>
                <control type="label">
                    <right>2</right>
                    <top>30</top>
                    <width max="250">auto</width>
                    <height>20</height>
                    <aligny>center</aligny>
                    <align>center</align>
                    <font>font12</font>
                    <textcolor>B3CCCCCC</textcolor>
                    <label>[B]Time: $INFO[System.Time(hh:mm:ss)][/B]</label>
                </control>
                <control type="label">
                    <right>2</right>
                    <top>55</top>
                    <width max="250">auto</width>
                    <height>20</height>
                    <font>font10</font>
                    <textcolor>B3CCCCCC</textcolor>
                    <align>center</align>
                    <aligny>center</aligny>
                    <label>$INFO[System.Date]</label>
                </control>
            </control>
            <control type="group">
                <control type="group">
                    <animation type="WindowOpen" reversible="false">
                        <effect type="fade" start="0" end="100" time="200" tween="sine" easing="in" />
                        <effect type="slide" start="0,-360" end="0" time="200" center="auto" tween="quadratic" easing="out" />
                    </animation>
                    <control type="image">
                        <top>70</top>
                        <left>395</left>
                        <height max="250">auto</height>
                        <width max="1130">auto</width>
                        <aspectratio>keep</aspectratio>
                        <align>center</align>
                        <aligny>bottom</aligny>
                        <texture background="true">$INFO[Window.Property(clearlogo)]</texture>
                        <visible>!String.IsEmpty(Window.Property(clearlogo))</visible>
                    </control>
                    <control type="label">
                        <top>200</top>
                        <width max="1920">auto</width>
                        <height>30</height>
                        <font>font60</font>
                        <textcolor>FFCCCCCC</textcolor>
                        <align>center</align>
                        <aligny>bottom</aligny>
                        <label>[B]$INFO[Window.Property(title)][/B]</label>
                        <visible>String.IsEmpty(Window.Property(clearlogo))</visible>
                    </control>
                    <control type="label">
                        <visible>!String.IsEqual(Window.Property(enable_resolver),true)</visible>
                        <top>325</top>
                        <width max="1920">auto</width>
                        <height>10</height>
                        <font>font14</font>
                        <textcolor>FFCCCCCC</textcolor>
                        <align>center</align>
                        <aligny>bottom</aligny>
                        <label>[B]$INFO[Window.Property(title2)][/B]</label>
                    </control>
                    <control type="label">
                        <visible>!String.IsEqual(Window.Property(enable_resolver),true)</visible>
                        <top>400</top>
                        <width max="1920">auto</width>
                        <height>20</height>
                        <align>center</align>
                        <aligny>top</aligny>
                        <font>font37</font>
                        <label>[COLOR FFE57373][B]$INFO[Window.Property(percent)][/B][/COLOR] % | [COLOR FFE57373][B]$INFO[Window.Property(results_time)][/B][/COLOR] Seconds.</label>
                    </control>
                </control>
            </control>
            <control type="group">
                <visible>!String.IsEqual(Window.Property(enable_resolver),true)</visible>
                <animation type="WindowOpen" reversible="false">
                    <effect type="fade" start="0" end="100" time="200" tween="sine" easing="in" />
                    <effect type="slide" start="0,550" end="0" time="200" center="auto" tween="quadratic" easing="out" />
                </animation>
                <top>410</top>
                <left>390</left>
                <control type="group">
                    <top>45</top>
                    <left>170</left>
                    <control type="group">
                        <control type="image">
                            <top>5</top>
                            <width>150</width>
                            <aspectratio aligny="top">keep</aspectratio>
                            <texture colordiffuse="FF7C7C7C">$INFO[Window.Property(flag_0)]</texture>
                        </control>
                        <control type="label">
                            <top>80</top>
                            <left>20</left>
                            <width>110</width>
                            <height>20</height>
                            <align>center</align>
                            <aligny>top</aligny>
                            <font>font37</font> <!-- FEN_38 -->
                            <label>[COLOR FFFFFFFF][B]$INFO[Window.Property(results_0)][/B][/COLOR]</label>
                        </control>
                    </control>
                    <control type="group">
                        <left>150</left>
                        <control type="image">
                            <top>5</top>
                            <width>150</width>
                            <aspectratio aligny="top">keep</aspectratio>
                            <texture colordiffuse="FF7C7C7C">$INFO[Window.Property(flag_1)]</texture>
                        </control>
                        <control type="label">
                            <top>80</top>
                            <left>20</left>
                            <width>110</width>
                            <height>20</height>
                            <align>center</align>
                            <aligny>top</aligny>
                            <font>font37</font> <!-- FEN_38 -->
                            <label>[COLOR FFFFFFFF][B]$INFO[Window.Property(results_1)][/B][/COLOR]</label>
                        </control>
                    </control>
                    <control type="group">
                        <left>300</left>
                        <control type="image">
                            <top>5</top>
                            <width>150</width>
                            <aspectratio aligny="top">keep</aspectratio>
                            <texture colordiffuse="FF7C7C7C">$INFO[Window.Property(flag_2)]</texture>
                        </control>
                        <control type="label">
                            <top>80</top>
                            <left>20</left>
                            <width>110</width>
                            <height>20</height>
                            <align>center</align>
                            <aligny>top</aligny>
                            <font>font37</font> <!-- FEN_38 -->
                            <label>[COLOR FFFFFFFF][B]$INFO[Window.Property(results_2)][/B][/COLOR]</label>
                        </control>
                    </control>
                    <control type="group">
                        <left>450</left>
                        <control type="image">
                            <top>5</top>
                            <width>150</width>
                            <aspectratio aligny="top">keep</aspectratio>
                            <texture colordiffuse="FF7C7C7C">$INFO[Window.Property(flag_3)]</texture>
                        </control>
                        <control type="label">
                            <top>80</top>
                            <left>20</left>
                            <width>110</width>
                            <height>20</height>
                            <align>center</align>
                            <aligny>top</aligny>
                            <font>font37</font> <!-- FEN_38 -->
                            <label>[COLOR FFFFFFFF][B]$INFO[Window.Property(results_3)][/B][/COLOR]</label>
                        </control>
                    </control>
                    <control type="group">
                        <left>600</left>
                        <control type="image">
                            <top>5</top>
                            <width>150</width>
                            <aspectratio aligny="top">keep</aspectratio>
                            <texture colordiffuse="FF7C7C7C">$INFO[Window.Property(flag_total)]</texture>
                        </control>
                        <control type="label">
                            <top>80</top>
                            <left>20</left>
                            <width>110</width>
                            <height>20</height>
                            <align>center</align>
                            <aligny>top</aligny>
                            <font>font37</font> <!-- FEN_38 -->
                            <label>[COLOR FFFFFFFF][B]$INFO[Window.Property(results_total)][/B][/COLOR]</label>
                        </control>
                    </control>
                </control>
                <control type="group">
                    <visible>String.IsEqual(Window.Property(show_remaining),true)</visible>
                    <top>220</top>
                    <left>20</left>
                    <control type="group">
                        <top>12</top>
                        <control type="group">
                            <control type="image">
                                <left>400</left>
                                <width>20</width>
                                <height>20</height>
                                <texture>common/white_elipse.png</texture>
                                <visible>Integer.IsGreaterOrEqual(Window().Property(percent),10)</visible>
                                <colordiffuse>FFFFEBEE</colordiffuse>
                            </control>
                            <control type="image">
                                <left>370</left>
                                <width>20</width>
                                <height>20</height>
                                <texture>common/white_elipse.png</texture>
                                <visible>Integer.IsGreaterOrEqual(Window().Property(percent),20)</visible>
                                <colordiffuse>FFFFCDD2</colordiffuse>
                            </control>
                            <control type="image">
                                <left>340</left>
                                <width>20</width>
                                <height>20</height>
                                <texture>common/white_elipse.png</texture>
                                <visible>Integer.IsGreaterOrEqual(Window().Property(percent),30)</visible>
                                <colordiffuse>FFEF9A9A</colordiffuse>
                            </control>
                            <control type="image">
                                <left>310</left>
                                <width>20</width>
                                <height>20</height>
                                <texture>common/white_elipse.png</texture>
                                <visible>Integer.IsGreaterOrEqual(Window().Property(percent),40)</visible>
                                <colordiffuse>FFE57373</colordiffuse>
                            </control>
                            <control type="image">
                                <left>280</left>
                                <width>20</width>
                                <height>20</height>
                                <texture>common/white_elipse.png</texture>
                                <visible>Integer.IsGreaterOrEqual(Window().Property(percent),50)</visible>
                                <colordiffuse>FFEF5350</colordiffuse>
                            </control>
                            <control type="image">
                                <left>250</left>
                                <width>20</width>
                                <height>20</height>
                                <texture>common/white_elipse.png</texture>
                                <visible>Integer.IsGreaterOrEqual(Window().Property(percent),60)</visible>
                                <colordiffuse>FFF44336</colordiffuse>
                            </control>
                            <control type="image">
                                <left>220</left>
                                <width>20</width>
                                <height>20</height>
                                <texture>common/white_elipse.png</texture>
                                <visible>Integer.IsGreaterOrEqual(Window().Property(percent),70)</visible>
                                <colordiffuse>FFE53935</colordiffuse>
                            </control>
                            <control type="image">
                                <left>190</left>
                                <width>20</width>
                                <height>20</height>
                                <texture>common/white_elipse.png</texture>
                                <visible>Integer.IsGreaterOrEqual(Window().Property(percent),80)</visible>
                                <colordiffuse>FFD32F2F</colordiffuse>
                            </control>
                            <control type="image">
                                <left>160</left>
                                <width>20</width>
                                <height>20</height>
                                <texture>common/white_elipse.png</texture>
                                <visible>Integer.IsGreaterOrEqual(Window().Property(percent),90)</visible>
                                <colordiffuse>FFC62828</colordiffuse>
                            </control>
                            <control type="image">
                                <left>130</left>
                                <width>20</width>
                                <height>20</height>
                                <texture>common/white_elipse.png</texture>
                                <visible>Integer.IsGreaterOrEqual(Window().Property(percent),99)</visible>
                                <colordiffuse>FFB71C1C</colordiffuse>
                            </control>
                        </control>
                        <control type="group">
                            <control type="image">
                                <left>670</left>
                                <width>20</width>
                                <height>20</height>
                                <texture>common/white_elipse.png</texture>
                                <visible>Integer.IsGreaterOrEqual(Window().Property(percent),10)</visible>
                                <colordiffuse>FFFFEBEE</colordiffuse>
                            </control>
                            <control type="image">
                                <left>700</left>
                                <width>20</width>
                                <height>20</height>
                                <texture>common/white_elipse.png</texture>
                                <visible>Integer.IsGreaterOrEqual(Window().Property(percent),20)</visible>
                                <colordiffuse>FFFFCDD2</colordiffuse>
                            </control>
                            <control type="image">
                                <left>730</left>
                                <width>20</width>
                                <height>20</height>
                                <texture>common/white_elipse.png</texture>
                                <visible>Integer.IsGreaterOrEqual(Window().Property(percent),30)</visible>
                                <colordiffuse>FFEF9A9A</colordiffuse>
                            </control>
                            <control type="image">
                                <left>760</left>
                                <width>20</width>
                                <height>20</height>
                                <texture>common/white_elipse.png</texture>
                                <visible>Integer.IsGreaterOrEqual(Window().Property(percent),40)</visible>
                                <colordiffuse>FFE57373</colordiffuse>
                            </control>
                            <control type="image">
                                <left>790</left>
                                <width>20</width>
                                <height>20</height>
                                <texture>common/white_elipse.png</texture>
                                <visible>Integer.IsGreaterOrEqual(Window().Property(percent),50)</visible>
                                <colordiffuse>FFEF5350</colordiffuse>
                            </control>
                            <control type="image">
                                <left>820</left>
                                <width>20</width>
                                <height>20</height>
                                <texture>common/white_elipse.png</texture>
                                <visible>Integer.IsGreaterOrEqual(Window().Property(percent),60)</visible>
                                <colordiffuse>FFF44336</colordiffuse>
                            </control>
                            <control type="image">
                                <left>850</left>
                                <width>20</width>
                                <height>20</height>
                                <texture>common/white_elipse.png</texture>
                                <visible>Integer.IsGreaterOrEqual(Window().Property(percent),70)</visible>
                                <colordiffuse>FFE53935</colordiffuse>
                            </control>
                            <control type="image">
                                <left>880</left>
                                <width>20</width>
                                <height>20</height>
                                <texture>common/white_elipse.png</texture>
                                <visible>Integer.IsGreaterOrEqual(Window().Property(percent),80)</visible>
                                <colordiffuse>FFD32F2F</colordiffuse>
                            </control>
                            <control type="image">
                                <left>910</left>
                                <width>20</width>
                                <height>20</height>
                                <texture>common/white_elipse.png</texture>
                                <visible>Integer.IsGreaterOrEqual(Window().Property(percent),90)</visible>
                                <colordiffuse>FFC62828</colordiffuse>
                            </control>
                            <control type="image">
                                <left>940</left>
                                <width>20</width>
                                <height>20</height>
                                <texture>common/white_elipse.png</texture>
                                <visible>Integer.IsGreaterOrEqual(Window().Property(percent),99)</visible>
                                <colordiffuse>FFB71C1C</colordiffuse>
                            </control>
                        </control>
                    </control>
                    <control type="image">
                        <top>-53</top>
                        <left>395</left>
                        <width>300</width>
                        <height>150</height>
                        <texture colordiffuse="FF7C7C7C">$INFO[Window.Property(flag_remaining)]</texture>
                    </control>
                    <control type="textbox" id="2001">
                        <top>60</top>
                        <left>170</left>
                        <width>750</width>
                        <height>210</height>
                        <font>font13</font> <!-- FEN_30 -->
                        <textcolor>FFFFFFFF</textcolor>
                        <align>center</align>
                    </control>
                </control>
            </control>
            <control type="group">
                <visible>String.IsEqual(Window.Property(enable_resolver),true)</visible>
                <control type="group">
                    <top>470</top>
                    <left>405</left>
                    <control type="image">
                        <left>505</left>
                        <top>0</top>
                        <width max="100">auto</width>
                        <height max="100">auto</height>
                        <texture flipx="false" colordiffuse="FFE55E35">common/spinners/spin1.png</texture>
                        <animation effect="fade" time="320" delay="400">Visible</animation>
                        <!-- for spin.png <animation effect="rotate" start="360" end="0" center="auto" time="1200" loop="true" reversible="false" condition="true">Conditional</animation> -->
                        <animation effect="rotatey" start="360" end="0" center="auto" time="1200" loop="true" reversible="false" condition="true">Conditional</animation>
                        <animation effect="fade" start="30" time="1200" condition="true" pulse="true">Conditional</animation>
                    </control>
                    <control type="textbox">
                        <left>145</left>
                        <top>100</top>
                        <width>820</width>
                        <height>368</height>
                        <font>font12</font>
                        <align>center</align>
                        <textcolor>FFB7B4BB</textcolor>
                        <label>$INFO[Window.Property(text)]</label>
                    </control>
                </control>
                <control type="textbox" id="2002">
                    <left>20</left>
                    <top>970</top>
                    <width>1880</width>
                    <height>75</height>
                    <font>font12</font>
                    <align>center</align>
                    <textcolor>FFB7B4BB</textcolor>
                </control>
            </control>
        </control>
    </controls>
</window>
