<?xml version="1.0" encoding="UTF-8"?>
<window>
    <onload>Dialog.Close(fullscreeninfo,true)</onload>
    <onload>Dialog.Close(videoosd,true)</onload>
    <animation type="WindowOpen" reversible="false">
        <effect type="fade" start="0" end="100" time="400" />
        <effect type="slide" start="0,-161" end="0,0" time="400" />
    </animation>
    <controls>
        <!-- <control type="image">
            <width>$INFO[System.ScreenWidth]</width>
            <height>$INFO[System.ScreenHeight]</height>
            <texture>common/debuggrid1080.png</texture>
            <colordiffuse>88ffffff</colordiffuse>
            <visible>True</visible>
        </control> -->
        <control type="group">
            <left>1350</left>
            <control type="image">
                <height>240</height>
                <width>570</width>
                <texture colordiffuse="FF000000">common/white.png</texture>
            </control>
            <control type="image">
                <left>5</left>
                <top>5</top>
                <height>235</height>
                <width>162</width>
                <aspectratio aligny="top">stretch</aspectratio>
                <texture>$INFO[Window.Property(poster)]</texture>
                <animation effect="fade" start="100" end="75" time="0" tween="sine">WindowOpen</animation>
            </control>
            <control type="group">
                <left>162</left>
                <control type="image">
                    <top>5</top>
                    <left>10</left>
                    <height>235</height>
                    <width>408</width>
                    <aspectratio aligny="top">stretch</aspectratio>
                    <texture>$INFO[Window.Property(fanart)]</texture>
                    <animation effect="fade" start="100" end="30" time="0" tween="sine">WindowOpen</animation>
                </control>
                <control type="image">
                    <right>5</right>
                    <top>5</top>
                    <width>45</width>
                    <height>45</height>
                    <aspectratio aligny="top">keep</aspectratio>
                    <texture colordiffuse="BFCCCCCC">common/infinite.png</texture>
                </control>
                <!-- Next Episode -->
                <control type="group">
                    <control type="label">
                        <visible>String.IsEqual(Window.Property(play_type),autoplay_nextep)</visible>
                        <top>65</top>
                        <left>10</left>
                        <width>388</width>
                        <height>12</height>
                        <aligny>center</aligny>
                        <align>center</align>
                        <font>font12</font>
                        <textcolor>FFB7B4BB</textcolor>
                        <shadowcolor>FF000000</shadowcolor>
                        <label>[B]Time: $INFO[System.Time(hh:mm:ss)][/B]</label>
                    </control>
                    <control type="label">
                        <!-- <visible>String.IsEqual(Window.Property(play_type),autoscrape_nextep)</visible> -->
                        <top>20</top>
                        <left>10</left>
                        <width>388</width>
                        <height>20</height>
                        <aligny>center</aligny>
                        <align>center</align>
                        <font>font13</font>
                        <textcolor>FFB7B4BB</textcolor>
                        <label>[B]$ADDON[plugin.video.infinite 32811]... $INFO[Player.TimeRemaining()][/B]</label>
                    </control>
                    <control type="textbox">
                        <top>80</top>
                        <left>10</left>
                        <width>388</width>
                        <height>95</height>
                        <font>font12</font>
                        <align>center</align>
                        <aligny>center</aligny>
                        <textcolor>FFB7B4BB</textcolor>
                        <label>[B]$INFO[Window.Property(next_ep_title)] - $INFO[Window.Property(next_ep_season)]x$INFO[Window.Property(next_ep_episode)][/B] [CR]$INFO[Window.Property(next_ep_ep_name)]</label>
                        <autoscroll>true</autoscroll>
                    </control>
                    <control type="grouplist">
                        <visible>String.IsEqual(Window.Property(play_type),autoplay_nextep)</visible>
                        <left>15</left>
                        <top>185</top>
                        <width>530</width>
                        <height>150</height>
                        <orientation>horizontal</orientation>
                        <itemgap>15</itemgap>
                        <usecontrolcoords>true</usecontrolcoords>
                        <control type="button" id="10">
                            <description>Close</description>
                            <animation effect="zoom" start="100" end="102" time="50" tween="sine" easing="inout" center="auto">Focus</animation>
                            <animation effect="zoom" start="102" end="100" time="50" tween="sine" easing="inout" center="auto">Unfocus</animation>
                            <width>120</width>
                            <height>60</height>
                            <onleft>12</onleft>
                            <onright>11</onright>
                            <label>$ADDON[plugin.video.infinite 32614]</label>
                            <font>font12</font>
                            <textcolor>FFB7B4BB</textcolor>
                            <focusedcolor>FFFF0000</focusedcolor>
                            <texturefocus colordiffuse="FFB7B4BB">common/button-base.png</texturefocus>
                            <texturenofocus colordiffuse="FF4a4347">common/button-base.png</texturenofocus>
                            <align>center</align>
                        </control>
                        <control type="button" id="11">
                            <description>Play</description>
                            <animation effect="zoom" start="100" end="102" time="50" tween="sine" easing="inout" center="auto">Focus</animation>
                            <animation effect="zoom" start="102" end="100" time="50" tween="sine" easing="inout" center="auto">Unfocus</animation>
                            <width>120</width>
                            <height>60</height>
                            <onleft>10</onleft>
                            <onright>12</onright>
                            <label>$ADDON[plugin.video.infinite 32764]</label>
                            <font>font12</font>
                            <textcolor>FFB7B4BB</textcolor>
                            <focusedcolor>FFFF0000</focusedcolor>
                            <texturefocus colordiffuse="FFB7B4BB">common/button-base.png</texturefocus>
                            <texturenofocus colordiffuse="FF4a4347">common/button-base.png</texturenofocus>
                            <align>center</align>
                        </control>
                        <control type="button" id="12">
                            <description>Cancel</description>
                            <animation effect="zoom" start="100" end="102" time="50" tween="sine" easing="inout" center="auto">Focus</animation>
                            <animation effect="zoom" start="102" end="100" time="50" tween="sine" easing="inout" center="auto">Unfocus</animation>
                            <width>120</width>
                            <height>60</height>
                            <onleft>11</onleft>
                            <onright>10</onright>
                            <label>$ADDON[plugin.video.infinite 32840]</label>
                            <font>font12</font>
                            <textcolor>FFB7B4BB</textcolor>
                            <focusedcolor>FFFF0000</focusedcolor>
                            <texturefocus colordiffuse="FFB7B4BB">common/button-base.png</texturefocus>
                            <texturenofocus colordiffuse="FF4a4347">common/button-base.png</texturenofocus>
                            <align>center</align>
                        </control>
                    </control>
                    <control type="grouplist">
                        <visible>String.IsEqual(Window.Property(play_type),autoscrape_nextep)</visible>
                        <left>15</left>
                        <top>185</top>
                        <width>530</width>
                        <height>150</height>
                        <orientation>horizontal</orientation>
                        <itemgap>20</itemgap>
                        <usecontrolcoords>true</usecontrolcoords>
                        <control type="button" id="10">
                            <description>Play</description>
                            <animation effect="zoom" start="100" end="102" time="50" tween="sine" easing="inout" center="auto">Focus</animation>
                            <animation effect="zoom" start="102" end="100" time="50" tween="sine" easing="inout" center="auto">Unfocus</animation>
                            <width>120</width>
                            <height>60</height>
                            <onleft>12</onleft>
                            <onright>11</onright>
                            <label>$ADDON[plugin.video.infinite 33090]</label>
                            <font>font12</font>
                            <textcolor>FFB7B4BB</textcolor>
                            <focusedcolor>FFFF0000</focusedcolor>
                            <texturefocus colordiffuse="FFB7B4BB">common/button-base.png</texturefocus>
                            <texturenofocus colordiffuse="FF4a4347">common/button-base.png</texturenofocus>
                            <align>center</align>
                        </control>
                        <control type="button" id="11">
                            <description>Close</description>
                            <animation effect="zoom" start="100" end="102" time="50" tween="sine" easing="inout" center="auto">Focus</animation>
                            <animation effect="zoom" start="102" end="100" time="50" tween="sine" easing="inout" center="auto">Unfocus</animation>
                            <width>120</width>
                            <height>60</height>
                            <onleft>10</onleft>
                            <onright>12</onright>
                            <label>$ADDON[plugin.video.infinite 32824]</label>
                            <font>font12</font>
                            <textcolor>FFB7B4BB</textcolor>
                            <focusedcolor>FFFF0000</focusedcolor>
                            <texturefocus colordiffuse="FFB7B4BB">common/button-base.png</texturefocus>
                            <texturenofocus colordiffuse="FF4a4347">common/button-base.png</texturenofocus>
                            <align>center</align>
                        </control>
                        <control type="button" id="12">
                            <description>Cancel</description>
                            <animation effect="zoom" start="100" end="102" time="50" tween="sine" easing="inout" center="auto">Focus</animation>
                            <animation effect="zoom" start="102" end="100" time="50" tween="sine" easing="inout" center="auto">Unfocus</animation>
                            <width>120</width>
                            <height>60</height>
                            <onleft>11</onleft>
                            <onright>10</onright>
                            <label>$ADDON[plugin.video.infinite 32828]</label>
                            <font>font12</font>
                            <textcolor>FFB7B4BB</textcolor>
                            <focusedcolor>FFFF0000</focusedcolor>
                            <texturefocus colordiffuse="FFB7B4BB">common/button-base.png</texturefocus>
                            <texturenofocus colordiffuse="FF4a4347">common/button-base.png</texturenofocus>
                            <align>center</align>
                        </control>
                    </control>
                </control>
            </control>
            <control type="progress" id="5000">
                <description>Progressbar</description>
                <top>236</top>
                <left>0</left>
                <width>565</width>
                <height>17</height>
                <reveal>true</reveal>
            </control>
        </control>
    </controls>
</window>
