<?xml version="1.0" encoding="UTF-8"?>
<window>
    <controls>
        <control type="image">
            <width>1920</width>
            <height>1080</height>
            <texture>common/black.png</texture>
        </control>
        <control type="videowindow">
            <width>1920</width>
            <height>1080</height>
        </control>
        <control type="group">
            <left>20</left>
            <top>20</top>
            <control type="image">
                <width>60</width>
                <height>60</height>
                <aspectratio aligny="top">keep</aspectratio>
                <texture colordiffuse="B3CCCCCC">common/infinite.png</texture>
            </control>
            <control type="image">
                <top>15</top>
                <left>70</left>
                <height>25</height>
                <width>400</width>
                <texture colordiffuse="B3CCCCCC">common/press_back_label.png</texture>
            </control>
        </control>
        <control type="progress" id="5000">
            <description>Progressbar</description>
            <top>1040</top>
            <left>50</left>
            <width>1820</width>
            <height>20</height>
            <info>Player.Progress</info>
        </control>
    </controls>
</window>