<?xml version="1.0" encoding="UTF-8"?>
<window>
	<defaultcontrol>61</defaultcontrol>
	<controls>
		<!-- <control type="image">
			<width>$INFO[System.ScreenWidth]</width>
			<height>$INFO[System.ScreenHeight]</height>
			<texture>debuggrid1080.png</texture>
			<colordiffuse>88ffffff</colordiffuse>
			<visible>True</visible>
		</control> -->
		<control type="group">
			<depth>DepthDialog-</depth>
			<animation effect="slide" start="1100,0" end="0,0" time="300" tween="quadratic" easing="out">WindowOpen</animation>
			<animation effect="slide" start="0,0" end="1100,0" time="300" tween="quadratic" easing="out">WindowClose</animation>
			<control type="image">
				<left>700</left>
				<top>200</top>
				<width>600</width>
				<height>720</height>
				<texture border="15,0,0,0" flipx="true">bg-fade.png</texture>
			</control>
			<control type="button">
				<description>Close Window button</description>
				<left>1250</left>
				<top>200</top>
				<width>64</width>
				<height>32</height>
				<!-- <label>-</label> -->
				<!-- <font>-</font> -->
				<onclick>PreviousMenu</onclick>
				<texturefocus>close-fo.png</texturefocus>
				<texturenofocus>close-nofo.png</texturenofocus>
				<onleft>61</onleft>
				<onright>61</onright>
				<onup>61</onup>
				<ondown>61</ondown>
				<visible>system.getbool(input.enablemouse)</visible>
			</control>
			<control type="group">
				<animation effect="fade" delay="300" start="0" end="100" time="150">WindowOpen</animation>
				<animation effect="fade" start="100" end="0" time="150">WindowClose</animation>
				<!-- Heading -->
				<control type="label">
					<label>$INFO[Window(10147).Property(HeadingLabel)]</label>
					<description>header label</description>
					<left>700</left>
					<top>230</top>
					<width>600</width>
					<height>30</height>
					<font>font24_title</font>
					<align>center</align>
					<aligny>center</aligny>
					<textcolor>white</textcolor>
					<shadowcolor>black</shadowcolor>
				</control>
				<control type="label">
                    <top>290</top>
                    <left>700</left>
                    <width>600</width>
                    <height>15</height>
                    <aligny>center</aligny>
                    <align>center</align>
                    <font>font11</font>
                    <textcolor>FFB7B4BB</textcolor>
                    <shadowcolor>FF000000</shadowcolor>
                    <label>[B]Time: $INFO[System.Time(hh:mm:ss)][/B]</label>
                </control>
				<!-- Map Image -->
				<!-- <control type="image">
					<description>feed image</description>
					<left>330</left>
					<top>260</top>
					<width>450</width>
					<height>390</height>
					<bordertexture border="5">testbuttonfo.png</bordertexture>
					<bordersize>4</bordersize>
					<texture border="15,0,0,0">$INFO[Window(10147).Property(MapImage)]</texture>
					<include>VisibleFadeEffect</include>
					<aspectratio aligny="center" align="center" scalediffuse="false">scale</aspectratio>
				</control> -->
			</control>
			<control type="grouplist">
				<left>750</left>
				<top>50</top>
				<!-- <posx>10</posx>
				<posy>200</posy> -->
				<width>550</width>
				<align>center</align>
				<itemgap>15</itemgap>
				<orientation>vertical</orientation>
				<!-- <width min="50" max="250">auto</width> -->
				<!-- IP Info -->
				<!-- City -->
				<control type="label">
					<label>City          : [COLOR red]$INFO[Window(10147).Property(City)][/COLOR]</label>
					<height>30</height>
					<font>font13</font>
					<align>justify</align>
					<aligny>center</aligny>
					<textcolor>blue</textcolor>
					<selectedcolor>selected</selectedcolor>
				</control>
				<!-- State -->
				<control type="label">
					<label>State         : [COLOR red]$INFO[Window(10147).Property(State)][/COLOR]</label>
					<height>30</height>
					<font>font13</font>
					<align>justify</align>
					<aligny>center</aligny>
					<textcolor>blue</textcolor>
					<selectedcolor>selected</selectedcolor>
				</control>
				<!-- Country -->
				<control type="label">
					<label>Country       : [COLOR red]$INFO[Window(10147).Property(Country)][/COLOR]</label>
					<height>30</height>
					<font>font13</font>
					<align>justify</align>
					<aligny>center</aligny>
					<textcolor>blue</textcolor>
					<selectedcolor>selected</selectedcolor>
				</control>
				<!-- ISP -->
				<control type="label">
					<label>ISP           : [COLOR red]$INFO[Window(10147).Property(ISP)][/COLOR]</label>
					<height>30</height>
					<font>font13</font>
					<align>left</align>
					<aligny>center</aligny>
					<textcolor>blue</textcolor>
					<selectedcolor>selected</selectedcolor>
				</control>
				<!-- Mac Type -->
				<control type="label">
					<label>Mac           : [COLOR red]$INFO[Window(10147).Property(Mac)][/COLOR]</label>
					<height>30</height>
					<font>font13</font>
					<align>left</align>
					<aligny>center</aligny>
					<textcolor>blue</textcolor>
					<selectedcolor>selected</selectedcolor>
				</control>
				<!-- Internal IP -->
				<control type="label">
					<label>Internal IP   : [COLOR red]$INFO[Window(10147).Property(Internal IP)][/COLOR]</label>
					<height>30</height>
					<font>font13</font>
					<align>left</align>
					<aligny>center</aligny>
					<textcolor>blue</textcolor>
					<selectedcolor>selected</selectedcolor>
				</control>
				<!-- External IP -->
				<control type="label">
					<label>External IP   : [COLOR red]$INFO[Window(10147).Property(External IP)][/COLOR]</label>
					<height>30</height>
					<font>font13</font>
					<align>left</align>
					<aligny>center</aligny>
					<textcolor>blue</textcolor>
					<selectedcolor>selected</selectedcolor>
				</control>
				<!-- GatewayAddress -->
				<control type="label">
					<label>GatewayAddress: [COLOR red]$INFO[Window(10147).Property(GatewayAddress)][/COLOR]</label>
					<height>30</height>
					<font>font13</font>
					<align>left</align>
					<aligny>center</aligny>
					<textcolor>blue</textcolor>
					<selectedcolor>selected</selectedcolor>
				</control>
				<!-- LinkState -->
				<control type="label">
					<label>LinkState     : [COLOR red]$INFO[Window(10147).Property(LinkState)][/COLOR]</label>
					<height>30</height>
					<font>font13</font>
					<align>left</align>
					<aligny>center</aligny>
					<textcolor>blue</textcolor>
					<selectedcolor>selected</selectedcolor>
				</control>
			</control>
			<!-- Seperator -->
			<!-- <control type="image">
				<description>seperator</description>
				<left>330</left>
				<top>510</top>
				<width>1030</width>
				<height>4</height>
				<aspectratio>stretch</aspectratio>
				<!-- <texture>MenuItemFO.png</texture> -->
				<!-- <texture border="20" colordiffuse="B3161618">gradient-diffuse-horizontal.png</texture> -->
				<!-- <texture border="20" colordiffuse="c2444618">gradient-diffuse-horizontal.png</texture>
			</control> -->
			<!-- <control type="group">
				<animation effect="fade" delay="300" start="0" end="100" time="150">WindowOpen</animation>
				<animation effect="fade" start="100" end="0" time="150">WindowClose</animation>
				<left>330</left>
				<top>515</top>
				<width>1100</width>
				<control type="textbox">
					<description>description textarea</description>
					<label>$INFO[Window(10147).Property(Description)]</label>
					<description>description</description>
					<left>0</left>
					<top>0</top>
					<width>1015</width>
					<height>200</height>
					<label>-</label>
					<font>font13</font>
					<align>justify</align>
					<textcolor>white</textcolor>
					<shadowcolor>black</shadowcolor>
					<pagecontrol>61</pagecontrol>
				</control>
				<control type="scrollbar" id="61">
					<left>1030</left>
					<top>0</top>
					<width>25</width>
					<subtype>text</subtype>
					<visible>true</visible>
					<!-- <height>210</height> -->
					<!-- <height min="50" max="150">auto</height>
					<texturesliderbackground border="0,14,0,14">scrollbar-V-background.png</texturesliderbackground>
					<texturesliderbar border="0,14,0,14">scrollbar-V.png</texturesliderbar>
					<texturesliderbarfocus border="0,14,0,14">scrollbar-V-focus.png</texturesliderbarfocus>
					<!-- <textureslidernib>ScrollBarNib.png</textureslidernib>
					<textureslidernibfocus>ScrollBarNib.png</textureslidernibfocus> -->
					<!-- <onleft>61</onleft>
					<onright>61</onright>
					<ondown>61</ondown>
					<onup>61</onup>
					<showonepage>true</showonepage>
					<orientation>vertical</orientation>
				</control>
			</control> -->
			<!-- <control type="group">
				<depth>DepthDialog-</depth>
				<include>Clock</include>
			</control> -->
		</control>
	</controls>
</window>
