<addon id="plugin.video.infinity" name="Infinity" provider-name="Infinity" version="6.5.75">
	<requires>
		<import addon="xbmc.python" version="3.0.0" />
		<import addon="context.infinity" />
		<import addon="script.module.myaccounts" />
		<import addon="script.module.openscrapers" />
		<import addon="script.module.requests" />
		<import addon="script.module.beautifulsoup4" />
		<import addon="script.module.metahandler" optional="true" />
		<import addon="plugin.video.youtube" optional="true" />
		<import addon="script.module.resolveurl"/>
	</requires>
	<extension point="xbmc.python.pluginsource" library="umbrella.py">
		<provides>video</provides>
	</extension>
	<extension point="xbmc.service" library="service.py" start="startup" />
	<extension point="xbmc.python.module" library="resources/lib/" />
	<extension point="xbmc.addon.metadata">
		<reuselanguageinvoker>true</reuselanguageinvoker>
		<summary lang="en">Infinity We do not host any of the contents streamed</summary>
		<description lang="en">[B]Infinity[/B][CR] This addon does not form part of the Kodi Media Centre. Please do not seek assistance with this addon from any of the Official Kodi Support Channels.[CR]The author does not host any of the content in this addon and takes no responsibility for content found</description>
		<platform>all</platform>
		<license>GNU GENERAL PUBLIC LICENSE. Version 3, 29 June 2007</license>
		<forum />
		<website></website>
		<source></source>
		<disclaimer lang="en">The author of this addon do not host any of the content which is found and have no affiliation with any of the content providers. This addon simply searches websites for content. Use at your own risk!</disclaimer>
		<assets>
			<icon>icon.png</icon>
			<fanart>fanart.png</fanart>
		</assets>
		<news>
[B][COLOR black]Update - v6.5.69 - August 26, 2022[/COLOR][/B]
--[I] Nice[I]
--[I] Settings format adjusted for latest kodi requirements.[I]
		</news>
	</extension>
</addon>