<addon id="plugin.video.infinity" name="Infinity" provider-name="Infinity" version="6.5.87">
	<requires>
		<import addon="xbmc.python" version="3.0.0" />
		<import addon="context.infinity" />
		<import addon="script.module.myaccounts" />
		<import addon="script.module.openscrapers" />
		<import addon="script.module.requests" />
		<import addon="script.module.beautifulsoup4" />
		<import addon="script.module.metahandler" optional="true" />
		<import addon="plugin.video.youtube" optional="true" />
		<import addon="script.module.resolveurl"/>
	</requires>
	<extension point="xbmc.python.pluginsource" library="umbrella.py">
		<provides>video</provides>
	</extension>
	<extension point="xbmc.service" library="service.py" start="startup" />
	<extension point="xbmc.python.module" library="resources/lib/" />
	<extension point="xbmc.addon.metadata">
		<reuselanguageinvoker>true</reuselanguageinvoker>
		<summary lang="en">Infinity We do not host any of the contents streamed</summary>
		<description lang="en">[B]Infinity[/B][CR] This addon does not form part of the Kodi Media Centre. Please do not seek assistance with this addon from any of the Official Kodi Support Channels.[CR]The author does not host any of the content in this addon and takes no responsibility for content found. We do not know anything about a lab under Raccoon City.</description>
		<platform>all</platform>
		<license>GNU GENERAL PUBLIC LICENSE. Version 3, 29 June 2007</license>
		<forum />
		<website></website>
		<source></source>
		<disclaimer lang="en">The author of this addon does not host any of the content which is found and have no affiliation with any of the content providers. This addon simply searches websites for content. Use at your own risk!</disclaimer>
		<assets>
			<icon>icon.png</icon>
			<fanart>fanart.png</fanart>
		</assets>
		<news>
[B][COLOR black]Update - v6.5.96-99 - Dec 23rd, 2022[/COLOR][/B]
--[ENHANCEMENT][I] 17 to 35 color selections! "Buddy the Elf, What's your favorite color?"[I]
--[ENHANCEMENT][I] Playnext changed to allow for percentage or time or last subtitle time.[I]
--[ENHANCEMENT][I] Playnext changed to allow themes to be used without skins.[I]
--[ENHANCEMENT][I] Added color options for providers in source selection.[I]
--[ENHANCEMENT][I] Adjusted Quality Icons[I]
--[ENHANCEMENT][I] Added plain icons to go with colors for quality on sources, can be turned off in settings.[I]
--[ENHANCEMENT][I] Changed source selection to use artwork for background.[I]
--[ENHANCEMENT][I] Added developer option to use player with url only for resolver.[I]
--[ENHANCEMENT][I] Added trending from tmdb for day and week for both movies and tv.[I]
--[ENHANCEMENT][I] Full-Screen Scrape and Resolve[I]
--[ENHANCEMENT][I] Icon-Only Scrape and Resolve[I]
--[ENHANCEMENT][I] Changed progress to Umbrella Icon.[I]
--[ENHANCEMENT][I] Adjusted Uncached Sources view and AH2 Playnext[I]
--[ENHANCEMENT][I] Added Watched Percentage Marking Option in setting Playback.[I]
--[ENHANCEMENT][I] Added ability to hide or show fanart as background on source select and scraping screens.[I]
--[ENHANCEMENT][I] Added ability to only try 1 link on source selection.[I]
--[ENHANCEMENT][I] Simkl Authentication added. More Coming.[I]
--[ENHANCEMENT][I] Adjusted transparency on background art not being correct. Thanks Peter![I]
--[FIX][I] Removed test version detection to stop accidentally deleting trakt and settings.[I]
--[FIX][I] Adding missing still watching file in for ah2 style playnext.[/I]
--[FIX][I] Changed playnext subtitle check to check if already downloaded.[/I]
--[FIX][I] Added enable/ disable for EasyNews.[I]
--[FIX][I] Changed logging when set to kodi log to use higher level so debug logs show without enabling Kodi debug.[I]
--[FIX][I] Info logging changed to debug.[I]
--[FIX][I] Fixed error (blank settings) caused when checking settings for changes.[/I]
--[FIX][I] Added setting for providers Trakt and TMDB for searches.[/I]
--[FIX][I] Added widget refreshes to Trakt Scrobbles.[/I]
--[FIX][I] Fixed a typo in TV Show Collection import from Trakt.[/I]
--[FIX][I] Adjusted for issue with full-screen scrape and using library files.[/I]
		</news>
	</extension>
</addon>