<?xml version="1.0" encoding="UTF-8"?>
<window>
    <controls>
        <control type="videowindow">
            <width>1920</width>
            <height>1080</height>
        </control>
        <control type="group">
            <visible>Player.HasVideo</visible>
            <left>20</left>
            <top>20</top>
            <control type="image">
                <width>80</width>
                <height>80</height>
                <aspectratio aligny="top">keep</aspectratio>
                <texture colordiffuse="B3CCCCCC">common/infinite.png</texture>
            </control>
            <control type="label">
                <left>80</left>
                <top>25</top>
                <width max="1160">auto</width>
                <height>20</height>
                <font>font12</font>
                <label>[COLOR B3CCCCCC][B]$ADDON[plugin.video.infinite 33138][/B][/COLOR]</label>
            </control>
            <control type="label">
                <right>2</right>
                <top>30</top>
                <width max="250">auto</width>
                <height>20</height>
                <aligny>center</aligny>
                <align>center</align>
                <font>font12</font>
                <textcolor>B3CCCCCC</textcolor>
                <label>[B]Time: $INFO[System.Time(hh:mm:ss)][/B]</label>
            </control>
            <control type="label">
                <right>2</right>
                <top>55</top>
                <width max="250">auto</width>
                <height>20</height>
                <font>font10</font>
                <textcolor>B3CCCCCC</textcolor>
                <align>center</align>
                <aligny>center</aligny>
                <label>$INFO[System.Date]</label>
            </control>
        </control>
        <control type="progress" id="5000">
            <visible>Player.HasVideo</visible>
            <description>Progressbar</description>
            <top>1040</top>
            <left>50</left>
            <width>1820</width>
            <height>20</height>
            <info>Player.Progress</info>
        </control>
    </controls>
</window>