<?xml version="1.0" encoding="UTF-8"?>
<window>
    <defaultcontrol always="true">10</defaultcontrol>
    <animation type="WindowOpen" reversible="false">
        <effect type="slide" start="0,-260" end="0,0" time="350" />
    </animation>
    <controls>
        <control type="image">
            <width>$INFO[System.ScreenWidth]</width>
            <height>$INFO[System.ScreenHeight]</height>
            <texture>debuggrid1080.png</texture>
            <colordiffuse>88ffffff</colordiffuse>
            <visible>True</visible>
        </control>
        <control type="group">
            <left>1350</left>
            <control type="group">
                <left>5</left>
                <top>5</top>
                <control type="image">
                    <left>-5</left>
                    <top>-5</top>
                    <height>240</height>
                    <width>570</width>
                    <texture colordiffuse="FF000000">common/white.png</texture>
                </control>
                <control type="image">
                    <top>60</top>
                    <left>150</left>
                    <height>160</height>
                    <width>420</width>
                    <aspectratio aligny="top">stretch</aspectratio>
                    <texture>common/box_office.png</texture>
                    <animation effect="fade" start="100" end="20" time="0" tween="sine">WindowOpen</animation>
                </control>
                <control type="image">
                    <left>510</left>
                    <top>5</top>
                    <width>50</width>
                    <height>50</height>
                    <aspectratio aligny="top">keep</aspectratio>
                    <texture colordiffuse="BFCCCCCC">common/infinite.png</texture>
                </control>
                <control type="image">
                    <height>210</height>
                    <width>145</width>
                    <aspectratio aligny="left">scale</aspectratio>
                    <texture>common/box_office.png</texture>
                </control>
                <!-- Next Episode -->
                <control type="group">
                    <!-- <visible>String.IsEqual(Window.Property(tikiskins.nextep_function),next_ep)</visible> -->
                    <visible>true</visible>
                    <control type="label">
                        <top>5</top>
                        <left>160</left>
                        <width>350</width>
                        <height>20</height>
                        <aligny>bottom</aligny>
                        <align>left</align>
                        <font>font14</font>
                        <label>[B]On Deck....     01:20[/B]</label>
                    </control>
                    <control type="textbox">
                        <left>160</left>
                        <top>70</top>
                        <width>390</width>
                        <height>96</height>
                        <font>font12</font>
                        <align>left</align>
                        <aligny>top</aligny>
                        <label>i will going to play</label>
                        <textcolor>FFB7B4BB</textcolor>
                        <autoscroll>true</autoscroll>
                    </control>
                    <control type="group">
                        <left>160</left>
                        <top>155</top>
                        <control type="button" id="10">
                            <description>Close</description>
                            <animation effect="zoom" start="100" end="102" time="50" tween="sine" easing="inout" center="auto">Focus</animation>
                            <animation effect="zoom" start="102" end="100" time="50" tween="sine" easing="inout" center="auto">Unfocus</animation>
                            <left>10</left>
                            <width>120</width>
                            <height>60</height>
                            <onleft>12</onleft>
                            <onright>11</onright>
                            <label>$ADDON[plugin.video.infinite 32614]</label>
                            <font>font12_title</font>
                            <textcolor>FFB7B4BB</textcolor>
                            <focusedcolor>ffff0000</focusedcolor>
                            <!-- <texturefocus colordiffuse="FFB7B4BB">common/button-base-fo.png</texturefocus> -->
                            <texturefocus colordiffuse="FFB7B4BB">common/button-base.png</texturefocus>
                            <texturenofocus colordiffuse="FF4a4347">common/button-base.png</texturenofocus>
                            <align>center</align>
                            <aligny>center</aligny>
                        </control>
                        <control type="button" id="11">
                            <description>Play</description>
                            <animation effect="zoom" start="100" end="102" time="50" tween="sine" easing="inout" center="auto">Focus</animation>
                            <animation effect="zoom" start="102" end="100" time="50" tween="sine" easing="inout" center="auto">Unfocus</animation>
                            <left>140</left>
                            <width>120</width>
                            <height>60</height>
                            <onleft>10</onleft>
                            <onright>12</onright>
                            <label>$ADDON[plugin.video.infinite 32764]</label>
                            <font>font12_title</font>
                            <textcolor>FFB7B4BB</textcolor>
                            <focusedcolor>ffff0000</focusedcolor>
                            <!-- <texturefocus colordiffuse="FFB7B4BB">common/button-base-fo.png</texturefocus> -->
                            <texturefocus colordiffuse="FFB7B4BB">common/button-base.png</texturefocus>
                            <texturenofocus colordiffuse="FF4a4347">common/button-base.png</texturenofocus>
                            <align>center</align>
                            <aligny>center</aligny>
                        </control>
                        <control type="button" id="12">
                            <description>Cancel</description>
                            <animation effect="zoom" start="100" end="102" time="50" tween="sine" easing="inout" center="auto">Focus</animation>
                            <animation effect="zoom" start="102" end="100" time="50" tween="sine" easing="inout" center="auto">Unfocus</animation>
                            <left>270</left>
                            <width>120</width>
                            <height>60</height>
                            <onleft>11</onleft>
                            <onright>10</onright>
                            <label>$ADDON[plugin.video.infinite 32840]</label>
                            <font>font12_title</font>
                            <textcolor>FFB7B4BB</textcolor>
                            <focusedcolor>ffff0000</focusedcolor>
                            <!-- <texturefocus colordiffuse="FFB7B4BB">common/button-base-fo.png</texturefocus> -->
                            <texturefocus colordiffuse="FFB7B4BB">common/button-base.png</texturefocus>
                            <texturenofocus colordiffuse="FF4a4347">common/button-base.png</texturenofocus>
                            <align>center</align>
                            <aligny>center</aligny>
                        </control>
                    </control>
                </control>
                <!-- Confirm -->
                <control type="group">
                    <visible>String.IsEqual(Window.Property(tikiskins.nextep_function),confirm)</visible>
                    <!-- <visible>true</visible> -->
                    <control type="label">
                        <top>5</top>
                        <left>160</left>
                        <width>380</width>
                        <height>20</height>
                        <aligny>bottom</aligny>
                        <align>left</align>
                        <font>font14</font>
                        <label>[B]$ADDON[plugin.video.infinite 32802][/B]</label>
                    </control>
                    <control type="textbox">
                        <left>160</left>
                        <top>70</top>
                        <width>420</width>
                        <height>96</height>
                        <font>font12</font>
                        <align>left</align>
                        <aligny>bottom</aligny>
                        <label>tv show name</label>
                        <textcolor>FFB7B4BB</textcolor>
                        <autoscroll>true</autoscroll>
                    </control>
                    <control type="group">
                        <left>140</left>
                        <top>155</top>
                        <control type="button" id="10">
                            <description>Yes</description>
                            <animation effect="zoom" start="100" end="102" time="50" tween="sine" easing="inout" center="auto">Focus</animation>
                            <animation effect="zoom" start="102" end="100" time="50" tween="sine" easing="inout" center="auto">Unfocus</animation>
                            <left>15</left>
                            <width>175</width>
                            <height>60</height>
                            <onleft>11</onleft>
                            <onright>11</onright>
                            <label>$ADDON[plugin.video.infinite 32824]</label>
                            <font>font12_title</font>
                            <textcolor>FFB7B4BB</textcolor>
                            <focusedcolor>ffff0000</focusedcolor>
                            <!-- <texturefocus colordiffuse="FFB7B4BB">common/button-base-fo.png</texturefocus> -->
                            <texturefocus colordiffuse="FFB7B4BB">common/button-base.png</texturefocus>
                            <texturenofocus colordiffuse="FF4a4347">common/button-base.png</texturenofocus>
                            <align>center</align>
                            <aligny>center</aligny>
                        </control>
                        <control type="button" id="11">
                            <description>No</description>
                            <animation effect="zoom" start="100" end="102" time="100" tween="sine" easing="inout" center="auto">Focus</animation>
                            <animation effect="zoom" start="102" end="100" time="100" tween="sine" easing="inout" center="auto">Unfocus</animation>
                            <left>215</left>
                            <width>175</width>
                            <height>60</height>
                            <onleft>10</onleft>
                            <onright>10</onright>
                            <label>$ADDON[plugin.video.infinite 32828]</label>
                            <font>font12_title</font>
                            <textcolor>FFB7B4BB</textcolor>
                            <focusedcolor>ffff0000</focusedcolor>
                            <!-- <texturefocus colordiffuse="FFB7B4BB">common/button-base-fo.png</texturefocus> -->
                            <texturefocus colordiffuse="FFB7B4BB">common/button-base.png</texturefocus>
                            <texturenofocus colordiffuse="FF4a4347">common/button-base.png</texturenofocus>
                            <align>center</align>
                            <aligny>center</aligny>
                        </control>
                    </control>
                </control>
                <control type="progress" id="5000">
                    <description>Progressbar</description>
                    <top>215</top>
                    <left>0</left>
                    <width>565</width>
                    <height>17</height>
                    <reveal>true</reveal>
                    <!-- <texturebg colordiffuse="FF302F2F">common/white.png</texturebg>
                    <midtexture colordiffuse="FFB7B4BB">common/white.png</midtexture> -->
                </control>
            </control>
        </control>
    </controls>
</window>
