{
    "installed": {
        "client_id": "77294159872-mqptakqrjp88fu4st5qn8k5r8rlq3dt0.apps.googleusercontent.com",
        "project_id": "baps_yt",
        "auth_uri": "https://accounts.google.com/o/oauth2/auth",
        "token_uri": "https://oauth2.googleapis.com/token",
        "auth_provider_x509_cert_url": "https://www.googleapis.com/oauth2/v1/certs",
        "client_secret": "6f1FQe7ClAsu-S4YrXee6OX_",
		"api_key": "AIzaSyCjf8izIeXa1oFZo7_HeL0WgrOq1WF_I1k",
        "redirect_uris": ["urn:ietf:wg:oauth:2.0:oob", "http://localhost"]
    }
}
