[{"title": "Punyashlok Ahilya Bai", "service": true, "skip": "30", "start": "10", "eskip": "300"}, {"title": "Sasural Simar Ka 2", "service": true, "skip": "50", "start": "10", "eskip": "300"}, {"title": "Barrister Babu", "service": true, "skip": "50", "start": "10", "eskip": "300"}, {"title": "Crime Patrol", "service": true, "skip": "15", "start": "10", "eskip": "300"}, {"title": "Mere Sai", "service": true, "skip": "50", "start": "10", "eskip": "300"}, {"title": "Alias", "service": true, "skip": "50", "start": "10", "eskip": "300"}, {"title": "NCIS Los Angeles", "service": true, "skip": "50", "start": "10", "eskip": "300"}, {"title": "Indian Idol 2020", "service": true, "skip": "50", "start": "10", "eskip": "300"}, {"title": "FoxBusiness", "service": false, "skip": "50", "start": "10", "eskip": "300"}, {"title": "Blue Bloods", "service": true, "skip": "50", "start": "10", "eskip": "300"}, {"title": "FX Movie Channel", "service": true, "skip": "50", "start": "10", "eskip": "300"}, {"title": "The Handmaids Tale", "service": true, "skip": "50", "start": "10", "eskip": "300"}, {"title": "Book of Genesis The", "service": true, "skip": "50", "start": "10", "eskip": "300"}, {"title": "StarZ", "service": false, "skip": "50", "start": "10", "eskip": "300"}, {"title": "The Following", "service": true, "skip": "50", "start": "10", "eskip": "300"}, {"title": "SEAL Team", "service": true, "skip": "50", "start": "10", "eskip": "300"}, {"title": "Snowfall", "service": true, "skip": "50", "start": "10", "eskip": "300"}, {"title": "FoxNews", "service": false, "skip": "50", "start": "10", "eskip": "300"}, {"title": "The November Man", "service": true, "skip": "50", "start": "10", "eskip": "300"}, {"title": "Sargam Ki Sadhe Satii", "service": true, "skip": "50", "start": "10", "eskip": "300"}, {"title": "Vighnaharta Ganesh", "service": true, "skip": "50", "start": "10", "eskip": "300"}, {"title": "NCIS", "service": true, "skip": "50", "start": "10", "eskip": "300"}, {"title": "Genius", "service": true, "skip": "50", "start": "10", "eskip": "300"}, {"title": "Queen of the South", "service": true, "skip": "50", "start": "10", "eskip": "300"}, {"title": "Fear the Walking Dead", "service": true, "skip": "50", "start": "10", "eskip": "300"}, {"title": "Stowaway", "service": true, "skip": "50", "start": "10", "eskip": "300"}, {"title": "The Walking Dead", "service": true, "skip": "30", "start": "10", "eskip": "300"}, {"title": "The Hunt", "service": true, "skip": "50", "start": "10", "eskip": "300"}, {"title": "ACC Network", "service": false, "skip": "50", "start": "10", "eskip": "300"}, {"title": "Chacha Vidhayak Hain Humare", "service": true, "skip": "50", "start": "10", "eskip": "300"}, {"title": "Bosch", "service": true, "skip": "50", "start": "10", "eskip": "300"}, {"title": "Tom Clancys Without Remorse", "service": true, "skip": "50", "start": "10", "eskip": "300"}, {"title": "Star Trek Discovery", "service": true, "skip": "50", "start": "10", "eskip": "300"}, {"title": "The Blacklist", "service": true, "skip": "50", "start": "10", "eskip": "300"}, {"title": "Mollki", "service": true, "skip": "50", "start": "10", "eskip": "300"}, {"title": "Marvels Agents of SHIELD", "service": true, "skip": "50", "start": "10", "eskip": "300"}, {"title": "FOX News", "service": false, "skip": "50", "start": "10", "eskip": "300"}, {"title": "ABC News", "service": false, "skip": "50", "start": "10", "eskip": "300"}, {"title": "TBS", "service": false, "skip": "50", "start": "10", "eskip": "300"}, {"title": "Film Crew Giant of Marathon", "service": true, "skip": "50", "start": "10", "eskip": "300"}, {"title": "Choti Sarrdaarni", "service": true, "skip": "50", "start": "10", "eskip": "300"}, {"title": "Super Dancer", "service": true, "skip": "50", "start": "10", "eskip": "300"}, {"title": "Damnation", "service": true, "skip": "50", "start": "10", "eskip": "300"}, {"title": "Deception", "service": true, "skip": "50", "start": "10", "eskip": "300"}, {"title": "Predator", "service": true, "skip": "50", "start": "10", "eskip": "300"}, {"title": "Little Women", "service": true, "skip": "50", "start": "10", "eskip": "300"}, {"title": "The Conjuring The Devil Made Me Do It", "service": true, "skip": "50", "start": "10", "eskip": "300"}, {"title": "The Flash", "service": true, "skip": "50", "start": "10", "eskip": "300"}, {"title": "Kyun Ho Gaya Na Full HD Movie Facts | Vivek Oberio | Aishwariya Rai", "service": true, "skip": "50", "start": "10", "eskip": "300"}, {"title": "Dallas", "service": true, "skip": "50", "start": "10", "eskip": "300"}, {"title": "Blood & Treasure", "service": true, "skip": "50", "start": "10", "eskip": "300"}, {"title": "State Of Siege Temple Attack", "service": true, "skip": "50", "start": "10", "eskip": "300"}, {"title": "Taarak Mehta Ka Ooltah Chashmah", "service": true, "skip": "50", "start": "10", "eskip": "300"}, {"title": "Dil Apna Aur Preet Parai Hindi |Full Hindi Movie|Meena KRaaj KumarOm PrakashNadiraHelen", "service": true, "skip": "50", "start": "10", "eskip": "300"}, {"title": "Shakti", "service": true, "skip": "50", "start": "10", "eskip": "300"}, {"title": "The Queen of Flow", "service": true, "skip": "50", "start": "10", "eskip": "300"}, {"title": "Shu Thayu", "service": true, "skip": "50", "start": "10", "eskip": "300"}, {"title": "Betaal", "service": true, "skip": "50", "start": "10", "eskip": "300"}, {"title": "The Fall", "service": true, "skip": "50", "start": "10", "eskip": "300"}, {"title": "Hit", "service": true, "skip": "50", "start": "10", "eskip": "300"}, {"title": "Toofaan", "service": true, "skip": "50", "start": "10", "eskip": "300"}, {"title": "Navrang 1959 | Super Hit Bollywood Classic Hindi Movie | Sandhya Mahipal Keshavrao Date Baburao", "service": true, "skip": "50", "start": "10", "eskip": "300"}, {"title": "Collar Bomb", "service": true, "skip": "50", "start": "10", "eskip": "300"}, {"title": "The Spanish Princess", "service": true, "skip": "50", "start": "10", "eskip": "300"}, {"title": "WandaVision", "service": true, "skip": "50", "start": "10", "eskip": "300"}, {"title": "Wrath of Man", "service": true, "skip": "50", "start": "10", "eskip": "300"}, {"title": "Superstore", "service": true, "skip": "50", "start": "10", "eskip": "300"}, {"title": "The Terror", "service": true, "skip": "50", "start": "10", "eskip": "300"}, {"title": "13 Reasons Why", "service": true, "skip": "50", "start": "10", "eskip": "300"}, {"title": "Ancient Aliens", "service": true, "skip": "50", "start": "10", "eskip": "300"}, {"title": "The Happy Hour", "service": true, "skip": "50", "start": "10", "eskip": "300"}, {"title": "Bigg Boss OTT", "service": true, "skip": "50", "start": "10", "eskip": "300"}, {"title": "Al Jazeera", "service": false, "skip": "50", "start": "10", "eskip": "300"}, {"title": "31", "service": true, "skip": "50", "start": "10", "eskip": "300"}, {"title": "80s Rewind", "service": false, "skip": "50", "start": "10", "eskip": "300"}, {"title": "PBS Kids", "service": false, "skip": "50", "start": "10", "eskip": "300"}, {"title": "Falcon Rising", "service": true, "skip": "50", "start": "10", "eskip": "300"}, {"title": "2 Days in New York", "service": true, "skip": "50", "start": "10", "eskip": "300"}, {"title": "Ajay {HD} Hindi Full Movie Sunny Deol Karisma Kapoor Superhit Hindi Movie", "service": true, "skip": "50", "start": "10", "eskip": "300"}, {"title": "Dial 100", "service": true, "skip": "50", "start": "10", "eskip": "300"}, {"title": "Brooklyn NineNine", "service": true, "skip": "25", "start": "10", "eskip": "300"}, {"title": "Dark", "service": true, "skip": "50", "start": "10", "eskip": "300"}, {"title": "Ishk Par Zor Nahin", "service": true, "skip": "50", "start": "10", "eskip": "300"}, {"title": "Kuch Rang Pyaar Ke Aise Bhi", "service": true, "skip": "50", "start": "10", "eskip": "300"}, {"title": "The Mandalorian", "service": true, "skip": "30", "start": "10", "eskip": "300"}, {"title": "Magnum PI", "service": true, "skip": "50", "start": "10", "eskip": "300"}, {"title": "Dance Deewane 3", "service": true, "skip": "50", "start": "10", "eskip": "300"}, {"title": "Papillon", "service": true, "skip": "50", "start": "10", "eskip": "300"}, {"title": "Star Wars The Rise of Skywalker", "service": true, "skip": "50", "start": "10", "eskip": "300"}, {"title": "Solo A Star Wars Story", "service": true, "skip": "50", "start": "10", "eskip": "300"}, {"title": "Criminal Minds", "service": true, "skip": "50", "start": "10", "eskip": "300"}, {"title": "Star Wars The Last Jedi", "service": true, "skip": "50", "start": "10", "eskip": "300"}, {"title": "NCIS New Orleans", "service": true, "skip": "50", "start": "10", "eskip": "300"}, {"title": "The Sinner", "service": true, "skip": "50", "start": "10", "eskip": "300"}, {"title": "The Last Witch Hunter", "service": true, "skip": "50", "start": "10", "eskip": "300"}, {"title": "thesinner1080pamznwebdlddp51h264ntb5dfd817652fmp4", "service": true, "skip": "50", "start": "10", "eskip": "300"}, {"title": "The Kapil Sharma Show", "service": true, "skip": "50", "start": "10", "eskip": "300"}, {"title": "Chehre", "service": true, "skip": "50", "start": "10", "eskip": "300"}, {"title": "A Simple Murder", "service": true, "skip": "50", "start": "10", "eskip": "300"}, {"title": "Instinct", "service": true, "skip": "50", "start": "10", "eskip": "300"}, {"title": "Paydirt", "service": true, "skip": "50", "start": "10", "eskip": "300"}, {"title": "Guruhari Ashirwad Sarangpur India", "service": true, "skip": "50", "start": "10", "eskip": "300"}, {"title": "Bade Acche Lagte Hai 2", "service": true, "skip": "50", "start": "10", "eskip": "300"}, {"title": "Giant Coca Cola Fanta Mirinda Balloons 7up Chupa Chups vs Mentos Underground", "service": true, "skip": "50", "start": "10", "eskip": "300"}, {"title": "Jungle Cruise", "service": true, "skip": "50", "start": "10", "eskip": "300"}, {"title": "My Name Is Lucky", "service": true, "skip": "50", "start": "10", "eskip": "300"}, {"title": "Docurama", "service": false, "skip": "50", "start": "10", "eskip": "300"}, {"title": "The Killings at Badgers Drift", "service": true, "skip": "50", "start": "10", "eskip": "300"}, {"title": "Money Heist", "service": true, "skip": "50", "start": "10", "eskip": "300"}]