<?xml version="1.0" encoding="UTF-8"?>
<window>
    <defaultcontrol always="true">9001</defaultcontrol>
    <allowoverlays>false</allowoverlays>
    <coordinates>
        <origin x="800" y="150"/>
    </coordinates>
    <controls>
        <control type="group">
            <width>500</width>
            <height>600</height>
            <control type="image">
                <!-- <width>$INFO[System.ScreenWidth]</width>
                <height>$INFO[System.ScreenHeight]</height> -->
                <texture>common/black.png</texture>
                <colordiffuse>88ffffff</colordiffuse>
                <visible>True</visible>
            </control>
            <control type="label" id="101">
                <description>header label</description>
                <top>25</top>
                <width>500</width>
                <height>50</height>
                <font>font13_title</font>
                <label>Update Skip options.</label>
                <align>center</align>
                <aligny>center</aligny>
                <shadowcolor>FF000000</shadowcolor>
            </control>
        </control>
        <control type="group" id="9001">
            <posx>0</posx>
            <posy>70</posy>
            <!-- Button Group -->
            <control type="label" id="111">
                <description>Show workaround</description>
                <left>30</left>
                <top>5</top>
                <height>70</height>
                <width min="29" max="440">auto</width>
                <align>left</align>
                <textoffsety>30</textoffsety>
                <label>AAAAA:</label>
                <font>font13_title</font>
            </control>
            <control type="group">
                <top>85</top>
                <height>50</height>
                <control type="radiobutton" id="112">
                    <width>350</width>
                    <left>20</left>
                    <textwidth>400</textwidth>
                    <radioheight>50</radioheight>
                    <radioposx>325</radioposx>
                    <label>Keep Enable skip</label>
                    <font>font13</font>
                    <textcolor>FFF0F0F0</textcolor>
                    <textureradioonfocus colordiffuse="FF12B2E7">common/radio-on.png</textureradioonfocus>
                    <textureradioonnofocus colordiffuse="FF12B2E7">common/radio-on.png</textureradioonnofocus>
                    <textureradioofffocus colordiffuse="FF12B2E7">common/radio-off.png</textureradioofffocus>
                    <textureradiooffnofocus colordiffuse="FF12B2E7">common/radio-off.png</textureradiooffnofocus>
                    <onright>121</onright>
                    <onleft>121</onleft>
                    <onup>121</onup>
                    <ondown>114</ondown>
                </control>
            </control>
            <control type="group">
                <top>155</top>
                <height>50</height>
                <control type="label" id="113">
                    <description>Show workaround</description>
                    <left>30</left>
                    <width min="29" max="300">auto</width>
                    <align>left</align>
                    <textoffsety>45</textoffsety>
                    <label>Skip value:</label>
                    <font>font13</font>
                    <aligny>center</aligny>
                </control>
                <control type="button" id="114">
                    <description>Show online</description>
                    <left>350</left>
                    <width>100</width>
                    <align>center</align>
                    <aligny>center</aligny>
                    <textoffsety>5</textoffsety>
                    <label>~:</label>
                    <font>font13</font>
                    <onright>121</onright>
                    <onleft>121</onleft>
                    <onup>112</onup>
                    <ondown>116</ondown>
                </control>
            </control>
            <control type="group">
                <top>225</top>
                <height>50</height>
                <control type="label" id="115">
                    <description>Show workaround</description>
                    <left>30</left>
                    <width min="29" max="300">auto</width>
                    <align>left</align>
                    <textoffsety>45</textoffsety>
                    <label>Skip start value:</label>
                    <font>font13</font>
                    <aligny>center</aligny>
                </control>
                <control type="button" id="116">
                    <description>Show online</description>
                    <left>350</left>
                    <width>100</width>
                    <align>center</align>
                    <aligny>center</aligny>
                    <textoffsety>5</textoffsety>
                    <label>~:</label>
                    <font>font13</font>
                    <onright>121</onright>
                    <onleft>121</onleft>
                    <onup>114</onup>
                    <ondown>118</ondown>
                </control>
            </control>
            <control type="group">
                <top>295</top>
                <height>50</height>
                <control type="label" id="117">
                    <description>Show workaround</description>
                    <left>30</left>
                    <width min="29" max="300">auto</width>
                    <align>left</align>
                    <textoffsety>45</textoffsety>
                    <label>Exit Skip value:</label>
                    <font>font13</font>
                    <aligny>center</aligny>
                </control>
                <control type="button" id="118">
                    <description>Show online</description>
                    <left>350</left>
                    <width>100</width>
                    <align>center</align>
                    <aligny>center</aligny>
                    <textoffsety>5</textoffsety>
                    <label>~:</label>
                    <font>font13</font>
                    <onright>121</onright>
                    <onleft>121</onleft>
                    <onup>116</onup>
                    <ondown>121</ondown>
                </control>
            </control>
            <control type="group" id="20">
                <top>370</top>
                <height>50</height>
                <control type="button" id="121">
                    <top>5</top>
                    <left>150</left>
                    <width>250</width>
                    <font>font13</font>
                    <textcolor>FFF0F0F0</textcolor>
                    <label>Continue...</label>
                    <align>center</align>
                    <aligny>center</aligny>
                    <onright>121</onright>
                    <onleft>121</onleft>
                    <onup>118</onup>
                    <ondown>122</ondown>
                </control>
                <control type="button" id="122">
                    <top>65</top>
                    <left>150</left>
                    <width>250</width>
                    <font>font13</font>
                    <textcolor>FFF0F0F0</textcolor>
                    <label>Enable other Show</label>
                    <align>center</align>
                    <aligny>center</aligny>
                    <onright>121</onright>
                    <onleft>121</onleft>
                    <onup>121</onup>
                    <ondown>121</ondown>
                </control>
            </control>
        </control>
    </controls>
</window>
