<?xml version="1.0" encoding="UTF-8"?>
<window>
    <defaultcontrol always="true">9001</defaultcontrol>
    <allowoverlays>false</allowoverlays>
    <coordinates>
        <!-- <left>650</left>
        <top>150</top> -->
        <origin x="650" y="150"></origin>
    </coordinates>
    <controls>
        <control type="group">
            <!-- <control type="image">
                <width>$INFO[System.ScreenWidth]</width>
                <height>$INFO[System.ScreenHeight]</height>
                <texture>debuggrid1080.png</texture>
                <colordiffuse>88ffffff</colordiffuse>
                <visible>True</visible>
            </control> -->
            <control type="image">
                <description>Background Image</description>
                <origin x="650" y="150"></origin>
                <width>700</width>
                <height>600</height>
                <texture border="2">bg-fade.png</texture>
            </control>
            <control type="image">
                <description>Dialog Header image</description>
                <!-- <posx>0</posx>
                <posy>0</posy> -->
                <origin x="650" y="150"></origin>
                <width>700</width>
                <height>50</height>
                <texture colordiffuse="B3161618" border="2">white.png</texture>
            </control>
            <control type="label" id="101">
                <description>header label</description>
                <!-- <posx>0</posx>
                <posy>0</posy> -->
                <origin x="650" y="150"></origin>
                <width>700</width>
                <height>50</height>
                <font>font13_title</font>
                <label>Update Skip options.</label>
                <align>center</align>
                <aligny>center</aligny>
                <shadowcolor>FF000000</shadowcolor>
            </control>
        </control>
        <control type="group" id="9001">
            <posx>0</posx>
            <posy>70</posy>
            <!-- Button Group -->
            <control type="label" id="111">
                <description>Show workaround</description>
                <left>30</left>
                <top>5</top>
                <height>70</height>
                <width>auto</width>
                <align>left</align>
                <!-- <textcolor>red</textcolor> -->
                <textoffsety>30</textoffsety>
                <label>AAAAA:</label>
                <font>font13_title</font>
            </control>
            <control type="radiobutton" id="112">
                <width>300</width>
                <height>50</height>
                <top>85</top>
                <textwidth>250</textwidth>
                <textoffsetx>30</textoffsetx>
                <radioheight>45</radioheight>
                <radioposx>530</radioposx>
                <label>Keep Enable skip</label>
                <font>font13</font>
                <texturefocus colordiffuse="FF666666">RadioButton/MenuItemFO.png</texturefocus>
                <texturenofocus>RadioButton/MenuItemNF.png</texturenofocus>
                <textureradioonfocus colordiffuse="FF12B2E7">RadioButton/radio-on.png</textureradioonfocus>
                <textureradioonnofocus colordiffuse="FF12B2E7">RadioButton/radio-on.png</textureradioonnofocus>
                <textureradioofffocus colordiffuse="FF12B2E7">RadioButton/radio-on.png</textureradioofffocus>
                <textureradiooffnofocus colordiffuse="FF12B2E7">RadioButton/radio-off.png</textureradiooffnofocus>
            </control>
            <control type="group">
                <top>155</top>
                <height>50</height>
                <texturefocus colordiffuse="FF666666">RadioButton/MenuItemFO.png</texturefocus>
                <texturenofocus>RadioButton/MenuItemNF.png</texturenofocus>
                <control type="label" id="113">
                    <description>Show workaround</description>
                    <left>30</left>
                    <width min="29" max="300">auto</width>
                    <align>left</align>
                    <textoffsety>45</textoffsety>
                    <label>Skip value:</label>
                    <font>font13</font>
                    <aligny>center</aligny>
                </control>
                <control type="button" id="114">
                    <description>Show online</description>
                    <left>400</left>
                    <width>250</width>
                    <align>center</align>
                    <aligny>center</aligny>
                    <textoffsety>5</textoffsety>
                    <label>~:</label>
                    <font>font13</font>
                    <!-- <texturefocus border="40" colordiffuse="B3161618">testbuttonfo.png</texturefocus>
                    <texturenofocus>testbuttonnf.png</texturenofocus> -->
                </control>
            </control>
            <control type="group">
                <top>225</top>
                <height>50</height>
                <control type="label" id="115">
                    <description>Show workaround</description>
                    <left>30</left>
                    <!-- <top>155</top> -->
                    <!-- <height>70</height> -->
                    <width min="29" max="300">auto</width>
                    <align>left</align>
                    <textoffsety>45</textoffsety>
                    <label>Skip start value:</label>
                    <font>font13</font>
                    <aligny>center</aligny>
                </control>
                <control type="button" id="116">
                    <description>Show online</description>
                    <left>400</left>
                    <width>250</width>
                    <align>center</align>
                    <aligny>center</aligny>
                    <textoffsety>5</textoffsety>
                    <label>~:</label>
                    <font>font13</font>
                    <!-- <texturefocus border="40" colordiffuse="B3161618">testbuttonfo.png</texturefocus>
                    <texturenofocus>testbuttonnf.png</texturenofocus> -->
                </control>
            </control>
            <control type="group">
                <top>295</top>
                <height>50</height>
                <control type="label" id="117">
                    <description>Show workaround</description>
                    <left>30</left>
                    <!-- <top>155</top> -->
                    <!-- <height>70</height> -->
                    <width min="29" max="300">auto</width>
                    <align>left</align>
                    <textoffsety>45</textoffsety>
                    <label>Exit Skip value:</label>
                    <font>font13</font>
                    <aligny>center</aligny>
                </control>
                <control type="button" id="118">
                    <description>Show online</description>
                    <left>400</left>
                    <width>250</width>
                    <align>center</align>
                    <aligny>center</aligny>
                    <textoffsety>5</textoffsety>
                    <label>~:</label>
                    <font>font13</font>
                    <!-- <texturefocus border="40" colordiffuse="B3161618">testbuttonfo.png</texturefocus>
                    <texturenofocus>testbuttonnf.png</texturenofocus> -->
                </control>
            </control>
            <control type="group" id="20">
                <top>450</top>
                <height>50</height>
                <control type="button" id="121">
                    <left>200</left>
                    <width>250</width>
                    <font>font13</font>
                    <textcolor>FFF0F0F0</textcolor>
                    <label>Continue</label>
                    <align>center</align>
                    <aligny>center</aligny>
                    <!-- <texturefocus border="40" colordiffuse="B3161618">testbuttonfo.png</texturefocus>
                    <texturenofocus>testbuttonnf.png</texturenofocus> -->
                    <texturefocus border="10" colordiffuse="B3161618">smallbutton.png</texturefocus>  <!-- Color ARGB: B3=70% transparency -->
                    <texturenofocus colordiffuse="B3161618">smallbutton.png</texturenofocus>
                </control>
            </control>
        </control>
    </controls>
</window>
