<?xml version="1.0" encoding="UTF-8"?>
<window>
	<defaultcontrol always="true">201</defaultcontrol>
	<animation type="WindowOpen" reversible="false">
        <effect type="fade" end="100" time="600" />
        <!-- <effect type="slide" start="0,-260" end="0,0" time="350" /> -->
    </animation>
	<controls>
		<!-- <control type="image">
			<width>$INFO[System.ScreenWidth]</width>
			<height>$INFO[System.ScreenHeight]</height>
			<texture>debuggrid1080.png</texture>
			<colordiffuse>88ffffff</colordiffuse>
			<visible>True</visible>
		</control> -->
		<!-- End Skip Style -->
		<control type="group">
			<visible>String.StartsWith(Window.Property(skip.window_style),end_skip)</visible>
			<align>right</align>
			<posx>1700</posx>
			<posy>500</posy>
			<height>240</height>
			<width>300</width>
			<!-- <itemgap>15</itemgap> -->
			<orientation>vertical</orientation>
			<control type="button" id="201">
				<animation effect="zoom" start="100" end="102" time="50" tween="sine" easing="inout" center="auto">Focus</animation>
				<animation effect="zoom" start="102" end="100" time="50" tween="sine" easing="inout" center="auto">Unfocus</animation>
				<description>Skip intro</description>
				<width>200</width>
				<height>60</height>
				<align>left</align>
				<aligny>center</aligny>
				<label>$INFO[Window.Property(skip_title)]</label>
				<font>font12</font>
				<onup>202</onup>
				<ondown>202</ondown>
				<textcolor>FFEDEDED</textcolor>
				<focusedcolor>FFFF0000</focusedcolor>
				<texturefocus border="10" colordiffuse="B3161618">common/smallbutton.png</texturefocus>
				<texturenofocus colordiffuse="B3161618">common/smallbutton.png</texturenofocus>
				<textoffsetx>10</textoffsetx>
			</control>
		</control>
		<!-- Regular Style -->
		<control type="grouplist">
			<visible>String.StartsWith(Window.Property(skip.window_style),1)</visible>
			<align>left</align>
			<posx>25</posx>
			<posy>400</posy>
			<height>150</height>
			<width>800</width>
			<itemgap>15</itemgap>
			<orientation>vertical</orientation>
			<control type="button" id="201">
				<description>Skip intro</description>
				<width>200</width>
				<height>40</height>
				<align>left</align>
				<aligny>center</aligny>
				<label>$INFO[Window.Property(skip_title)]</label>
				<font>font12</font>
				<onup>202</onup>
				<ondown>202</ondown>
				<textcolor>FFEDEDED</textcolor>
				<focusedcolor>FFFF0000</focusedcolor>
				<texturenofocus>common/button-nofo.png</texturenofocus>
				<texturefocus>common/button-fo.png</texturefocus>
				<textoffsetx>10</textoffsetx>
			</control>
			<control type="button" id="202">
				<description>Update Skip</description>
				<width>200</width>
				<height>40</height>
				<align>left</align>
				<aligny>center</aligny>
				<label>$INFO[Window.Property(update_skip)]</label>
				<font>font12</font>
				<onup>201</onup>
				<ondown>201</ondown>
				<textcolor>FFEDEDED</textcolor>
				<focusedcolor>FFFF0000</focusedcolor>
				<texturenofocus>common/button-nofo.png</texturenofocus>
				<texturefocus>common/button-fo.png</texturefocus>
				<textoffsetx>10</textoffsetx>
			</control>
		</control>
		<!-- Netflix Style -->
		<control type="grouplist">
			<visible>String.StartsWith(Window.Property(skip.window_style),0)</visible>
			<align>right</align>
			<posx>1700</posx>
			<posy>400</posy>
			<height>240</height>
			<width>300</width>
			<itemgap>15</itemgap>
			<orientation>vertical</orientation>
			<control type="button" id="201">
				<animation effect="zoom" start="100" end="102" time="50" tween="sine" easing="inout" center="auto">Focus</animation>
				<animation effect="zoom" start="102" end="100" time="50" tween="sine" easing="inout" center="auto">Unfocus</animation>
				<description>Skip intro</description>
				<width>200</width>
				<height>60</height>
				<align>left</align>
				<aligny>center</aligny>
				<label>$INFO[Window.Property(skip_title)]</label>
				<font>font12</font>
				<onup>202</onup>
				<ondown>202</ondown>
				<textcolor>FFEDEDED</textcolor>
				<focusedcolor>FFFF0000</focusedcolor>
				<texturefocus border="10" colordiffuse="B3161618">common/smallbutton.png</texturefocus>
				<texturenofocus colordiffuse="B3161618">common/smallbutton.png</texturenofocus>
				<textoffsetx>10</textoffsetx>
			</control>
			<control type="button" id="202">
				<animation effect="zoom" start="100" end="102" time="50" tween="sine" easing="inout" center="auto">Focus</animation>
				<animation effect="zoom" start="102" end="100" time="50" tween="sine" easing="inout" center="auto">Unfocus</animation>
				<description>Update Skip</description>
				<width>200</width>
				<height>60</height>
				<align>left</align>
				<aligny>center</aligny>
				<label>$INFO[Window.Property(update_skip)]</label>
				<font>font12</font>
				<onup>201</onup>
				<ondown>201</ondown>
				<textcolor>FFEDEDED</textcolor>
				<focusedcolor>FFFF0000</focusedcolor>
				<texturefocus border="10" colordiffuse="B3161618">common/smallbutton.png</texturefocus>
				<texturenofocus colordiffuse="B3161618">common/smallbutton.png</texturenofocus>
				<textoffsetx>10</textoffsetx>
			</control>
		</control>
	</controls>
</window>
