<?xml version="1.0" encoding="UTF-8" standalone="yes"?>
<addon id="script.module.inputstreamhelper" name="InputStream Helper" version="0.6.0+matrix.1" provider-name="emilsvennesson, dagwieers, mediaminister, horstle">
  <requires>
    <!--py3 compliant-->
    <import addon="xbmc.python" version="3.0.0"/>
    <import addon="script.module.pysocks" version="1.6.8" optional="true"/>
  </requires>
  <!-- This is needed to get an add-on icon -->
  <extension point="xbmc.python.script" library="default.py">
    <provides>executable</provides>
  </extension>
  <extension point="xbmc.python.module" library="lib"/>
  <extension point="xbmc.addon.metadata">
    <summary lang="de_DE">Kodi InputStream und DRM Wiedergabe einfach gemacht</summary>
    <summary lang="el_GR">Βοηθός Inputstream για το Kodi και εύκολη αναπαραγωγή DRM</summary>
    <summary lang="en_GB">Kodi InputStream and DRM playback made easy</summary>
    <summary lang="es_ES">Kodi InputStream y reproducción DRM echa fácil</summary>
    <summary lang="fr_FR">La lecture Kodi InputStream et DRM en toute simplicité</summary>
    <summary lang="hr_HR">Kodi InputStream olakšava reprodukciju DRM zaštićenog sadržaja</summary>
    <description lang="de_DE">Dieses einfache Kodi-Modul macht das Leben für Addon Entwickler einfacher, die auf InputStream basierte Addons und DRM Wiedergabe angewiesen sind.</description>
    <description lang="el_GR">Μία απλή μονάδα για το Kodi η οποία διευκολύνει την ζωή των προγραμματιστών οι οποίοι εξαρτώνται από τα πρόσθετσ InputStream και αναπαραγωγή τύπου DRM.</description>
    <description lang="en_GB">A simple Kodi module that makes life easier for add-on developers relying on InputStream based add-ons and DRM playback.</description>
    <description lang="es_ES">Un módulo Kodi simple que hace la vida más fácil para los desarrolladores de complementos que dependen de complementos basados en InputStream y reproducción de DRM.</description>
    <description lang="fr_FR">Un simple module Kodi qui simplifie la vie des développeurs de modules complémentaires en s’appuyant sur des modules complémentaires basés sur InputStream et sur la lecture de DRM.</description>
    <description lang="hr_HR">Jednostavan Kodi modul koji olakšava razvijanje dodataka koji se temelje na InputStream dodatku i reprodukciji DRM zaštićenog sadržaja.</description>
    <description lang="ru_RU">Простой модуль для Kodi, который облегчает жизнь разработчикам дополнений, с использованием InputStream дополнений и воспроизведения DRM контента.</description>
    <news>
v0.6.0 (2023-05-03)
- Initial support for AARCH64 Linux (@horstle)
- Initial support for AARCH64 Macs (@mediaminister)
- New option to install a specific version on most platforms (@horstle)

v0.5.10 (2022-04-18)
- Fix automatic submission of release
- Update German translation
- Fix update_frequency setting
- Fix install_from
- Improve/Fix Widevine extraction from Chrome OS images

v0.5.9 (2022-03-22)
- Update Croatian translation
- Replace deprecated LooseVersion
- Fix http_get decode error
- Option to install Widevine from specified source
    </news>
    <platform>all</platform>
    <license>MIT</license>
    <website>https://github.com/emilsvennesson/script.module.inputstreamhelper/wiki</website>
    <source>https://github.com/emilsvennesson/script.module.inputstreamhelper</source>
    <assets>
      <icon>resources/icon.png</icon>
    </assets>
  </extension>
</addon>
