<?xml version="1.0" encoding="UTF-8" standalone="yes"?>
<addon id="service.addonsync" name="AddonSync" version="101.0.2"
    provider-name="RogueScholar">
  <requires>
    <import addon="xbmc.python" version="3.0.0" />
    <import addon="script.module.defusedxml" version="0.6.0" />
    <import addon="script.module.simplejson" version="3.17.0" />
  </requires>
  <extension point="xbmc.service" library="resources/lib/service.py" />
  <extension point="xbmc.python.script" library="resources/lib/addonsync.py">
    <provides>executable</provides>
  </extension>
  <extension point="xbmc.addon.metadata">
    <summary lang="en_US">
      Synchronize add-on settings across installations
    </summary>
    <summary lang="pt_PT">
      Sincronizar as definições dos extensões nas instalações
    </summary>
    <description lang="en_US">
      Synchronize your add-on settings across all of your Kodi installations
    </description>
    <description lang="pt_PT">
      Sincronizar as definições dos seus extensões em todas as suas instalações
      do Kodi
    </description>
    <news>
      v101.0.2 (2021-10-02)
      - Remove deprecated Python 2 syntax elements
      - Tighten exception handling Classes
      v101.0.1 (2021-09-28)
      - Upgrade settings.xml to new format
      v101.0.0 (2021-07-21)
      - Updated AddonSync to function on Kodi 19.0 "Matrix" and above
      v100.3.0 (2019-04-24)
      - Remove URepo link
      v100.2.0 (2018-06-01)
      - Final update
      v100.1.1 (2016-12-09)
      - Update with support for URepo
      v100.1.0 (2016-11-22)
      - Add option to ignore addon versions for resync
      v1.0.2 (2016-08-19)
      - Deliver updates through robwebset repository
      v1.0.1 (2016-05-05)
      - Change auto-check interval into hours rather than minutes
      v1.0.0 (2016-04-19)
      - Initial release
    </news>
    <platform>all</platform>
    <language>en pt</language>
      <license>MPL-2.0</license>
      <forum></forum>
    <website>https://github.com/RogueScholar/service.addonsync/wiki</website>
    <source>https://github.com/RogueScholar/service.addonsync</source>
    <lifecyclestate type="normal" lang="en_US">
      Updated for Matrix
    </lifecyclestate>
    <assets>
      <banner>resources/banner.png</banner>
      <clearlogo>resources/clearlogo.png</clearlogo>
      <fanart>resources/fanart.png</fanart>
      <icon>resources/icon.png</icon>
      <screenshot>resources/screenshot-01.png</screenshot>
      <screenshot>resources/screenshot-02.png</screenshot>
      <screenshot>resources/screenshot-03.png</screenshot>
    </assets>
    <reuselanguageinvoker>true</reuselanguageinvoker>
  </extension>
</addon>
