﻿<?xml version="1.0" encoding="UTF-8" standalone="yes"?>
<addon id="script.tvskipintroextro" version="2021.04.17" name="TV Skip Intro Extro" provider-name="aenema">
	<requires />
	<extension point="xbmc.python.script" library="resources/lib/script_entry.py">
		<provides>executable</provides>
	</extension>
	<extension point="xbmc.service" library="resources/lib/service_entry.py" start="startup" />
	<extension point="xbmc.addon.metadata">
		<description>Prompt a Skip Intro dialog Netflix style. Skips intro for your favourite shows. The addon creates a database of your shows and stores a custom set skip value</description>
		<summary lang="en">Skip TV Shows Intro and Exit Intro</summary>
		<platform>all</platform>
		<forum>-</forum>
		<website>-</website>
		<source>-</source>
		<news>-</news>
	</extension>
</addon>