<?xml version="1.0" encoding="UTF-8"?>
<window>
    <controls>
        <!-- Background -->
        <control type="group">
            <width>1920</width>
            <height>1080</height>
            <control type="image">
                <texture colordiffuse="FF000000">common/white.png</texture>
            </control>
            <control type="image">
                <texture>$INFO[Window.Property(fanart)]</texture>
                <aspectratio>scale</aspectratio>
                <animation effect="fade" start="100" end="25">WindowOpen</animation>
            </control>
        </control>
        <control type="group">
            <animation type="WindowOpen" reversible="false">
                <effect type="fade" end="100" time="400" />
            </animation>
            <!-- Logo & Directions -->
            <control type="group">
                <control type="image">
                    <left>0</left>
                    <top>0</top>
                    <width>1920</width>
                    <height>1080</height>
                    <texture colordiffuse="FF000000">common/white.png</texture>
                </control>
                <control type="image">
                    <texture>$INFO[Window.Property(fanart)]</texture>
                    <animation effect="fade" start="100" end="20">WindowOpen</animation>
                </control>
                <control type="group">
                    <left>1630</left>
                    <top>25</top>
                    <control type="image">
                        <top>0</top>
                        <left>210</left>
                        <width>35</width>
                        <height>35</height>
                        <aspectratio>keep</aspectratio>
                        <texture colordiffuse="FFE55E35">common/info.png</texture>
                    </control>
                    <control type="label">
                        <width max="150">auto</width>
                        <height>20</height>
                        <font>font12</font>
                        <textcolor>B3CCCCCC</textcolor>
                        <align>left</align>
                        <aligny>top</aligny>
                        <label>[COLOR B3CCCCCC]Scraping...[/COLOR]</label>
                        <visible>String.IsEqual(Window.Property(window_mode),scraper)</visible>
                    </control>
                    <control type="label">
                        <width max="150">auto</width>
                        <height>20</height>
                        <font>font12</font>
                        <textcolor>B3CCCCCC</textcolor>
                        <align>left</align>
                        <aligny>top</aligny>
                        <label>[COLOR B3CCCCCC]Resolving...[/COLOR]</label>
                        <visible>String.IsEqual(Window.Property(window_mode),resolver)</visible>
                    </control>
                    <control type="label">
                        <width max="300">auto</width>
                        <top>40</top>
                        <height>40</height>
                        <align>left</align>
                        <aligny>top</aligny>
                        <font>font12</font>
                        <label>[COLOR B3CCCCCC][B]Time: $INFO[System.Time(hh:mm:ss)][/B][/COLOR][CR][COLOR B3CCCCCC]$INFO[System.Date][/COLOR]</label>
                    </control>
                </control>
                <control type="image">
                    <left>5</left>
                    <top>5</top>
                    <width>75</width>
                    <height>75</height>
                    <aspectratio aligny="top">keep</aspectratio>
                    <texture>common/infinite.png</texture>
                </control>
                <control type="label">
                    <left>75</left>
                    <top>30</top>
                    <width max="1160">auto</width>
                    <height>20</height>
                    <font>font12</font>
                    <align>left</align>
                    <aligny>center</aligny>
                    <label>[COLOR B3CCCCCC]Press [B]BACK[/B] to Cancel[/COLOR]</label>
                    <visible>String.IsEqual(Window.Property(window_mode),scraper) | String.IsEqual(Window.Property(window_mode),resume)</visible>
                </control>
                <control type="label">
                    <left>75</left>
                    <top>30</top>
                    <width max="1160">auto</width>
                    <height>20</height>
                    <font>font12</font>
                    <align>left</align>
                    <aligny>center</aligny>
                    <label>[COLOR B3CCCCCC]Press [B]BACK[/B] to Cancel | Press [B]RIGHT[/B] to Skip[/COLOR]</label>
                    <visible>String.IsEqual(Window.Property(window_mode),resolver)</visible>
                </control>
            </control>
            <!-- Clearlogo & Title/Genre -->
            <control type="group">
                <control type="image">
                    <top>70</top>
                    <left>395</left>
                    <width>1130</width>
                    <height max="250">auto</height>
                    <aspectratio>keep</aspectratio>
                    <align>center</align>
                    <aligny>bottom</aligny>
                    <texture background="true">$INFO[Window.Property(clearlogo)]</texture>
                    <visible>!String.IsEmpty(Window.Property(clearlogo))</visible>
                </control>
                <control type="label">
                    <top>200</top>
                    <width>1920</width>
                    <height>30</height>
                    <font>font60</font>
                    <textcolor>B3CCCCCC</textcolor>
                    <align>center</align>
                    <aligny>bottom</aligny>
                    <label>[B]$INFO[Window.Property(title)][/B]</label>
                    <visible>String.IsEmpty(Window.Property(clearlogo))</visible>
                </control>
                <control type="label">
                    <top>345</top>
                    <width>1920</width>
                    <height>25</height>
                    <font>font14</font>
                    <textcolor>B3CCCCCC</textcolor>
                    <align>center</align>
                    <aligny>bottom</aligny>
                    <label>[I]$INFO[Window.Property(genre)][/I]</label>
                    <!-- <visible>String.IsEmpty(Window.Property(clearlogo))</visible> -->
                </control>
                <control type="group">
                    <control type="label">
                        <top>400</top>
                        <width max="1920">auto</width>
                        <height>10</height>
                        <font>font14</font>
                        <textcolor>B3CCCCCC</textcolor>
                        <align>center</align>
                        <aligny>bottom</aligny>
                        <label>[B]$INFO[Window.Property(title2)][/B]</label>
                    </control>
                    <control type="label">
                        <visible>String.IsEqual(Window.Property(window_mode),scraper)</visible>
                        <top>450</top>
                        <width max="1920">auto</width>
                        <height>20</height>
                        <align>center</align>
                        <aligny>top</aligny>
                        <font>font16</font>
                        <label>[COLOR FFE57373][B]$INFO[Window.Property(percent)] % | $INFO[Window.Property(elapsed_time)][/B][/COLOR][COLOR B3CCCCCC] Seconds.[/COLOR]</label>
                    </control>
                    <control type="label">
                        <visible>String.IsEqual(Window.Property(window_mode),resolver)</visible>
                        <top>450</top>
                        <width max="1920">auto</width>
                        <height>20</height>
                        <align>center</align>
                        <aligny>top</aligny>
                        <font>font16</font>
                        <label>[COLOR FFE57373][B]$INFO[Window.Property(percent)] %[/B][/COLOR]</label>
                    </control>
                </control>
            </control>
            <!-- Busy Spinner -->
            <control type="image">
                <visible>String.IsEqual(Window.Property(window_mode),scraper)</visible>
                <left>885</left>
                <top>700</top>
                <width>150</width>
                <height>100</height>
                <texture flipx="false" colordiffuse="FFE55E35">common/spinner.png</texture>
                <!-- for spin.png <animation effect="rotate" start="360" end="0" center="auto" time="1200" loop="true" reversible="false" condition="true">Conditional</animation> -->
                <animation effect="fade" time="320" delay="400">Visible</animation>
                <animation effect="rotatey" start="360" end="0" center="auto" time="2000" loop="true" reversible="false" condition="true">Conditional</animation>
                <animation effect="fade" start="30" time="120" condition="true" pulse="true">Conditional</animation>
            </control>
            <!-- Progress -->
            <control type="group">
                <top>540</top>
                <left>660</left>
                <control type="group">
                    <control type="image">
                        <left>0</left>
                        <width>20</width>
                        <height>20</height>
                        <texture colordiffuse="FF434343">common/white.png</texture>
                        <visible>Integer.IsLess(Window().Property(percent),1)</visible>
                    </control>
                    <control type="image">
                        <left>30</left>
                        <width>20</width>
                        <height>20</height>
                        <texture colordiffuse="FF434343">common/white.png</texture>
                        <visible>Integer.IsLess(Window().Property(percent),5)</visible>
                    </control>
                    <control type="image">
                        <left>60</left>
                        <width>20</width>
                        <height>20</height>
                        <texture colordiffuse="FF434343">common/white.png</texture>
                        <visible>Integer.IsLess(Window().Property(percent),10)</visible>
                    </control>
                    <control type="image">
                        <left>90</left>
                        <width>20</width>
                        <height>20</height>
                        <texture colordiffuse="FF434343">common/white.png</texture>
                        <visible>Integer.IsLess(Window().Property(percent),15)</visible>
                    </control>
                    <control type="image">
                        <left>120</left>
                        <width>20</width>
                        <height>20</height>
                        <texture colordiffuse="FF434343">common/white.png</texture>
                        <visible>Integer.IsLess(Window().Property(percent),20)</visible>
                    </control>
                    <control type="image">
                        <left>150</left>
                        <width>20</width>
                        <height>20</height>
                        <texture colordiffuse="FF434343">common/white.png</texture>
                        <visible>Integer.IsLess(Window().Property(percent),25)</visible>
                    </control>
                    <control type="image">
                        <left>180</left>
                        <width>20</width>
                        <height>20</height>
                        <texture colordiffuse="FF434343">common/white.png</texture>
                        <visible>Integer.IsLess(Window().Property(percent),30)</visible>
                    </control>
                    <control type="image">
                        <left>210</left>
                        <width>20</width>
                        <height>20</height>
                        <texture colordiffuse="FF434343">common/white.png</texture>
                        <visible>Integer.IsLess(Window().Property(percent),35)</visible>
                    </control>
                    <control type="image">
                        <left>240</left>
                        <width>20</width>
                        <height>20</height>
                        <texture colordiffuse="FF434343">common/white.png</texture>
                        <visible>Integer.IsLess(Window().Property(percent),40)</visible>
                    </control>
                    <control type="image">
                        <left>270</left>
                        <width>20</width>
                        <height>20</height>
                        <texture colordiffuse="FF434343">common/white.png</texture>
                        <visible>Integer.IsLess(Window().Property(percent),45)</visible>
                    </control>
                    <control type="image">
                        <left>300</left>
                        <width>20</width>
                        <height>20</height>
                        <texture colordiffuse="FF434343">common/white.png</texture>
                        <visible>Integer.IsLess(Window().Property(percent),50)</visible>
                    </control>
                    <control type="image">
                        <left>330</left>
                        <width>20</width>
                        <height>20</height>
                        <texture colordiffuse="FF434343">common/white.png</texture>
                        <visible>Integer.IsLess(Window().Property(percent),55)</visible>
                    </control>
                    <control type="image">
                        <left>360</left>
                        <width>20</width>
                        <height>20</height>
                        <texture colordiffuse="FF434343">common/white.png</texture>
                        <visible>Integer.IsLess(Window().Property(percent),60)</visible>
                    </control>
                    <control type="image">
                        <left>390</left>
                        <width>20</width>
                        <height>20</height>
                        <texture colordiffuse="FF434343">common/white.png</texture>
                        <visible>Integer.IsLess(Window().Property(percent),65)</visible>
                    </control>
                    <control type="image">
                        <left>420</left>
                        <width>20</width>
                        <height>20</height>
                        <texture colordiffuse="FF434343">common/white.png</texture>
                        <visible>Integer.IsLess(Window().Property(percent),70)</visible>
                    </control>
                    <control type="image">
                        <left>450</left>
                        <width>20</width>
                        <height>20</height>
                        <texture colordiffuse="FF434343">common/white.png</texture>
                        <visible>Integer.IsLess(Window().Property(percent),75)</visible>
                    </control>
                    <control type="image">
                        <left>480</left>
                        <width>20</width>
                        <height>20</height>
                        <texture colordiffuse="FF434343">common/white.png</texture>
                        <visible>Integer.IsLess(Window().Property(percent),80)</visible>
                    </control>
                    <control type="image">
                        <left>510</left>
                        <width>20</width>
                        <height>20</height>
                        <texture colordiffuse="FF434343">common/white.png</texture>
                        <visible>Integer.IsLess(Window().Property(percent),85)</visible>
                    </control>
                    <control type="image">
                        <left>540</left>
                        <width>20</width>
                        <height>20</height>
                        <texture colordiffuse="FF434343">common/white.png</texture>
                        <visible>Integer.IsLess(Window().Property(percent),90)</visible>
                    </control>
                    <control type="image">
                        <left>570</left>
                        <width>20</width>
                        <height>20</height>
                        <texture colordiffuse="FF434343">common/white.png</texture>
                        <visible>Integer.IsLess(Window().Property(percent),95)</visible>
                    </control>
                    <control type="image">
                        <left>600</left>
                        <width>20</width>
                        <height>20</height>
                        <texture colordiffuse="FF434343">common/white.png</texture>
                        <visible>Integer.IsLess(Window().Property(percent),99)</visible>
                    </control>
                </control>
                <control type="group">
                    <control type="image">
                        <left>0</left>
                        <width>20</width>
                        <height>20</height>
                        <texture colordiffuse="FFFFEBEE">common/white_elipse.png</texture>
                        <visible>Integer.IsGreaterOrEqual(Window().Property(percent),1)</visible>
                    </control>
                    <control type="image">
                        <left>30</left>
                        <width>20</width>
                        <height>20</height>
                        <texture colordiffuse="FFFFEBEE">common/white_elipse.png</texture>
                        <visible>Integer.IsGreaterOrEqual(Window().Property(percent),5)</visible>
                    </control>
                    <control type="image">
                        <left>60</left>
                        <width>20</width>
                        <height>20</height>
                        <texture colordiffuse="FFFFCDD2">common/white_elipse.png</texture>
                        <visible>Integer.IsGreaterOrEqual(Window().Property(percent),10)</visible>
                    </control>
                    <control type="image">
                        <left>90</left>
                        <width>20</width>
                        <height>20</height>
                        <texture colordiffuse="FFFFCDD2">common/white_elipse.png</texture>
                        <visible>Integer.IsGreaterOrEqual(Window().Property(percent),15)</visible>
                    </control>
                    <control type="image">
                        <left>120</left>
                        <width>20</width>
                        <height>20</height>
                        <texture colordiffuse="FFEF9A9A">common/white_elipse.png</texture>
                        <visible>Integer.IsGreaterOrEqual(Window().Property(percent),20)</visible>
                    </control>
                    <control type="image">
                        <left>150</left>
                        <width>20</width>
                        <height>20</height>
                        <texture colordiffuse="FFEF9A9A">common/white_elipse.png</texture>
                        <visible>Integer.IsGreaterOrEqual(Window().Property(percent),25)</visible>
                    </control>
                    <control type="image">
                        <left>180</left>
                        <width>20</width>
                        <height>20</height>
                        <texture colordiffuse="FFE57373">common/white_elipse.png</texture>
                        <visible>Integer.IsGreaterOrEqual(Window().Property(percent),30)</visible>
                    </control>
                    <control type="image">
                        <left>210</left>
                        <width>20</width>
                        <height>20</height>
                        <texture colordiffuse="FFE57373">common/white_elipse.png</texture>
                        <visible>Integer.IsGreaterOrEqual(Window().Property(percent),35)</visible>
                    </control>
                    <control type="image">
                        <left>240</left>
                        <width>20</width>
                        <height>20</height>
                        <texture colordiffuse="FFEF5350">common/white_elipse.png</texture>
                        <visible>Integer.IsGreaterOrEqual(Window().Property(percent),40)</visible>
                    </control>
                    <control type="image">
                        <left>270</left>
                        <width>20</width>
                        <height>20</height>
                        <texture colordiffuse="FFEF5350">common/white_elipse.png</texture>
                        <visible>Integer.IsGreaterOrEqual(Window().Property(percent),45)</visible>
                    </control>
                    <control type="image">
                        <left>300</left>
                        <width>20</width>
                        <height>20</height>
                        <texture colordiffuse="FFF44336">common/white_elipse.png</texture>
                        <visible>Integer.IsGreaterOrEqual(Window().Property(percent),50)</visible>
                    </control>
                    <control type="image">
                        <left>330</left>
                        <width>20</width>
                        <height>20</height>
                        <texture colordiffuse="FFF44336">common/white_elipse.png</texture>
                        <visible>Integer.IsGreaterOrEqual(Window().Property(percent),55)</visible>
                    </control>
                    <control type="image">
                        <left>360</left>
                        <width>20</width>
                        <height>20</height>
                        <texture colordiffuse="FFE53935">common/white_elipse.png</texture>
                        <visible>Integer.IsGreaterOrEqual(Window().Property(percent),60)</visible>
                    </control>
                    <control type="image">
                        <left>390</left>
                        <width>20</width>
                        <height>20</height>
                        <texture colordiffuse="FFE53935">common/white_elipse.png</texture>
                        <visible>Integer.IsGreaterOrEqual(Window().Property(percent),65)</visible>
                    </control>
                    <control type="image">
                        <left>420</left>
                        <width>20</width>
                        <height>20</height>
                        <texture colordiffuse="FFD32F2F">common/white_elipse.png</texture>
                        <visible>Integer.IsGreaterOrEqual(Window().Property(percent),70)</visible>
                    </control>
                    <control type="image">
                        <left>450</left>
                        <width>20</width>
                        <height>20</height>
                        <texture colordiffuse="FFD32F2F">common/white_elipse.png</texture>
                        <visible>Integer.IsGreaterOrEqual(Window().Property(percent),75)</visible>
                    </control>
                    <control type="image">
                        <left>480</left>
                        <width>20</width>
                        <height>20</height>
                        <texture colordiffuse="FFC62828">common/white_elipse.png</texture>
                        <visible>Integer.IsGreaterOrEqual(Window().Property(percent),80)</visible>
                    </control>
                    <control type="image">
                        <left>510</left>
                        <width>20</width>
                        <height>20</height>
                        <texture colordiffuse="FFC62828">common/white_elipse.png</texture>
                        <visible>Integer.IsGreaterOrEqual(Window().Property(percent),85)</visible>
                    </control>
                    <control type="image">
                        <left>540</left>
                        <width>20</width>
                        <height>20</height>
                        <texture colordiffuse="FFB71C1C">common/white_elipse.png</texture>
                        <visible>Integer.IsGreaterOrEqual(Window().Property(percent),90)</visible>
                    </control>
                    <control type="image">
                        <left>570</left>
                        <width>20</width>
                        <height>20</height>
                        <texture colordiffuse="FFB71C1C">common/white_elipse.png</texture>
                        <visible>Integer.IsGreaterOrEqual(Window().Property(percent),95)</visible>
                    </control>
                    <control type="image">
                        <left>600</left>
                        <width>20</width>
                        <height>20</height>
                        <texture colordiffuse="FFB71C1C">common/white_elipse.png</texture>
                        <visible>Integer.IsGreaterOrEqual(Window().Property(percent),99)</visible>
                    </control>
                </control>
            </control>
            <!-- Scraper -->
            <control type="group">
                <visible>String.IsEqual(Window.Property(window_mode),scraper)</visible>
                <top>470</top>
                <control type="group">
                    <top>70</top>
                    <left>700</left>
                    <control type="group">
                        <control type="label">
                            <top>50</top>
                            <left>10</left>
                            <width>100</width>
                            <height>0</height>
                            <align>center</align>
                            <aligny>center</aligny>
                            <font>font14</font>
                            <label>[COLOR $INFO[Window.Property(flag_highlight)]][B]4K[/B][/COLOR]</label>
                        </control>
                        <control type="label">
                            <top>100</top>
                            <left>10</left>
                            <width>100</width>
                            <height>0</height>
                            <align>center</align>
                            <aligny>center</aligny>
                            <font>font14</font>
                            <label>[COLOR $INFO[Window.Property(result_highlight_4k)]][B]$INFO[Window.Property(results_4k)][/B][/COLOR]</label>
                        </control>
                    </control>
                    <control type="group">
                        <left>100</left>
                        <control type="label">
                            <top>50</top>
                            <left>10</left>
                            <width>100</width>
                            <height>0</height>
                            <align>center</align>
                            <aligny>center</aligny>
                            <font>font14</font>
                            <label>[COLOR $INFO[Window.Property(flag_highlight)]][B]1080[/B][/COLOR]</label>
                        </control>
                        <control type="label">
                            <top>100</top>
                            <left>10</left>
                            <width>100</width>
                            <height>0</height>
                            <align>center</align>
                            <aligny>center</aligny>
                            <font>font14</font>
                            <label>[COLOR $INFO[Window.Property(result_highlight_1080p)]][B]$INFO[Window.Property(results_1080p)][/B][/COLOR]</label>
                        </control>
                    </control>
                    <control type="group">
                        <left>200</left>
                        <control type="label">
                            <top>50</top>
                            <left>10</left>
                            <width>100</width>
                            <height>0</height>
                            <align>center</align>
                            <aligny>center</aligny>
                            <font>font14</font>
                            <label>[COLOR $INFO[Window.Property(flag_highlight)]][B]720[/B][/COLOR]</label>
                        </control>
                        <control type="label">
                            <top>100</top>
                            <left>10</left>
                            <width>100</width>
                            <height>0</height>
                            <align>center</align>
                            <aligny>center</aligny>
                            <font>font14</font>
                            <label>[COLOR $INFO[Window.Property(result_highlight_720p)]][B]$INFO[Window.Property(results_720p)][/B][/COLOR]</label>
                        </control>
                    </control>
                    <control type="group">
                        <left>300</left>
                        <control type="label">
                            <top>50</top>
                            <left>10</left>
                            <width>100</width>
                            <height>0</height>
                            <align>center</align>
                            <aligny>center</aligny>
                            <font>font14</font>
                            <label>[COLOR $INFO[Window.Property(flag_highlight)]][B]SD[/B][/COLOR]</label>
                        </control>
                        <control type="label">
                            <top>100</top>
                            <left>10</left>
                            <width>100</width>
                            <height>0</height>
                            <align>center</align>
                            <aligny>center</aligny>
                            <font>font14</font>
                            <label>[COLOR $INFO[Window.Property(result_highlight_sd)]][B]$INFO[Window.Property(results_sd)][/B][/COLOR]</label>
                        </control>
                    </control>
                    <control type="group">
                        <left>400</left>
                        <control type="label">
                            <top>50</top>
                            <left>10</left>
                            <width>100</width>
                            <height>0</height>
                            <align>center</align>
                            <aligny>center</aligny>
                            <font>font14</font>
                            <label>[COLOR $INFO[Window.Property(flag_highlight)]][B]TOTAL[/B][/COLOR]</label>
                        </control>
                        <control type="label">
                            <top>100</top>
                            <left>10</left>
                            <width>100</width>
                            <height>0</height>
                            <align>center</align>
                            <aligny>center</aligny>
                            <font>font14</font>
                            <label>[COLOR $INFO[Window.Property(result_highlight)]][B]$INFO[Window.Property(results_total)][/B][/COLOR]</label>
                        </control>
                    </control>
                </control>
                <control type="textbox" id="2001">
                    <top>250</top>
                    <left>720</left>
                    <width>450</width>
                    <height>210</height>
                    <align>center</align>
                    <aligny>bottom</aligny>
                    <font>font12</font>
                    <textcolor>B3CCCCCC</textcolor>
                    <textcolor>$INFO[Window.Property(result_highlight)]</textcolor>
                </control>
            </control>
            <!-- Resolver -->
            <control type="group">
                <visible>String.IsEqual(Window.Property(window_mode),resolver)</visible>
                <control type="textbox">
                    <left>560</left>
                    <top>570</top>
                    <width>820</width>
                    <height>310</height>
                    <font>font12</font>
                    <align>center</align>
                    <aligny>bottom</aligny>
                    <textcolor>B3CCCCCC</textcolor>
                    <label>$INFO[Window.Property(text)]</label>
                </control>
                <control type="textbox" id="2002">
                    <top>950</top>
                    <left>20</left>
                    <width>1880</width>
                    <height>100</height>
                    <font>font12</font>
                    <align>center</align>
                    <aligny>bottom</aligny>
                    <textcolor>B3CCCCCC</textcolor>
                </control>
            </control>
            <!-- Resume -->
            <control type="grouplist">
                <visible>String.IsEqual(Window.Property(window_mode),resume)</visible>
                <top>620</top>
                <left>650</left>
                <orientation>horizontal</orientation>
                <itemgap>20</itemgap>
                <control type="button" id="10">
                    <description>Resume</description>
                    <width>200</width>
                    <height>100</height>
                    <onleft>11</onleft>
                    <onright>11</onright>
                    <label>Resume $INFO[Window.Property(resume_percent)]%</label>
                    <font>font12</font>
                    <textcolor>FFB7B4BB</textcolor>
                    <focusedcolor>FFFF0000</focusedcolor>
                    <texturefocus colordiffuse="FFCCCCCC">common/button-base.png</texturefocus>
                    <texturenofocus colordiffuse="FF302F2F">common/button-base.png</texturenofocus>
                    <align>center</align>
                </control>
                <control type="button" id="11">
                    <description>Start Over</description>
                    <width>200</width>
                    <height>100</height>
                    <onleft>10</onleft>
                    <onright>12</onright>
                    <label>Start Over</label>
                    <font>font12</font>
                    <textcolor>FFB7B4BB</textcolor>
                    <focusedcolor>FFFF0000</focusedcolor>
                    <texturefocus colordiffuse="FFCCCCCC">common/button-base.png</texturefocus>
                    <texturenofocus colordiffuse="FF302F2F">common/button-base.png</texturenofocus>
                    <align>center</align>
                </control>
                <control type="button" id="12">
                    <description>Cancel</description>
                    <width>200</width>
                    <height>100</height>
                    <onleft>11</onleft>
                    <onright>10</onright>
                    <label>Cancel</label>
                    <font>font12</font>
                    <textcolor>FFB7B4BB</textcolor>
                    <focusedcolor>FFFF0000</focusedcolor>
                    <texturefocus colordiffuse="FFCCCCCC">common/button-base.png</texturefocus>
                    <texturenofocus colordiffuse="FF302F2F">common/button-base.png</texturenofocus>
                    <align>center</align>
                </control>
            </control>
        </control>
    </controls>
</window>
