<?xml version="1.0" encoding="UTF-8" standalone="yes"?>
<addon id="plugin.video.playlistLoader" name="Playlist Loader" version="1.5.0" provider-name="osgioia">
    <requires>
        <!-- <import addon="xbmc.python" version="2.1.0"/> -->
        <import addon="script.module.requests" version="2.9.1"/>
        <import addon="script.module.dateutil" version="2.8.1"/>
        <import addon="script.module.chardet"/>
    </requires>
    <extension point="xbmc.python.pluginsource" library="default.py">
        <provides>video</provides>
    </extension>
    <extension point="xbmc.python.module" library="resources/lib/"/>
    <extension point="xbmc.addon.metadata">
        <summary lang="en">Playlist Loader</summary>
        <summary lang="he">Playlist Loader</summary>
        <description lang="en">Playlist Loader</description>
        <description lang="he">Playlist Loader</description>
        <platform>all</platform>
        <assets>
            <icon>icon.png</icon>
        </assets>
        <news>
      1.4.9
      - Got rid of xmltodict to speed up EPG processing.
      1.4.8
      - EPG fix for list of channel names under the same id number
      1.4.7
      - fix for weird/double channel name
      1.4.6
      - fix for absent icon source
      1.4.5
      - cache reload period for EPG
      1.4.4
      - EPG plot update
      1.4.3
      - Added Russian language support and minor EPG tweacks
      1.4.2
      - Added support for xmltv EPG
      1.4.1
      - Added support for #EXTGRP group tag.
      1.4.0
      - Forked of Nux007
      - Add Support for Youtube.

      1.3.0
      - Added default icons.
      - Added transparency to existing icons for better themes integration.
      - Added virtual directories feature allowing a better categorization of m3u lists.
      - Refresh favourites list when moving an item.
      - Ability to move playlists root and directories sides.
      - Refresh playlists and directories when moving an item.
      - Disabled TvDb and MovieDb for now ( waiting for improvements )

      1.2.1
      - Taking ownership of the addon, see : https://github.com/avigdork/xbmc-avigdork/pull/8#issuecomment-416955692
      - Fixed regex => grouping issue when tvg-logo was empty.
      - Added icon image also when items are grouped.
      - Regex fix for title containing comas.
      - Added TheTvDb scan for each lists in contextual menu ( beta ).

    </news>
    </extension>
</addon>
