[{"title": "Punyashlok Ahilya Bai", "service": "True", "skip": "30", "start": "10", "eskip": "300"}, {"title": "Sasural Simar Ka 2", "service": "True", "skip": "50", "start": "10", "eskip": "300"}, {"title": "Barrister Babu", "service": "True", "skip": "50", "start": "10", "eskip": "300"}, {"title": "Crime Patrol", "service": "True", "skip": "15", "start": "10", "eskip": "300"}, {"title": "Mere Sai", "service": "True", "skip": "50", "start": "10", "eskip": "300"}, {"title": "Alias", "service": "True", "skip": "50", "start": "10", "eskip": "300"}, {"title": "NCIS Los Angeles", "service": "True", "skip": "50", "start": "10", "eskip": "300"}, {"title": "Indian Idol 2020", "service": "True", "skip": "50", "start": "10", "eskip": "300"}, {"title": "FoxBusiness", "service": "False", "skip": "50", "start": "10", "eskip": "300"}, {"title": "Blue Bloods", "service": "True", "skip": "50", "start": "10", "eskip": "300"}, {"title": "FX Movie Channel", "service": "True", "skip": "50", "start": "10", "eskip": "300"}, {"title": "The Handmaids Tale", "service": "True", "skip": "50", "start": "10", "eskip": "300"}, {"title": "Book of Genesis The", "service": "True", "skip": "50", "start": "10", "eskip": "300"}, {"title": "StarZ", "service": "False", "skip": "50", "start": "10", "eskip": "300"}, {"title": "The Following", "service": "True", "skip": "50", "start": "10", "eskip": "300"}, {"title": "SEAL Team", "service": "True", "skip": "50", "start": "10", "eskip": "300"}, {"title": "Snowfall", "service": "True", "skip": "50", "start": "10", "eskip": "300"}, {"title": "FoxNews", "service": "False", "skip": "50", "start": "10", "eskip": "300"}, {"title": "The November Man", "service": "True", "skip": "50", "start": "10", "eskip": "300"}, {"title": "Sargam Ki Sadhe Satii", "service": "True", "skip": "50", "start": "10", "eskip": "300"}, {"title": "Vighnaharta Ganesh", "service": "True", "skip": "50", "start": "10", "eskip": "300"}, {"title": "NCIS", "service": "True", "skip": "50", "start": "10", "eskip": "300"}, {"title": "Genius", "service": "True", "skip": "50", "start": "10", "eskip": "300"}, {"title": "Queen of the South", "service": "True", "skip": "50", "start": "10", "eskip": "300"}, {"title": "Fear the Walking Dead", "service": "True", "skip": "50", "start": "10", "eskip": "300"}, {"title": "Stowaway", "service": "True", "skip": "50", "start": "10", "eskip": "300"}, {"title": "The Walking Dead", "service": "True", "skip": "30", "start": "10", "eskip": "300"}, {"title": "The Hunt", "service": "True", "skip": "50", "start": "10", "eskip": "300"}, {"title": "ACC Network", "service": "False", "skip": "50", "start": "10", "eskip": "300"}, {"title": "Chacha Vidhayak Hain Humare", "service": "True", "skip": "50", "start": "10", "eskip": "300"}, {"title": "Bosch", "service": "True", "skip": "50", "start": "10", "eskip": "300"}, {"title": "Tom Clancys Without Remorse", "service": "True", "skip": "50", "start": "10", "eskip": "300"}, {"title": "Star Trek Discovery", "service": "True", "skip": "50", "start": "10", "eskip": "300"}, {"title": "The Blacklist", "service": "True", "skip": "50", "start": "10", "eskip": "300"}, {"title": "Mollki", "service": "True", "skip": "50", "start": "10", "eskip": "300"}, {"title": "Marvels Agents of SHIELD", "service": "True", "skip": "50", "start": "10", "eskip": "300"}, {"title": "FOX News", "service": "False", "skip": "50", "start": "10", "eskip": "300"}, {"title": "ABC News", "service": "False", "skip": "50", "start": "10", "eskip": "300"}, {"title": "TBS", "service": "False", "skip": "50", "start": "10", "eskip": "300"}, {"title": "Film Crew Giant of Marathon", "service": "True", "skip": "50", "start": "10", "eskip": "300"}, {"title": "Choti Sarrdaarni", "service": "True", "skip": "50", "start": "10", "eskip": "300"}, {"title": "Super Dancer", "service": "True", "skip": "50", "start": "10", "eskip": "300"}, {"title": "Damnation", "service": "True", "skip": "50", "start": "10", "eskip": "300"}, {"title": "Deception", "service": "True", "skip": "50", "start": "10", "eskip": "300"}, {"title": "Predator", "service": "True", "skip": "50", "start": "10", "eskip": "300"}, {"title": "Little Women", "service": "True", "skip": "50", "start": "10", "eskip": "300"}, {"title": "The Conjuring The Devil Made Me Do It", "service": "True", "skip": "50", "start": "10", "eskip": "300"}, {"title": "The Flash", "service": "True", "skip": "50", "start": "10", "eskip": "300"}, {"title": "Kyun Ho Gaya Na Full HD Movie Facts | Vivek Oberio | Aishwariya Rai", "service": "True", "skip": "50", "start": "10", "eskip": "300"}, {"title": "Dallas", "service": "True", "skip": "50", "start": "10", "eskip": "300"}, {"title": "Blood & Treasure", "service": "True", "skip": "50", "start": "10", "eskip": "300"}, {"title": "State Of Siege Temple Attack", "service": "True", "skip": "50", "start": "10", "eskip": "300"}, {"title": "Taarak Mehta Ka Ooltah Chashmah", "service": "True", "skip": "50", "start": "10", "eskip": "300"}, {"title": "Shakti", "service": "True", "skip": "50", "start": "10", "eskip": "300"}, {"title": "The Queen of Flow", "service": "True", "skip": "50", "start": "10", "eskip": "300"}, {"title": "Shu Thayu", "service": "True", "skip": "50", "start": "10", "eskip": "300"}, {"title": "Betaal", "service": "True", "skip": "50", "start": "10", "eskip": "300"}, {"title": "The Fall", "service": "True", "skip": "50", "start": "10", "eskip": "300"}, {"title": "Hit", "service": "True", "skip": "50", "start": "10", "eskip": "300"}, {"title": "Toofaan", "service": "True", "skip": "50", "start": "10", "eskip": "300"}, {"title": "Collar Bomb", "service": "True", "skip": "50", "start": "10", "eskip": "300"}, {"title": "The Spanish Princess", "service": "True", "skip": "50", "start": "10", "eskip": "300"}, {"title": "WandaVision", "service": "True", "skip": "50", "start": "10", "eskip": "300"}, {"title": "Wrath of Man", "service": "True", "skip": "50", "start": "10", "eskip": "300"}, {"title": "Superstore", "service": "True", "skip": "50", "start": "10", "eskip": "300"}, {"title": "The Terror", "service": "True", "skip": "50", "start": "10", "eskip": "300"}, {"title": "13 Reasons Why", "service": "True", "skip": "50", "start": "10", "eskip": "300"}, {"title": "Ancient Aliens", "service": "True", "skip": "50", "start": "10", "eskip": "300"}, {"title": "The Happy Hour", "service": "True", "skip": "50", "start": "10", "eskip": "300"}, {"title": "Bigg Boss OTT", "service": "True", "skip": "50", "start": "10", "eskip": "300"}, {"title": "Al Jazeera", "service": "False", "skip": "50", "start": "10", "eskip": "300"}, {"title": "31", "service": "True", "skip": "50", "start": "10", "eskip": "300"}, {"title": "80s Rewind", "service": "False", "skip": "50", "start": "10", "eskip": "300"}, {"title": "PBS Kids", "service": "True", "skip": "50", "start": "10", "eskip": "300"}, {"title": "Falcon Rising", "service": "True", "skip": "50", "start": "10", "eskip": "300"}, {"title": "2 Days in New York", "service": "True", "skip": "50", "start": "10", "eskip": "300"}, {"title": "Dial 100", "service": "True", "skip": "50", "start": "10", "eskip": "300"}, {"title": "Brooklyn NineNine", "service": "True", "skip": "25", "start": "10", "eskip": "300"}, {"title": "Dark", "service": "True", "skip": "50", "start": "10", "eskip": "300"}, {"title": "Ishk Par Zor Nahin", "service": "True", "skip": "50", "start": "10", "eskip": "300"}, {"title": "Kuch Rang Pyaar Ke Aise Bhi", "service": "True", "skip": "50", "start": "10", "eskip": "300"}, {"title": "The Mandalorian", "service": "True", "skip": "30", "start": "10", "eskip": "300"}, {"title": "Magnum PI", "service": "True", "skip": "50", "start": "10", "eskip": "300"}, {"title": "Dance Deewane 3", "service": "True", "skip": "50", "start": "10", "eskip": "300"}, {"title": "Papillon", "service": "True", "skip": "50", "start": "10", "eskip": "300"}, {"title": "Star Wars The Rise of Skywalker", "service": "True", "skip": "50", "start": "10", "eskip": "300"}, {"title": "Solo A Star Wars Story", "service": "True", "skip": "50", "start": "10", "eskip": "300"}, {"title": "Criminal Minds", "service": "True", "skip": "50", "start": "10", "eskip": "300"}, {"title": "Star Wars The Last Jedi", "service": "True", "skip": "50", "start": "10", "eskip": "300"}, {"title": "NCIS New Orleans", "service": "True", "skip": "50", "start": "10", "eskip": "300"}, {"title": "The Sinner", "service": "True", "skip": "50", "start": "10", "eskip": "300"}, {"title": "The Last Witch Hunter", "service": "True", "skip": "50", "start": "10", "eskip": "300"}, {"title": "The Kapil Sharma Show", "service": "True", "skip": "50", "start": "10", "eskip": "300"}, {"title": "Chehre", "service": "True", "skip": "50", "start": "10", "eskip": "300"}, {"title": "A Simple Murder", "service": "True", "skip": "50", "start": "10", "eskip": "300"}, {"title": "Instinct", "service": "True", "skip": "50", "start": "10", "eskip": "300"}, {"title": "Paydirt", "service": "True", "skip": "50", "start": "10", "eskip": "300"}, {"title": "Bade Acche Lagte Hai 2", "service": "True", "skip": "50", "start": "10", "eskip": "300"}, {"title": "Jungle Cruise", "service": "True", "skip": "50", "start": "10", "eskip": "300"}, {"title": "My Name Is Lucky", "service": "True", "skip": "50", "start": "10", "eskip": "300"}, {"title": "Docurama", "service": "True", "skip": "50", "start": "10", "eskip": "300"}, {"title": "The Killings at Badgers Drift", "service": "True", "skip": "50", "start": "10", "eskip": "300"}, {"title": "Money Heist", "service": "True", "skip": "50", "start": "10", "eskip": "300"}, {"title": "Dexter", "service": "True", "skip": "180", "start": "10", "eskip": "300"}, {"title": "Billions", "service": "True", "skip": "20", "start": "10", "eskip": "300"}, {"title": "House of Anubis", "service": "True", "skip": "50", "start": "10", "eskip": "300"}, {"title": "Dhadkan Zindagi Ki", "service": "True", "skip": "50", "start": "10", "eskip": "300"}, {"title": "Kaamna", "service": "True", "skip": "50", "start": "10", "eskip": "60"}, {"title": "Shark Tank India", "service": "True", "skip": "50", "start": "10", "eskip": "60"}, {"title": "Apharan", "service": "True", "skip": "50", "start": "10", "eskip": "60"}, {"title": "Eternals", "service": "True", "skip": "50", "start": "10", "eskip": "60"}, {"title": "Red Notice", "service": "True", "skip": "50", "start": "10", "eskip": "60"}, {"title": "Sorabh Pant Make India Great Again", "service": "True", "skip": "50", "start": "10", "eskip": "60"}, {"title": "India Got Talent 9", "service": "True", "skip": "50", "start": "10", "eskip": "60"}, {"title": "Everybody Loves Raymond", "service": "True", "skip": "50", "start": "10", "eskip": "60"}, {"title": "Dexter New Blood", "service": "True", "skip": "50", "start": "10", "eskip": "60"}, {"title": "The Good Doctor", "service": "True", "skip": "50", "start": "10", "eskip": "60"}, {"title": "Young Sheldon", "service": "True", "skip": "50", "start": "10", "eskip": "60"}, {"title": "Vikings Valhalla", "service": "True", "skip": "50", "start": "10", "eskip": "60"}, {"title": "The Batman", "service": "True", "skip": "50", "start": "10", "eskip": "60"}, {"title": "Encanto", "service": "True", "skip": "50", "start": "10", "eskip": "60"}, {"title": "Blacklight", "service": "True", "skip": "50", "start": "10", "eskip": "60"}, {"title": "The Kings Man", "service": "True", "skip": "50", "start": "10", "eskip": "60"}, {"title": "Euphoria", "service": "True", "skip": "50", "start": "10", "eskip": "60"}, {"title": "Goodnight India", "service": "True", "skip": "50", "start": "10", "eskip": "60"}, {"title": "Shubh Laabh", "service": "True", "skip": "50", "start": "10", "eskip": "60"}, {"title": "Mose Chhal Kiye Jaaye", "service": "True", "skip": "50", "start": "10", "eskip": "60"}, {"title": "Asur", "service": "True", "skip": "50", "start": "10", "eskip": "60"}, {"title": "Big Sky", "service": "True", "skip": "50", "start": "10", "eskip": "60"}, {"title": "My Hero Academia World Heroes Mission", "service": "True", "skip": "50", "start": "10", "eskip": "60"}, {"title": "Turning Red", "service": "True", "skip": "50", "start": "10", "eskip": "60"}, {"title": "Castle", "service": "True", "skip": "50", "start": "10", "eskip": "60"}, {"title": "Aarya", "service": "True", "skip": "50", "start": "10", "eskip": "60"}, {"title": "Teen Do Paanch", "service": "True", "skip": "50", "start": "10", "eskip": "60"}, {"title": "Anamika", "service": "True", "skip": "50", "start": "10", "eskip": "60"}, {"title": "Outlander", "service": "True", "skip": "50", "start": "10", "eskip": "60"}, {"title": "Bandish Bandits", "service": "True", "skip": "50", "start": "10", "eskip": "60"}, {"title": "24", "service": "True", "skip": "50", "start": "10", "eskip": "60"}, {"title": "Bachchhan Paandey", "service": "True", "skip": "50", "start": "10", "eskip": "60"}, {"title": "The Adam Project", "service": "True", "skip": "50", "start": "10", "eskip": "60"}, {"title": "Clickbait", "service": "True", "skip": "50", "start": "10", "eskip": "60"}, {"title": "420 Ipc", "service": "True", "skip": "50", "start": "10", "eskip": "60"}, {"title": "The Kashmir Files", "service": "True", "skip": "50", "start": "10", "eskip": "60"}, {"title": "The Last Kingdom", "service": "True", "skip": "40", "start": "10", "eskip": "60"}, {"title": "Star Trek Picard", "service": "True", "skip": "50", "start": "10", "eskip": "60"}, {"title": "Chutzpah", "service": "True", "skip": "50", "start": "10", "eskip": "60"}, {"title": "Hell on Wheels", "service": "True", "skip": "20", "start": "10", "eskip": "60"}, {"title": "Hunarbaaz", "service": "True", "skip": "50", "start": "10", "eskip": "60"}, {"title": "Peaky Blinders", "service": "True", "skip": "50", "start": "10", "eskip": "60"}, {"title": "Dance Deewane Juniors", "service": "True", "skip": "50", "start": "10", "eskip": "60"}, {"title": "The Marked Heart", "service": "True", "skip": "50", "start": "10", "eskip": "60"}, {"title": "Deputy", "service": "True", "skip": "50", "start": "10", "eskip": "60"}, {"title": "The Good the Bad and the Ugly", "service": "True", "skip": "50", "start": "10", "eskip": "60"}, {"title": "The Magnificent Seven", "service": "True", "skip": "50", "start": "10", "eskip": "60"}, {"title": "Uncharted", "service": "True", "skip": "50", "start": "10", "eskip": "60"}, {"title": "SpiderMan No Way Home", "service": "True", "skip": "50", "start": "10", "eskip": "60"}, {"title": "Pleasure", "service": "True", "skip": "50", "start": "10", "eskip": "60"}, {"title": "Balika Vadhu", "service": "True", "skip": "50", "start": "10", "eskip": "60"}]