<?xml version="1.0" encoding="UTF-8"?>
<window>
	<defaultcontrol always="true">201</defaultcontrol>
	<!-- <onload condition="!Player.Playing">Dialog.Close(9001)</onload> -->
	<!-- <visible>Window.IsActive(FullScreenVideo)</visible> -->
	<animation effect="fade" start="0" end="100" time="300">WindowOpen</animation>
	<animation effect="fade" start="100" end="0" time="300">WindowClose</animation>
	<controls>
		<!-- <control type="image">
			<width>$INFO[System.ScreenWidth]</width>
			<height>$INFO[System.ScreenHeight]</height>
			<texture>debuggrid1080.png</texture>
			<colordiffuse>88ffffff</colordiffuse>
			<visible>True</visible>
		</control> -->
		<!-- Regular Style -->
		<control type="group">
			<visible>String.StartsWith(Window.Property(skip.window_style),regular)</visible>
			<align>left</align>
			<posx>25</posx>
			<posy>450</posy>
			<height>150</height>
			<width>800</width>
			<itemgap>15</itemgap>
			<orientation>vertical</orientation>
			<control type="button" id="201">
				<description>Skip intro</description>
				<width>200</width>
				<height>40</height>
				<align>left</align>
				<aligny>center</aligny>
				<!-- <label>Skip intro</label> -->
				<label>$INFO[Window.Property(skip.title)]</label>
				<font>[infinite_26]</font>
				<onup>202</onup>
				<ondown>202</ondown>
				<textcolor>FFFFFFFF</textcolor>
				<focusedcolor>ffff0000</focusedcolor>
				<texturenofocus>common/button-nofo.png</texturenofocus>
				<texturefocus>common/button-fo.png</texturefocus>
				<textoffsetx>10</textoffsetx>
			</control>
			<control type="button" id="202">
				<top>50</top>
				<description>Update Skip</description>
				<width>200</width>
				<height>40</height>
				<align>left</align>
				<aligny>center</aligny>
				<label>Update Skip</label>
				<font>[infinite_26]</font>
				<onup>201</onup>
				<ondown>201</ondown>
				<textcolor>FFFFFFFF</textcolor>
				<focusedcolor>ffff0000</focusedcolor>
				<texturenofocus>common/button-nofo.png</texturenofocus>
				<texturefocus>common/button-fo.png</texturefocus>
				<textoffsetx>10</textoffsetx>
			</control>
		</control>
		<!-- Netflix Style -->
		<control type="group">
			<visible>String.StartsWith(Window.Property(skip.window_style),netflix)</visible>
			<align>right</align>
			<posx>1700</posx>
			<posy>500</posy>
			<height>240</height>
			<width>300</width>
			<itemgap>15</itemgap>
			<orientation>vertical</orientation>
			<control type="button" id="201">
				<description>Skip intro</description>
				<width>200</width>
				<height>60</height>
				<align>left</align>
				<aligny>center</aligny>
				<!-- <label>Skip intro</label> -->
				<label>$INFO[Window.Property(skip.title)]</label>
				<font>[infinite_26]</font>
				<onup>202</onup>
				<ondown>202</ondown>
				<textcolor>FFededed</textcolor>
				<focusedcolor>ffff0000</focusedcolor>
				<texturefocus border="10" colordiffuse="B3161618">common/smallbutton.png</texturefocus>
				<texturenofocus colordiffuse="B3161618">common/smallbutton.png</texturenofocus>
				<textoffsetx>10</textoffsetx>
			</control>
			<control type="button" id="202">
				<top>75</top>
				<description>Update Skip</description>
				<width>200</width>
				<height>60</height>
				<align>left</align>
				<aligny>center</aligny>
				<label>Update Skip</label>
				<font>[infinite_26]</font>
				<onup>201</onup>
				<ondown>201</ondown>
				<textcolor>FFededed</textcolor>
				<focusedcolor>ffff0000</focusedcolor>
				<texturenofocus colordiffuse="B3161618">common/smallbutton.png</texturenofocus>
				<texturefocus border="10" colordiffuse="B3161618">common/smallbutton.png</texturefocus>
				<textoffsetx>10</textoffsetx>
			</control>
		</control>
	</controls>
</window>
