<?xml version="1.0" encoding="UTF-8"?>
<window>
    <defaultcontrol>9000</defaultcontrol>
    <controls>
        <!-- Background -->
        <control type="image">
            <left>0</left>
            <top>0</top>
            <width>1920</width>
            <height>1080</height>
            <texture colordiffuse="FF000000">common/white.png</texture>
            <animation type="WindowOpen" reversible="false">
                <effect type="fade" start="0" end="80" time="120" />
            </animation>
        </control>
        <control type="group">
            <left>100</left>
            <top>85</top>
            <animation type="WindowOpen" reversible="false">
                <effect type="fade" end="100" time="200" />
            </animation>
            <!-- Logo and Background-->
            <control type="group">
                <control type="image">
                    <left>-1</left>
                    <top>-1</top>
                    <width>1722</width>
                    <height>912</height>
                    <texture border="16" colordiffuse="Window(10000).Property(infinite.highlight)">common/dialog.png</texture>
                </control>
                <control type="image">
                    <width>1720</width>
                    <height>910</height>
                    <texture border="16" colordiffuse="FF302F2F">common/dialog.png</texture>
                </control>
                <control type="image">
                    <left>12</left>
                    <top>12</top>
                    <width>40</width>
                    <height>40</height>
                    <align>left</align>
                    <aligny>top</aligny>
                    <aspectratio aligny="top">keep</aspectratio>
                    <texture colordiffuse="FFCCCCCC">common/infinite.png</texture>
                </control>
                <control type="label">
                    <width max="1700">auto</width>
                    <top>22</top>
                    <left>0</left>
                    <height>20</height>
                    <font>font12</font>
                    <textcolor>FFCCCCCC</textcolor>
                    <align>center</align>
                    <aligny>center</aligny>
                    <label>[UPPERCASE][B]infinite - SETTINGS[/B][/UPPERCASE]</label>
                </control>
            </control>
            <control type="list" id="9000">
                <description>Categories</description>
                <left>20</left>
                <top>100</top>
                <width>470</width>
                <height>700</height>
                <onleft>10025</onleft>
                <onright>SetFocus(10000,1,absolute)</onright>
                <onup>9000</onup>
                <ondown>9000</ondown>
                <scrolltime tween="cubic" easing="out">500</scrolltime>
                <itemlayout height="85" width="470">
                    <control type="label">
                        <left>70</left>
                        <width>400</width>
                        <height>85</height>
                        <label>[UPPERCASE]$INFO[ListItem.Label][/UPPERCASE]</label>
                        <font>font12</font>
                        <textcolor>FFCCCCCC</textcolor>
                        <aligny>center</aligny>
                    </control>
                </itemlayout>
                <focusedlayout height="85" width="470">
                    <control type="group">
                        <animation effect="fade" start="100" end="50" time="0" condition="!Control.HasFocus(9000)">Conditional</animation>
                        <height>85</height>
                        <control type="image">
                            <width>470</width>
                            <texture colordiffuse="FFCCCCCC" border="30">common/circle.png</texture>
                        </control>
                        <control type="image">
                            <width>60</width>
                            <texture colordiffuse="$INFO[Window(10000).Property(infinite.highlight)]" border="30">common/left-circle.png</texture>
                        </control>
                    </control>
                    <control type="label">
                        <left>70</left>
                        <width>400</width>
                        <height>85</height>
                        <label>[UPPERCASE]$INFO[ListItem.Label][/UPPERCASE]</label>
                        <font>font12</font>
                        <textcolor>FF4a4347</textcolor>
                        <aligny>center</aligny>
                        <label>$INFO[ListItem.Label]</label>
                        <scroll>Control.HasFocus(9000)</scroll>
                    </control>
                </focusedlayout>
                <content>
                    <item id="10">
                        <label>$ADDON[plugin.video.infinite 32001]</label>
                        <onclick>noop</onclick>
                    </item>
                    <item id="20">
                        <label>$ADDON[plugin.video.infinite 33112]</label>
                        <onclick>noop</onclick>
                    </item>
                    <item id="30">
                        <label>$ADDON[plugin.video.infinite 32492]</label>
                        <onclick>noop</onclick>
                    </item>
                    <item id="40">
                        <label>$ADDON[plugin.video.infinite 32146]</label>
                        <onclick>noop</onclick>
                    </item>
                    <item id="50">
                        <label>$ADDON[plugin.video.infinite 32684]</label>
                        <onclick>noop</onclick>
                    </item>
                    <item id="60">
                        <label>$ADDON[plugin.video.infinite 32685]</label>
                        <onclick>noop</onclick>
                    </item>
                    <item id="70">
                        <label>$ADDON[plugin.video.infinite 32139]</label>
                        <onclick>noop</onclick>
                    </item>
                    <item id="80">
                        <label>$ADDON[plugin.video.infinite 32174]</label>
                        <onclick>noop</onclick>
                    </item>
                </content>
            </control>
            <control type="fixedlist" id="10000">
                <animation effect="fade" start="100" end="0" time="300" condition="Container(10000).IsUpdating">conditional</animation>
                <animation effect="slide" end="0,-255" time="0" condition="Integer.IsEqual(Container(10000).NumItems,1) | Integer.IsEqual(Container(10000).NumItems,2)">Conditional</animation>
                <animation effect="slide" end="0,-170" time="0" condition="Integer.IsEqual(Container(10000).NumItems,3) | Integer.IsEqual(Container(10000).NumItems,4)">Conditional</animation>
                <animation effect="slide" end="0,-85" time="0" condition="Integer.IsEqual(Container(10000).NumItems,5) | Integer.IsEqual(Container(10000).NumItems,6)">Conditional</animation>
                <left>520</left>
                <top>100</top>
                <width>1160</width>
                <height>700</height>
                <onleft>9000</onleft>
                <onleft>SetFocus(10000,1,absolute)</onleft>
                <onright>10025</onright>
                <pagecontrol>10025</pagecontrol>
                <orientation>Vertical</orientation>
                <focusposition>3</focusposition>
                <movement>4</movement>
                <scrolltime tween="cubic" easing="out">500</scrolltime>
                <itemlayout height="85" width="1160">
                    <!-- SEPARATOR -->
                    <control type="group">
                        <visible>String.IsEqual(ListItem.Property(setting_type),separator)</visible>
                        <control type="label">
                            <left>70</left>
                            <width>600</width>
                            <height>85</height>
                            <label>[UPPERCASE][B]$INFO[ListItem.Label][/B][/UPPERCASE]</label>
                            <font>font12</font>
                            <textcolor>$INFO[Window(10000).Property(infinite.highlight)]</textcolor>
                            <aligny>center</aligny>
                            <align>left</align>
                        </control>
                    </control>
                    <!-- LABEL -->
                    <control type="label">
                        <visible>!String.IsEqual(ListItem.Property(setting_type),separator)</visible>
                        <left>70</left>
                        <width>600</width>
                        <height>85</height>
                        <label>[UPPERCASE]$INFO[ListItem.Label][/UPPERCASE]</label>
                        <font>font12</font>
                        <textcolor>FFCCCCCC</textcolor>
                        <aligny>center</aligny>
                        <scroll>Control.HasFocus(100)</scroll>
                    </control>
                    <!-- BOOLEAN -->
                    <control type="group">
                        <visible>String.IsEqual(ListItem.Property(setting_type),boolean)</visible>
                        <control type="image">
                            <visible>String.IsEqual(ListItem.Property(boolean_value),false)</visible>
                            <top>0</top>
                            <left>1030</left>
                            <width>150</width>
                            <align>right</align>
                            <aligny>center</aligny>
                            <aspectratio>keep</aspectratio>
                            <texture>buttons/radio_button_off.png</texture>
                        </control>
                        <control type="image">
                            <visible>String.IsEqual(ListItem.Property(boolean_value),true)</visible>
                            <top>0</top>
                            <left>1030</left>
                            <width>150</width>
                            <align>right</align>
                            <aligny>center</aligny>
                            <aspectratio>keep</aspectratio>
                            <texture>buttons/radio_button_on.png</texture>
                        </control>
                    </control>
                    <!-- ACTION -->
                    <control type="group">
                        <visible>String.IsEqual(ListItem.Property(setting_type),action) + String.IsEmpty(ListItem.Property(setting_value))</visible>
                        <control type="image">
                            <top>0</top>
                            <left>1100</left>
                            <width>25</width>
                            <align>right</align>
                            <aligny>center</aligny>
                            <aspectratio>keep</aspectratio>
                            <texture flipx="true">common/arrow_left.png</texture>
                        </control>
                    </control>
                    <!-- SETTING VALUE LABEL -->
                    <control type="group">
                        <visible>!String.IsEmpty(ListItem.Property(setting_value))</visible>
                        <control type="label">
                            <left>700</left>
                            <width>425</width>
                            <height>85</height>
                            <label>[UPPERCASE][B]$INFO[ListItem.Property(setting_value)][/B][/UPPERCASE]</label>
                            <font>font12</font>
                            <textcolor>FFCCCCCC</textcolor>
                            <align>right</align>
                            <aligny>center</aligny>
                            <scroll>Control.HasFocus(100)</scroll>
                        </control>
                    </control>
                </itemlayout>
                <focusedlayout height="85" width="1160">
                    <!-- HIGHLIGHT -->
                    <control type="group">
                        <visible>Control.HasFocus(10000)</visible>
                        <height>85</height>
                        <control type="image">
                            <width>1160</width>
                            <texture colordiffuse="FFCCCCCC" border="30">common/circle.png</texture>
                        </control>
                        <control type="image">
                            <width>60</width>
                            <texture colordiffuse="$INFO[Window(10000).Property(infinite.highlight)]" border="30">common/left-circle.png</texture>
                        </control>
                    </control>
                    <!-- SEPARATOR -->
                    <control type="group">
                        <visible>String.IsEqual(ListItem.Property(setting_type),separator)</visible>
                        <control type="label">
                            <left>70</left>
                            <width>600</width>
                            <height>85</height>
                            <label>[UPPERCASE][B]$INFO[ListItem.Label][/B][/UPPERCASE]</label>
                            <font>font12</font>
                            <textcolor>$INFO[Window(10000).Property(infinite.highlight)]</textcolor>
                            <aligny>center</aligny>
                            <align>left</align>
                        </control>
                    </control>
                    <!-- LABEL -->
                    <control type="group">
                        <visible>!String.IsEqual(ListItem.Property(setting_type),separator)</visible>
                        <control type="label">
                            <visible>Control.HasFocus(10000)</visible>
                            <left>70</left>
                            <width>600</width>
                            <height>85</height>
                            <label>[UPPERCASE]$INFO[ListItem.Label][/UPPERCASE]</label>
                            <font>font12</font>
                            <textcolor>FF4a4347</textcolor>
                            <aligny>center</aligny>
                            <label>$INFO[ListItem.Label]</label>
                            <scroll>Control.HasFocus(10000)</scroll>
                        </control>
                        <control type="label">
                            <visible>!Control.HasFocus(10000)</visible>
                            <left>70</left>
                            <width>600</width>
                            <height>85</height>
                            <label>[UPPERCASE]$INFO[ListItem.Label][/UPPERCASE]</label>
                            <font>font12</font>
                            <textcolor>FFCCCCCC</textcolor>
                            <aligny>center</aligny>
                            <label>$INFO[ListItem.Label]</label>
                            <scroll>false</scroll>
                        </control>
                    </control>
                    <!-- BOOLEAN -->
                    <control type="group">
                        <visible>String.IsEqual(ListItem.Property(setting_type),boolean)</visible>
                        <control type="group">
                            <visible>!Control.HasFocus(10000)</visible>
                            <control type="image">
                                <visible>String.IsEqual(ListItem.Property(boolean_value),false)</visible>
                                <top>0</top>
                                <left>1030</left>
                                <width>150</width>
                                <align>right</align>
                                <aligny>center</aligny>
                                <aspectratio>keep</aspectratio>
                                <texture>buttons/radio_button_off.png</texture>
                            </control>
                            <control type="image">
                                <visible>String.IsEqual(ListItem.Property(boolean_value),true)</visible>
                                <top>0</top>
                                <left>1030</left>
                                <width>150</width>
                                <align>right</align>
                                <aligny>center</aligny>
                                <aspectratio>keep</aspectratio>
                                <texture>buttons/radio_button_on.png</texture>
                            </control>
                        </control>
                        <control type="group">
                            <visible>Control.HasFocus(10000)</visible>
                            <control type="image">
                                <visible>String.IsEqual(ListItem.Property(boolean_value),false)</visible>
                                <top>0</top>
                                <left>1030</left>
                                <width>150</width>
                                <align>right</align>
                                <aligny>center</aligny>
                                <aspectratio>keep</aspectratio>
                                <texture colordiffuse="FF4a4347" flipx="true">buttons/radio_button_on.png</texture>
                            </control>
                            <control type="image">
                                <visible>String.IsEqual(ListItem.Property(boolean_value),true)</visible>
                                <top>0</top>
                                <left>1030</left>
                                <width>150</width>
                                <align>right</align>
                                <aligny>center</aligny>
                                <aspectratio>keep</aspectratio>
                                <texture colordiffuse="FF4a4347">buttons/radio_button_on.png</texture>
                            </control>
                        </control>
                    </control>
                    <!-- ACTION -->
                    <control type="group">
                        <visible>String.IsEqual(ListItem.Property(setting_type),action) + String.IsEmpty(ListItem.Property(setting_value))</visible>
                        <control type="image">
                            <visible>!Control.HasFocus(10000)</visible>
                            <top>0</top>
                            <left>1100</left>
                            <width>25</width>
                            <align>right</align>
                            <aligny>center</aligny>
                            <aspectratio>keep</aspectratio>
                            <texture flipx="true">common/arrow_left.png</texture>
                        </control>
                        <control type="image">
                            <visible>Control.HasFocus(10000)</visible>
                            <top>0</top>
                            <left>1100</left>
                            <width>25</width>
                            <align>right</align>
                            <aligny>center</aligny>
                            <aspectratio>keep</aspectratio>
                            <texture colordiffuse="FF4a4347" flipx="true">common/arrow_left.png</texture>
                        </control>
                    </control>
                    <!-- SETTING VALUE LABEL -->
                    <control type="group">
                        <visible>!String.IsEmpty(ListItem.Property(setting_value))</visible>
                        <control type="label">
                            <visible>Control.HasFocus(10000)</visible>
                            <left>700</left>
                            <width>425</width>
                            <height>85</height>
                            <label>[UPPERCASE][B]$INFO[ListItem.Property(setting_value)][/B][/UPPERCASE]</label>
                            <font>font12</font>
                            <textcolor>FF4a4347</textcolor>
                            <align>right</align>
                            <aligny>center</aligny>
                            <scroll>Control.HasFocus(10000)</scroll>
                        </control>
                        <control type="label">
                            <visible>!Control.HasFocus(10000)</visible>
                            <left>700</left>
                            <width>425</width>
                            <height>85</height>
                            <label>[UPPERCASE][B]$INFO[ListItem.Property(setting_value)][/B][/UPPERCASE]</label>
                            <font>font12</font>
                            <textcolor>FFCCCCCC</textcolor>
                            <align>right</align>
                            <aligny>center</aligny>
                            <scroll>false</scroll>
                        </control>
                    </control>
                </focusedlayout>
                <!-- GENERAL -->
                <content>
                    <!-- General -->
                    <item id="101">
                        <visible>Container(9000).HasFocus(10)</visible>
                        <label>$ADDON[plugin.video.infinite 32001]</label>
                        <property name="setting_type">separator</property>
                        <onclick>noop</onclick>
                    </item>
                    <item id="102">
                        <visible>Container(9000).HasFocus(10)</visible>
                        <label>$ADDON[plugin.video.infinite 32017]</label>
                        <property name="setting_type">boolean</property>
                        <property name="boolean_value">$INFO[Window(10000).Property(infinite.auto_start_fen)]</property>
                        <onclick>RunPlugin(plugin://plugin.video.infinite/?mode=settings_manager.set_boolean&amp;setting=auto_start_fen)</onclick>
                    </item>
                    <item id="103">
                        <visible>Container(9000).HasFocus(10)</visible>
                        <label>$ADDON[plugin.video.infinite 33160]</label>
                        <property name="setting_type">boolean</property>
                        <property name="boolean_value">$INFO[Window(10000).Property(infinite.auto_invoker_fix)]</property>
                        <onclick>RunPlugin(plugin://plugin.video.infinite/?mode=settings_manager.set_boolean&amp;setting=auto_invoker_fix)</onclick>
                    </item>
                    <item id="104">
                        <visible>Container(9000).HasFocus(10)</visible>
                        <label>$ADDON[plugin.video.infinite 32539]</label>
                        <property name="setting_type">boolean</property>
                        <property name="boolean_value">$INFO[Window(10000).Property(infinite.kodi_menu_cache)]</property>
                        <onclick>RunPlugin(plugin://plugin.video.infinite/?mode=settings_manager.set_boolean&amp;setting=kodi_menu_cache)</onclick>
                    </item>
                    <item id="105">
                        <visible>Container(9000).HasFocus(10)</visible>
                        <label>$ADDON[plugin.video.infinite 32744]</label>
                        <property name="setting_type">boolean</property>
                        <property name="boolean_value">$INFO[Window(10000).Property(infinite.limit_concurrent_threads)]</property>
                        <onclick>RunPlugin(plugin://plugin.video.infinite/?mode=settings_manager.set_boolean&amp;setting=limit_concurrent_threads)</onclick>
                    </item>
                    <item id="106">
                        <visible>Container(9000).HasFocus(10)</visible>
                        <visible>String.IsEqual(Window(10000).Property(infinite.limit_concurrent_threads),true)</visible>
                        <label>    - $ADDON[plugin.video.infinite 32745]</label>
                        <property name="setting_type">numeric</property>
                        <property name="setting_value">$INFO[Window(10000).Property(infinite.max_threads)]</property>
                        <onclick>RunPlugin(plugin://plugin.video.infinite/?mode=settings_manager.set_numeric&amp;setting=max_threads&amp;min_value=10&amp;max_value=500)</onclick>
                    </item>
                    <item id="107">
                        <visible>Container(9000).HasFocus(10)</visible>
                        <label>$ADDON[plugin.video.infinite 32157]</label>
                        <property name="setting_type">action</property>
                        <property name="setting_value">$INFO[Window(10000).Property(infinite.addon_fanart)]</property>
                        <onclick>RunPlugin(plugin://plugin.video.infinite/?mode=settings_manager.set_path&amp;setting=addon_fanart&amp;browse_mode=2)</onclick>
                    </item>
                    <item id="108">
                        <visible>Container(9000).HasFocus(10)</visible>
                        <visible>!String.IsEmpty(Window(10000).Property(infinite.addon_fanart))</visible>
                        <label>    - $ADDON[plugin.video.infinite 33161]</label>
                        <property name="setting_type">action</property>
                        <onclick>RunPlugin(plugin://plugin.video.infinite/?mode=restore_addon_fanart_choice)</onclick>
                    </item>
                    <item id="109">
                        <visible>Container(9000).HasFocus(10)</visible>
                        <label>$ADDON[plugin.video.infinite 32124]</label>
                        <property name="setting_type">action</property>
                        <property name="setting_value">$INFO[Window(10000).Property(infinite.highlight_name)]</property>
                        <onclick>RunPlugin(plugin://plugin.video.infinite/?mode=highlight_color_choice)</onclick>
                    </item>
                    <item id="110">
                        <visible>Container(9000).HasFocus(10)</visible>
                        <label>$ADDON[plugin.video.infinite 33162]</label>
                        <property name="setting_type">boolean</property>
                        <property name="boolean_value">$INFO[Window(10000).Property(infinite.use_skin_fonts)]</property>
                        <onclick>RunPlugin(plugin://plugin.video.infinite/?mode=settings_manager.set_boolean&amp;setting=use_skin_fonts)</onclick>
                    </item>
                    <item id="111">
                        <visible>Container(9000).HasFocus(10)</visible>
                        <label>$ADDON[plugin.video.infinite 33124]</label>
                        <property name="setting_type">boolean</property>
                        <property name="boolean_value">$INFO[Window(10000).Property(infinite.use_custom_skins)]</property>
                        <onclick>RunPlugin(plugin://plugin.video.infinite/?mode=settings_manager.set_boolean&amp;setting=use_custom_skins)</onclick>
                    </item>
                    <!-- Watched Indicators -->
                    <item id="112">
                        <visible>Container(9000).HasFocus(10)</visible>
                        <label>$ADDON[plugin.video.infinite 32034]</label>
                        <property name="setting_type">separator</property>
                        <onclick>noop</onclick>
                    </item>
                    <item id="113">
                        <visible>Container(9000).HasFocus(10)</visible>
                        <label>$ADDON[plugin.video.infinite 32035]</label>
                        <property name="setting_type">action</property>
                        <property name="setting_value">$INFO[Window(10000).Property(infinite.watched_indicators_name)]</property>
                        <onclick>RunPlugin(plugin://plugin.video.infinite/?mode=settings_manager.set_from_list_integer&amp;setting=watched_indicators&amp;setting_name=watched_indicators_name&amp;settings_list=32036-32037)</onclick>
                    </item>
                    <!-- Trakt Cache -->
                    <item id="114">
                        <visible>Container(9000).HasFocus(10)</visible>
                        <label>$ADDON[plugin.video.infinite 32087]</label>
                        <property name="setting_type">separator</property>
                        <onclick>noop</onclick>
                    </item>
                    <item id="115">
                        <visible>Container(9000).HasFocus(10)</visible>
                        <label>$ADDON[plugin.video.infinite 33099]</label>
                        <property name="setting_type">numeric</property>
                        <property name="setting_value">$INFO[Window(10000).Property(infinite.trakt.sync_interval)]</property>
                        <onclick>RunPlugin(plugin://plugin.video.infinite/?mode=settings_manager.set_numeric&amp;setting=trakt.sync_interval&amp;min_value=5&amp;max_value=600)</onclick>
                    </item>
                    <item id="116">
                        <visible>Container(9000).HasFocus(10)</visible>
                        <label>$ADDON[plugin.video.infinite 32048]</label>
                        <property name="setting_type">boolean</property>
                        <property name="boolean_value">$INFO[Window(10000).Property(infinite.trakt.sync_refresh_widgets)]</property>
                        <onclick>RunPlugin(plugin://plugin.video.infinite/?mode=settings_manager.set_boolean&amp;setting=trakt.sync_refresh_widgets)</onclick>
                    </item>
                    <!-- UTC Time Offset -->
                    <item id="117">
                        <visible>Container(9000).HasFocus(10)</visible>
                        <label>$ADDON[plugin.video.infinite 32101]</label>
                        <property name="setting_type">separator</property>
                        <onclick>noop</onclick>
                    </item>
                    <item id="118">
                        <visible>Container(9000).HasFocus(10)</visible>
                        <label>$ADDON[plugin.video.infinite 32045]</label>
                        <property name="setting_type">numeric</property>
                        <property name="setting_value">$INFO[Window(10000).Property(infinite.datetime.offset)]</property>
                        <onclick>RunPlugin(plugin://plugin.video.infinite/?mode=settings_manager.set_numeric&amp;setting=datetime.offset&amp;min_value=-15&amp;max_value=15)</onclick>
                    </item>
                    <!-- Downloads -->
                    <item id="119">
                        <visible>Container(9000).HasFocus(10)</visible>
                        <label>$ADDON[plugin.video.infinite 32107]</label>
                        <property name="setting_type">separator</property>
                        <onclick>noop</onclick>
                    </item>
                    <item id="120">
                        <visible>Container(9000).HasFocus(10)</visible>
                        <label>$ADDON[plugin.video.infinite 32116]</label>
                        <property name="setting_type">action</property>
                        <property name="setting_value">$INFO[Window(10000).Property(infinite.movie_download_directory)]</property>
                        <onclick>RunPlugin(plugin://plugin.video.infinite/?mode=settings_manager.set_path&amp;setting=movie_download_directory&amp;browse_mode=0)</onclick>
                    </item>
                    <item id="121">
                        <visible>Container(9000).HasFocus(10)</visible>
                        <label>$ADDON[plugin.video.infinite 32117]</label>
                        <property name="setting_type">action</property>
                        <property name="setting_value">$INFO[Window(10000).Property(infinite.tvshow_download_directory)]</property>
                        <onclick>RunPlugin(plugin://plugin.video.infinite/?mode=settings_manager.set_path&amp;setting=tvshow_download_directory&amp;browse_mode=0)</onclick>
                    </item>
                    <item id="122">
                        <visible>Container(9000).HasFocus(10)</visible>
                        <label>$ADDON[plugin.video.infinite 32210]</label>
                        <property name="setting_type">action</property>
                        <property name="setting_value">$INFO[Window(10000).Property(infinite.premium_download_directory)]</property>
                        <onclick>RunPlugin(plugin://plugin.video.infinite/?mode=settings_manager.set_path&amp;setting=premium_download_directory&amp;browse_mode=0)</onclick>
                    </item>
                    <item id="123">
                        <visible>Container(9000).HasFocus(10)</visible>
                        <label>$ADDON[plugin.video.infinite 33005]</label>
                        <property name="setting_type">action</property>
                        <property name="setting_value">$INFO[Window(10000).Property(infinite.image_download_directory)]</property>
                        <onclick>RunPlugin(plugin://plugin.video.infinite/?mode=settings_manager.set_path&amp;setting=image_download_directory&amp;browse_mode=0)</onclick>
                    </item>
                </content>
                <!-- FEATURES -->
                <content>
                    <!-- Extras -->
                    <item id="201">
                        <visible>Container(9000).HasFocus(20)</visible>
                        <label>$ADDON[plugin.video.infinite 33038]</label>
                        <property name="setting_type">separator</property>
                        <onclick>noop</onclick>
                    </item>
                    <item id="202">
                        <visible>Container(9000).HasFocus(20)</visible>
                        <label>$ADDON[plugin.video.infinite 32026]</label>
                        <property name="setting_type">action</property>
                        <property name="setting_value">$INFO[Window(10000).Property(infinite.extras.open_action_name)]</property>
                        <onclick>RunPlugin(plugin://plugin.video.infinite/?mode=settings_manager.set_from_list_integer&amp;setting=extras.open_action&amp;setting_name=extras.open_action_name&amp;settings_list=32965-32028-32029-32030)</onclick>
                    </item>
                    <item id="203">
                        <visible>Container(9000).HasFocus(20)</visible>
                        <label>$ADDON[plugin.video.infinite 32046]</label>
                        <property name="setting_type">action</property>
                        <onclick>RunPlugin(plugin://plugin.video.infinite/?mode=extras_lists_choice)</onclick>
                    </item>
                    <item id="204">
                        <visible>Container(9000).HasFocus(20)</visible>
                        <label>$ADDON[plugin.video.infinite 33118]</label>
                        <property name="setting_type">action</property>
                        <onclick>RunPlugin(plugin://plugin.video.infinite/?mode=extras_buttons_choice)</onclick>
                    </item>
                    <item id="205">
                        <visible>Container(9000).HasFocus(20)</visible>
                        <label>$ADDON[plugin.video.infinite 33119]</label>
                        <property name="setting_type">action</property>
                        <onclick>RunPlugin(plugin://plugin.video.infinite/?mode=default_extras_buttons_choice)</onclick>
                    </item>
                    <item id="206">
                        <visible>Container(9000).HasFocus(20)</visible>
                        <visible>!String.IsEmpty(Window(10000).Property(infinite.omdb_api))</visible>
                        <label>$ADDON[plugin.video.infinite 33061]</label>
                        <property name="setting_type">boolean</property>
                        <property name="boolean_value">$INFO[Window(10000).Property(infinite.extras.enable_extra_ratings)]</property>
                        <onclick>RunPlugin(plugin://plugin.video.infinite/?mode=settings_manager.set_boolean&amp;setting=extras.enable_extra_ratings)</onclick>
                    </item>
                    <item id="207">
                        <visible>Container(9000).HasFocus(20)</visible>
                        <visible>String.IsEqual(Window(10000).Property(infinite.extras.enable_extra_ratings),true)</visible>
                        <visible>!String.IsEmpty(Window(10000).Property(infinite.omdb_api))</visible>
                        <label>    - $ADDON[plugin.video.infinite 33135]</label>
                        <property name="setting_type">action</property>
                        <onclick>RunPlugin(plugin://plugin.video.infinite/?mode=extras_ratings_choice)</onclick>
                    </item>
                    <item id="208">
                        <visible>Container(9000).HasFocus(20)</visible>
                        <label>$ADDON[plugin.video.infinite 32846]</label>
                        <property name="setting_type">boolean</property>
                        <property name="boolean_value">$INFO[Window(10000).Property(infinite.extras.enable_scrollbars)]</property>
                        <onclick>RunPlugin(plugin://plugin.video.infinite/?mode=settings_manager.set_boolean&amp;setting=extras.enable_scrollbars)</onclick>
                    </item>
                    <item id="209">
                        <visible>Container(9000).HasFocus(20)</visible>
                        <label>$ADDON[plugin.video.infinite 33040]</label>
                        <property name="setting_type">boolean</property>
                        <property name="boolean_value">$INFO[Window(10000).Property(infinite.extras.exclude_non_acting_roles)]</property>
                        <onclick>RunPlugin(plugin://plugin.video.infinite/?mode=settings_manager.set_boolean&amp;setting=extras.exclude_non_acting_roles)</onclick>
                    </item>
                    <item id="210">
                        <visible>Container(9000).HasFocus(20)</visible>
                        <label>$ADDON[plugin.video.infinite 33148]</label>
                        <property name="setting_type">boolean</property>
                        <property name="boolean_value">$INFO[Window(10000).Property(infinite.extras.windowed_playback)]</property>
                        <onclick>RunPlugin(plugin://plugin.video.infinite/?mode=settings_manager.set_boolean&amp;setting=extras.windowed_playback)</onclick>
                    </item>
                    <!-- Custom Actions -->
                    <item id="211">
                        <visible>Container(9000).HasFocus(20)</visible>
                        <label>$ADDON[plugin.video.infinite 33098]</label>
                        <property name="setting_type">separator</property>
                        <onclick>noop</onclick>
                    </item>
                    <item id="212">
                        <visible>Container(9000).HasFocus(20)</visible>
                        <label>$ADDON[plugin.video.infinite 33097]</label>
                        <property name="setting_type">boolean</property>
                        <property name="boolean_value">$INFO[Window(10000).Property(infinite.custom_context_main_menu)]</property>
                        <onclick>RunPlugin(plugin://plugin.video.infinite/?mode=settings_manager.set_boolean&amp;setting=custom_context_main_menu)</onclick>
                    </item>
                    <item id="213">
                        <visible>Container(9000).HasFocus(20)</visible>
                        <label>$ADDON[plugin.video.infinite 32788]</label>
                        <property name="setting_type">boolean</property>
                        <property name="boolean_value">$INFO[Window(10000).Property(infinite.custom_context_menu)]</property>
                        <onclick>RunPlugin(plugin://plugin.video.infinite/?mode=settings_manager.set_boolean&amp;setting=custom_context_menu)</onclick>
                    </item>
                    <item id="214">
                        <visible>Container(9000).HasFocus(20)</visible>
                        <label>$ADDON[plugin.video.infinite 32980]</label>
                        <property name="setting_type">boolean</property>
                        <property name="boolean_value">$INFO[Window(10000).Property(infinite.custom_info_dialog)]</property>
                        <onclick>RunPlugin(plugin://plugin.video.infinite/?mode=settings_manager.set_boolean&amp;setting=custom_info_dialog)</onclick>
                    </item>
                </content>
                <!-- NAVIGATION -->
                <content>
                    <!-- Sorting -->
                    <item id="301">
                        <visible>Container(9000).HasFocus(30)</visible>
                        <label>$ADDON[plugin.video.infinite 32694]</label>
                        <property name="setting_type">separator</property>
                        <onclick>noop</onclick>
                    </item>
                    <item id="302">
                        <visible>Container(9000).HasFocus(30)</visible>
                        <label>$ADDON[plugin.video.infinite 32476]</label>
                        <property name="setting_type">action</property>
                        <property name="setting_value">$INFO[Window(10000).Property(infinite.sort.progress_name)]</property>
                        <onclick>RunPlugin(plugin://plugin.video.infinite/?mode=settings_manager.set_from_list_integer&amp;setting=sort.progress&amp;setting_name=sort.progress_name&amp;settings_list=32228-32226)</onclick>
                    </item>
                    <item id="303">
                        <visible>Container(9000).HasFocus(30)</visible>
                        <label>$ADDON[plugin.video.infinite 32475]</label>
                        <property name="setting_type">action</property>
                        <property name="setting_value">$INFO[Window(10000).Property(infinite.sort.watched_name)]</property>
                        <onclick>RunPlugin(plugin://plugin.video.infinite/?mode=settings_manager.set_from_list_integer&amp;setting=sort.watched&amp;setting_name=sort.watched_name&amp;settings_list=32228-32226)</onclick>
                    </item>
                    <item id="304">
                        <visible>Container(9000).HasFocus(30)</visible>
                        <label>$ADDON[plugin.video.infinite 32499]</label>
                        <property name="setting_type">action</property>
                        <property name="setting_value">$INFO[Window(10000).Property(infinite.sort.collection_name)]</property>
                        <onclick>RunPlugin(plugin://plugin.video.infinite/?mode=settings_manager.set_from_list_integer&amp;setting=sort.collection&amp;setting_name=sort.collection_name&amp;settings_list=32228-32223-32221)</onclick>
                    </item>
                    <item id="305">
                        <visible>Container(9000).HasFocus(30)</visible>
                        <label>$ADDON[plugin.video.infinite 32500]</label>
                        <property name="setting_type">action</property>
                        <property name="setting_value">$INFO[Window(10000).Property(infinite.sort.watchlist_name)]</property>
                        <onclick>RunPlugin(plugin://plugin.video.infinite/?mode=settings_manager.set_from_list_integer&amp;setting=sort.watchlist&amp;setting_name=sort.watchlist_name&amp;settings_list=32228-32223-32221)</onclick>
                    </item>
                    <!-- Content -->
                    <item id="306">
                        <visible>Container(9000).HasFocus(30)</visible>
                        <label>$ADDON[plugin.video.infinite 32693]</label>
                        <property name="setting_type">separator</property>
                        <onclick>noop</onclick>
                    </item>
                    <item id="307">
                        <visible>Container(9000).HasFocus(30)</visible>
                        <label>$ADDON[plugin.video.infinite 32019]</label>
                        <property name="setting_type">action</property>
                        <property name="setting_value">$INFO[Window(10000).Property(infinite.paginate.lists_name)]</property>
                        <onclick>RunPlugin(plugin://plugin.video.infinite/?mode=settings_manager.set_from_list_integer&amp;setting=paginate.lists&amp;setting_name=paginate.lists_name&amp;settings_list=32027-32167-32168-32030)</onclick>
                    </item>
                    <item id="308">
                        <visible>Container(9000).HasFocus(30)</visible>
                        <visible>String.IsEqual(Window(10000).Property(infinite.paginate.lists),1) | String.IsEqual(Window(10000).Property(infinite.paginate.lists),3)</visible>
                        <label>    - $ADDON[plugin.video.infinite 33142]</label>
                        <property name="setting_type">numeric</property>
                        <property name="setting_value">$INFO[Window(10000).Property(infinite.paginate.limit_addon)]</property>
                        <onclick>RunPlugin(plugin://plugin.video.infinite/?mode=settings_manager.set_numeric&amp;setting=paginate.limit_addon)</onclick>
                    </item>
                    <item id="309">
                        <visible>Container(9000).HasFocus(30)</visible>
                        <visible>String.IsEqual(Window(10000).Property(infinite.paginate.lists),2) | String.IsEqual(Window(10000).Property(infinite.paginate.lists),3)</visible>
                        <label>    - $ADDON[plugin.video.infinite 33143]</label>
                        <property name="setting_type">numeric</property>
                        <property name="setting_value">$INFO[Window(10000).Property(infinite.paginate.limit_widgets)]</property>
                        <onclick>RunPlugin(plugin://plugin.video.infinite/?mode=settings_manager.set_numeric&amp;setting=paginate.limit_widgets)</onclick>
                    </item>
                    <item id="310">
                        <visible>Container(9000).HasFocus(30)</visible>
                        <visible>String.IsEqual(Window(10000).Property(infinite.paginate.lists),1) | String.IsEqual(Window(10000).Property(infinite.paginate.lists),3)</visible>
                        <label>    - $ADDON[plugin.video.infinite 32585]</label>
                        <property name="setting_type">action</property>
                        <property name="setting_value">$INFO[Window(10000).Property(infinite.paginate.jump_to_name)]</property>
                        <onclick>RunPlugin(plugin://plugin.video.infinite/?mode=settings_manager.set_from_list_integer&amp;setting=paginate.jump_to&amp;setting_name=paginate.jump_to_name&amp;settings_list=32978-32979-32030-32027)</onclick>
                    </item>
                    <item id="311">
                        <visible>Container(9000).HasFocus(30)</visible>
                        <label>$ADDON[plugin.video.infinite 32025]</label>
                        <property name="setting_type">boolean</property>
                        <property name="boolean_value">$INFO[Window(10000).Property(infinite.ignore_articles)]</property>
                        <onclick>RunPlugin(plugin://plugin.video.infinite/?mode=settings_manager.set_boolean&amp;setting=ignore_articles)</onclick>
                    </item>
                    <item id="312">
                        <visible>Container(9000).HasFocus(30)</visible>
                        <label>$ADDON[plugin.video.infinite 32008]</label>
                        <property name="setting_type">boolean</property>
                        <property name="boolean_value">$INFO[Window(10000).Property(infinite.show_specials)]</property>
                        <onclick>RunPlugin(plugin://plugin.video.infinite/?mode=settings_manager.set_boolean&amp;setting=show_specials)</onclick>
                    </item>
                    <item id="313">
                        <visible>Container(9000).HasFocus(30)</visible>
                        <label>$ADDON[plugin.video.infinite 32010]</label>
                        <property name="setting_type">boolean</property>
                        <property name="boolean_value">$INFO[Window(10000).Property(infinite.use_season_title)]</property>
                        <onclick>RunPlugin(plugin://plugin.video.infinite/?mode=settings_manager.set_boolean&amp;setting=use_season_title)</onclick>
                    </item>
                    <item id="314">
                        <visible>Container(9000).HasFocus(30)</visible>
                        <label>$ADDON[plugin.video.infinite 32073]</label>
                        <property name="setting_type">boolean</property>
                        <property name="boolean_value">$INFO[Window(10000).Property(infinite.show_unaired)]</property>
                        <onclick>RunPlugin(plugin://plugin.video.infinite/?mode=settings_manager.set_boolean&amp;setting=show_unaired)</onclick>
                    </item>
                    <item id="315">
                        <visible>Container(9000).HasFocus(30)</visible>
                        <label>$ADDON[plugin.video.infinite 32525]</label>
                        <property name="setting_type">boolean</property>
                        <property name="boolean_value">$INFO[Window(10000).Property(infinite.show_unaired_watchlist)]</property>
                        <onclick>RunPlugin(plugin://plugin.video.infinite/?mode=settings_manager.set_boolean&amp;setting=show_unaired_watchlist)</onclick>
                    </item>
                    <item id="316">
                        <visible>Container(9000).HasFocus(30)</visible>
                        <label>$ADDON[plugin.video.infinite 33101]</label>
                        <property name="setting_type">action</property>
                        <property name="setting_value">$INFO[Window(10000).Property(infinite.include_year_in_title_name)]</property>
                        <onclick>RunPlugin(plugin://plugin.video.infinite/?mode=settings_manager.set_from_list_integer&amp;setting=include_year_in_title&amp;setting_name=include_year_in_title_name&amp;settings_list=32013-32028-32029-32030)</onclick>
                    </item>
                    <item id="317">
                        <visible>Container(9000).HasFocus(30)</visible>
                        <label>$ADDON[plugin.video.infinite 32009]</label>
                        <property name="setting_type">action</property>
                        <property name="setting_value">$INFO[Window(10000).Property(infinite.default_all_episodes_name)]</property>
                        <onclick>RunPlugin(plugin://plugin.video.infinite/?mode=settings_manager.set_from_list_integer&amp;setting=default_all_episodes&amp;setting_name=default_all_episodes_name&amp;settings_list=32013-32032-32033)</onclick>
                    </item>
                    <item id="318">
                        <visible>Container(9000).HasFocus(30)</visible>
                        <label>$ADDON[plugin.video.infinite 32194]</label>
                        <property name="setting_type">action</property>
                        <property name="setting_value">$INFO[Window(10000).Property(infinite.single_ep_display_name)]</property>
                        <onclick>RunPlugin(plugin://plugin.video.infinite/?mode=settings_manager.set_from_list_integer&amp;setting=single_ep_display&amp;setting_name=single_ep_display_name&amp;settings_list=32201-32202-32203)</onclick>
                    </item>
                    <item id="319">
                        <visible>Container(9000).HasFocus(30)</visible>
                        <label>$ADDON[plugin.video.infinite 32077]</label>
                        <property name="setting_type">action</property>
                        <property name="setting_value">$INFO[Window(10000).Property(infinite.single_ep_format_name)]</property>
                        <onclick>RunPlugin(plugin://plugin.video.infinite/?mode=settings_manager.set_from_list_integer&amp;setting=single_ep_format&amp;setting_name=single_ep_format_name&amp;settings_list=32229-32230-32231)</onclick>
                    </item>
                    <item id="320">
                        <visible>Container(9000).HasFocus(30)</visible>
                        <label>$ADDON[plugin.video.infinite 33153]</label>
                        <property name="setting_type">action</property>
                        <property name="setting_value">$INFO[Window(10000).Property(infinite.tv_progress_location_name)]</property>
                        <onclick>RunPlugin(plugin://plugin.video.infinite/?mode=settings_manager.set_from_list_integer&amp;setting=tv_progress_location&amp;setting_name=tv_progress_location_name&amp;settings_list=33154-33155-32030)</onclick>
                    </item>
                    <item id="321">
                        <visible>Container(9000).HasFocus(30)</visible>
                        <label>$ADDON[plugin.video.infinite 33100]</label>
                        <property name="setting_type">boolean</property>
                        <property name="boolean_value">$INFO[Window(10000).Property(infinite.avoid_episode_spoilers)]</property>
                        <onclick>RunPlugin(plugin://plugin.video.infinite/?mode=settings_manager.set_boolean&amp;setting=avoid_episode_spoilers)</onclick>
                    </item>
                    <!-- Trakt Calendar -->
                    <item id="322">
                        <visible>Container(9000).HasFocus(30)</visible>
                        <label>$ADDON[plugin.video.infinite 32081]</label>
                        <property name="setting_type">separator</property>
                        <onclick>noop</onclick>
                    </item>
                    <item id="323">
                        <visible>Container(9000).HasFocus(30)</visible>
                        <label>$ADDON[plugin.video.infinite 32067]</label>
                        <property name="setting_type">action</property>
                        <property name="setting_value">$INFO[Window(10000).Property(infinite.trakt.calendar_sort_order_name)]</property>
                        <onclick>RunPlugin(plugin://plugin.video.infinite/?mode=settings_manager.set_from_list_integer&amp;setting=trakt.calendar_sort_order&amp;setting_name=trakt.calendar_sort_order_name&amp;settings_list=32225-32224)</onclick>
                    </item>
                    <item id="324">
                        <visible>Container(9000).HasFocus(30)</visible>
                        <label>$ADDON[plugin.video.infinite 32083]</label>
                        <property name="setting_type">numeric</property>
                        <property name="setting_value">$INFO[Window(10000).Property(infinite.trakt.calendar_previous_days)]</property>
                        <onclick>RunPlugin(plugin://plugin.video.infinite/?mode=settings_manager.set_numeric&amp;setting=trakt.calendar_previous_days&amp;min_value=0&amp;max_value=30)</onclick>
                    </item>
                    <item id="325">
                        <visible>Container(9000).HasFocus(30)</visible>
                        <label>$ADDON[plugin.video.infinite 32084]</label>
                        <property name="setting_type">numeric</property>
                        <property name="setting_value">$INFO[Window(10000).Property(infinite.trakt.calendar_future_days)]</property>
                        <onclick>RunPlugin(plugin://plugin.video.infinite/?mode=settings_manager.set_numeric&amp;setting=trakt.calendar_future_days&amp;min_value=0&amp;max_value=30)</onclick>
                    </item>
                    <!-- Next Episodes -->
                    <item id="326">
                        <visible>Container(9000).HasFocus(30)</visible>
                        <label>$ADDON[plugin.video.infinite 32483]</label>
                        <property name="setting_type">separator</property>
                        <onclick>noop</onclick>
                    </item>
                    <item id="327">
                        <visible>Container(9000).HasFocus(30)</visible>
                        <label>$ADDON[plugin.video.infinite 32066]</label>
                        <property name="setting_type">action</property>
                        <property name="setting_value">$INFO[Window(10000).Property(infinite.nextep.sort_type_name)]</property>
                        <onclick>RunPlugin(plugin://plugin.video.infinite/?mode=settings_manager.set_from_list_integer&amp;setting=nextep.sort_type&amp;setting_name=nextep.sort_type_name&amp;settings_list=32226-32227-32228)</onclick>
                    </item>
                    <item id="328">
                        <visible>Container(9000).HasFocus(30)</visible>
                        <label>$ADDON[plugin.video.infinite 32067]</label>
                        <property name="setting_type">action</property>
                        <property name="setting_value">$INFO[Window(10000).Property(infinite.nextep.sort_order_name)]</property>
                        <onclick>RunPlugin(plugin://plugin.video.infinite/?mode=settings_manager.set_from_list_integer&amp;setting=nextep.sort_order&amp;setting_name=nextep.sort_order_name&amp;settings_list=32225-32224)</onclick>
                    </item>
                    <item id="329">
                        <visible>Container(9000).HasFocus(30)</visible>
                        <label>$ADDON[plugin.video.infinite 32819]</label>
                        <property name="setting_type">boolean</property>
                        <property name="boolean_value">$INFO[Window(10000).Property(infinite.nextep.sort_airing_today_to_top)]</property>
                        <onclick>RunPlugin(plugin://plugin.video.infinite/?mode=settings_manager.set_boolean&amp;setting=nextep.sort_airing_today_to_top)</onclick>
                    </item>
                    <item id="330">
                        <visible>Container(9000).HasFocus(30)</visible>
                        <label>$ADDON[plugin.video.infinite 32076]</label>
                        <property name="setting_type">boolean</property>
                        <property name="boolean_value">$INFO[Window(10000).Property(infinite.nextep.include_airdate)]</property>
                        <onclick>RunPlugin(plugin://plugin.video.infinite/?mode=settings_manager.set_boolean&amp;setting=nextep.include_airdate)</onclick>
                    </item>
                    <item id="331">
                        <visible>Container(9000).HasFocus(30)</visible>
                        <label>$ADDON[plugin.video.infinite 32073]</label>
                        <property name="setting_type">boolean</property>
                        <property name="boolean_value">$INFO[Window(10000).Property(infinite.nextep.include_unaired)]</property>
                        <onclick>RunPlugin(plugin://plugin.video.infinite/?mode=settings_manager.set_boolean&amp;setting=nextep.include_unaired)</onclick>
                    </item>
                    <item id="332">
                        <visible>Container(9000).HasFocus(30)</visible>
                        <label>$ADDON[plugin.video.infinite 32074]</label>
                        <property name="setting_type">action</property>
                        <property name="setting_value">$INFO[Window(10000).Property(infinite.nextep.include_unwatched_name)]</property>
                        <onclick>RunPlugin(plugin://plugin.video.infinite/?mode=settings_manager.set_from_list_integer&amp;setting=nextep.include_unwatched&amp;setting_name=nextep.include_unwatched_name&amp;settings_list=32965-32500-32453-32030)</onclick>
                    </item>
                    <!-- Widgets -->
                    <item id="333">
                        <visible>Container(9000).HasFocus(30)</visible>
                        <label>$ADDON[plugin.video.infinite 32085]</label>
                        <property name="setting_type">separator</property>
                        <onclick>noop</onclick>
                    </item>
                    <item id="334">
                        <visible>Container(9000).HasFocus(30)</visible>
                        <label>$ADDON[plugin.video.infinite 32465]</label>
                        <property name="setting_type">boolean</property>
                        <property name="boolean_value">$INFO[Window(10000).Property(infinite.widget_hide_watched)]</property>
                        <onclick>RunPlugin(plugin://plugin.video.infinite/?mode=settings_manager.set_boolean&amp;setting=widget_hide_watched)</onclick>
                    </item>
                    <item id="335">
                        <visible>Container(9000).HasFocus(30)</visible>
                        <label>$ADDON[plugin.video.infinite 32746]</label>
                        <property name="setting_type">boolean</property>
                        <property name="boolean_value">$INFO[Window(10000).Property(infinite.widget_hide_next_page)]</property>
                        <onclick>RunPlugin(plugin://plugin.video.infinite/?mode=settings_manager.set_boolean&amp;setting=widget_hide_next_page)</onclick>
                    </item>
                </content>
            </control>
            <control type="scrollbar" id="10025">
                <top>100</top>
                <left>1700</left>
                <width>10</width>
                <height>680</height>
                <texturesliderbackground colordiffuse="FF302F2F">common/white.png</texturesliderbackground>
                <texturesliderbar colordiffuse="FF555556">common/white.png</texturesliderbar>
                <texturesliderbarfocus colordiffuse="$INFO[Window(10000).Property(infinite.highlight)]">common/white.png</texturesliderbarfocus>
                <onleft>10000</onleft>
                <onright>9000</onright>
                <showonepage>false</showonepage>
                <orientation>vertical</orientation>
            </control>
        </control>
    </controls>
</window>
