<?xml version="1.0" encoding="UTF-8"?>
<window>
    <controls>
        <!-- Background -->
        <control type="image">
            <left>0</left>
            <top>0</top>
            <width>1920</width>
            <height>1080</height>
            <texture>common/black.png</texture>
            <animation type="WindowOpen" reversible="false">
                <effect type="fade" start="0" end="80" time="200" tween="sine" easing="in" />
            </animation>
        </control>
        <control type="group">
            <left>100</left>
            <top>85</top>
            <animation type="WindowOpen" reversible="false">
                <effect type="zoom" start="50" end="100" time="200" center="auto" tween="quadratic" easing="out" />
            </animation>
            <!-- infinite Logo and Background-->
            <control type="group">
                <width>1720</width>
                <control type="image">
                    <height>910</height>
                    <texture colordiffuse="FF4a4347">common/white.png</texture>
                </control>
                <control type="image">
                    <height>60</height>
                    <texture colordiffuse="$INFO[Window(10000).Property(infinite.highlight)]">common/gradients/gradient-underlayer-horizontal-flipped.png</texture>
                </control>
                <control type="image">
                    <left>12</left>
                    <top>12</top>
                    <width>40</width>
                    <height>40</height>
                    <align>left</align>
                    <aligny>top</aligny>
                    <aspectratio aligny="top">keep</aspectratio>
                    <texture colordiffuse="FFCCCCCC">common/infinite.png</texture>
                </control>
                <control type="label">
                    <width max="1700">auto</width>
                    <top>22</top>
                    <left>0</left>
                    <height>20</height>
                    <font>font12</font>
                    <textcolor>FFFFFFFF</textcolor>
                    <align>center</align>
                    <aligny>center</aligny>
                    <label>[UPPERCASE][B]$ADDON[plugin.video.infinite 33043][/B][/UPPERCASE]</label>
                </control>
            </control>
            <!-- Body -->
            <control type="group">
                <left>20</left>
                <top>85</top>
                <control type="grouplist">
                    <width>1680</width>
                    <height>800</height>
                    <orientation>vertical</orientation>
                    <scrolltime tween="cubic" easing="out">600</scrolltime>
                    <itemgap>-300</itemgap>
                    <usecontrolcoords>true</usecontrolcoords>
                    <!-- Artwork Posters -->
                    <control type="group">
                        <visible>Integer.IsGreater(Container(2020).NumItems,0)</visible>
                        <height>750</height>
                        <control type="group">
                            <control type="label">
                                <width max="1160">auto</width>
                                <height>20</height>
                                <font>font12</font>
                                <textcolor>FFCCCCCC</textcolor>
                                <align>left</align>
                                <aligny>bottom</aligny>
                                <label>[B]$ADDON[plugin.video.infinite 32616][/B] $INFO[Window.Property(poster.number),(x,)]</label>
                            </control>
                            <control type="fixedlist" id="2020">
                                <animation effect="slide" end="-720,0" time="0" condition="Integer.IsEqual(Container(2020).NumItems,1) | Integer.IsEqual(Container(2020).NumItems,2)">Conditional</animation>
                                <animation effect="slide" end="-480,0" time="0" condition="Integer.IsEqual(Container(2020).NumItems,3) | Integer.IsEqual(Container(2020).NumItems,4)">Conditional</animation>
                                <animation effect="slide" end="-240,0" time="0" condition="Integer.IsEqual(Container(2020).NumItems,5) | Integer.IsEqual(Container(2020).NumItems,6)">Conditional</animation>
                                <pagecontrol>4020</pagecontrol>
                                <top>35</top>
                                <width>1680</width>
                                <height>330</height>
                                <onup>2022</onup>
                                <ondown>4020</ondown>
                                <orientation>horizontal</orientation>
                                <scrolltime tween="sine">350</scrolltime>
                                <focusposition>3</focusposition>
                                <movement>3</movement>
                                <itemlayout height="330" width="240">
                                    <control type="image">
                                        <left>6</left>
                                        <top>6</top>
                                        <height max="318">auto</height>
                                        <width max="228">auto</width>
                                        <aspectratio>scale</aspectratio>
                                        <texture>$INFO[ListItem.Property(image)]</texture>
                                    </control>
                                    <control type="image">
                                        <left>175</left>
                                        <top>275</top>
                                        <width>70</width>
                                        <aligny>bottom</aligny>
                                        <align>right</align>
                                        <aspectratio>keep</aspectratio>
                                        <texture>common/overlay_selected.png</texture>
                                        <visible>!String.IsEmpty(ListItem.Property(check_status))</visible>
                                    </control>
                                </itemlayout>
                                <focusedlayout height="330" width="240">
                                    <control type="group">
                                        <animation effect="zoom" start="100" end="102" time="50" tween="sine" easing="inout" center="auto">Focus</animation>
                                        <animation effect="zoom" start="102" end="100" time="50" tween="sine" easing="inout" center="auto">Unfocus</animation>
                                        <animation effect="fade" start="100" end="60" condition="Control.HasFocus(4020)">Conditional</animation>
                                        <control type="image">
                                            <left>0</left>
                                            <top>0</top>
                                            <height>330</height>
                                            <width>240</width>
                                            <texture colordiffuse="FFB7B4BB">common/white.png</texture>
                                            <visible>Control.HasFocus(2020) | Control.HasFocus(4020)</visible>
                                        </control>
                                        <control type="image">
                                            <left>6</left>
                                            <top>6</top>
                                            <height max="318">auto</height>
                                            <width max="228">auto</width>
                                            <aspectratio>scale</aspectratio>
                                            <texture>$INFO[ListItem.Property(image)]</texture>
                                        </control>
                                        <control type="image">
                                            <left>175</left>
                                            <top>275</top>
                                            <width>70</width>
                                            <aligny>bottom</aligny>
                                            <align>right</align>
                                            <aspectratio>keep</aspectratio>
                                            <texture>common/overlay_selected.png</texture>
                                            <visible>!String.IsEmpty(ListItem.Property(check_status))</visible>
                                        </control>
                                    </control>
                                </focusedlayout>
                            </control>
                            <control type="scrollbar" id="4020">
                                <left>5</left>
                                <top>368</top>
                                <width>1670</width>
                                <height>15</height>
                                <onup>2020</onup>
                                <ondown>2021</ondown>
                                <texturesliderbackground colordiffuse="FF302F2F">common/white.png</texturesliderbackground>
                                <texturesliderbar colordiffuse="FF555556">common/white.png</texturesliderbar>
                                <texturesliderbarfocus colordiffuse="FFB7B4BB">common/white.png</texturesliderbarfocus>
                                <showonepage>false</showonepage>
                                <orientation>Horizontal</orientation>
                                <visible>Control.IsVisible(2020)</visible>
                            </control>
                        </control>
                    </control>
                    <!-- Artwork Fanart -->
                    <control type="group">
                        <visible>Integer.IsGreater(Container(2021).NumItems,0)</visible>
                        <height>750</height>
                        <control type="group">
                            <control type="label">
                                <width max="1160">auto</width>
                                <height>20</height>
                                <font>font12</font>
                                <textcolor>FFCCCCCC</textcolor>
                                <align>left</align>
                                <aligny>bottom</aligny>
                                <label>[B]$ADDON[plugin.video.infinite 32617][/B] $INFO[Window.Property(fanart.number),(x,)]</label>
                            </control>
                            <control type="fixedlist" id="2021">
                                <animation effect="slide" end="-560,0" time="0" condition="Integer.IsEqual(Container(2021).NumItems,1) | Integer.IsEqual(Container(2021).NumItems,2)">Conditional</animation>
                                <pagecontrol>4021</pagecontrol>
                                <top>35</top>
                                <width>1680</width>
                                <height>330</height>
                                <onup>2020</onup>
                                <ondown>4021</ondown>
                                <orientation>horizontal</orientation>
                                <scrolltime tween="sine">350</scrolltime>
                                <focusposition>1</focusposition>
                                <movement>1</movement>
                                <itemlayout height="330" width="560">
                                    <control type="image">
                                        <left>6</left>
                                        <top>6</top>
                                        <height max="318">auto</height>
                                        <width max="548">auto</width>
                                        <aspectratio>scale</aspectratio>
                                        <texture>$INFO[ListItem.Property(image)]</texture>
                                    </control>
                                    <control type="image">
                                        <left>495</left>
                                        <top>275</top>
                                        <width>70</width>
                                        <aligny>bottom</aligny>
                                        <align>right</align>
                                        <aspectratio>keep</aspectratio>
                                        <texture>common/overlay_selected.png</texture>
                                        <visible>!String.IsEmpty(ListItem.Property(check_status))</visible>
                                    </control>
                                </itemlayout>
                                <focusedlayout height="330" width="560">
                                    <control type="group">
                                        <animation effect="zoom" start="100" end="102" time="50" tween="sine" easing="inout" center="auto">Focus</animation>
                                        <animation effect="zoom" start="102" end="100" time="50" tween="sine" easing="inout" center="auto">Unfocus</animation>
                                        <animation effect="fade" start="100" end="60" condition="Control.HasFocus(4021)">Conditional</animation>
                                        <control type="image">
                                            <width>560</width>
                                            <height>330</height>
                                            <texture colordiffuse="FFB7B4BB">common/white.png</texture>
                                            <visible>Control.HasFocus(2021) | Control.HasFocus(4021)</visible>
                                        </control>
                                        <control type="image">
                                            <left>6</left>
                                            <top>6</top>
                                            <height max="318">auto</height>
                                            <width max="548">auto</width>
                                            <aspectratio>scale</aspectratio>
                                            <texture>$INFO[ListItem.Property(image)]</texture>
                                        </control>
                                        <control type="image">
                                            <left>495</left>
                                            <top>275</top>
                                            <width>70</width>
                                            <aligny>bottom</aligny>
                                            <align>right</align>
                                            <aspectratio>keep</aspectratio>
                                            <texture>common/overlay_selected.png</texture>
                                            <visible>!String.IsEmpty(ListItem.Property(check_status))</visible>
                                        </control>
                                    </control>
                                </focusedlayout>
                            </control>
                            <control type="scrollbar" id="4021">
                                <left>5</left>
                                <top>368</top>
                                <width>1670</width>
                                <height>15</height>
                                <onup>2021</onup>
                                <ondown>2022</ondown>
                                <texturesliderbackground colordiffuse="FF302F2F">common/white.png</texturesliderbackground>
                                <texturesliderbar colordiffuse="FF555556">common/white.png</texturesliderbar>
                                <texturesliderbarfocus colordiffuse="FFB7B4BB">common/white.png</texturesliderbarfocus>
                                <showonepage>false</showonepage>
                                <orientation>Horizontal</orientation>
                                <visible>Control.IsVisible(2021)</visible>
                            </control>
                        </control>
                    </control>
                    <!-- Artwork Clearlogo -->
                    <control type="group">
                        <visible>Integer.IsGreater(Container(2022).NumItems,0)</visible>
                        <height>750</height>
                        <control type="group">
                            <control type="label">
                                <width max="1160">auto</width>
                                <height>20</height>
                                <font>font12</font>
                                <textcolor>FFCCCCCC</textcolor>
                                <align>left</align>
                                <aligny>bottom</aligny>
                                <label>[B]$ADDON[plugin.video.infinite 33068][/B] $INFO[Window.Property(clearlogo.number),(x,)]</label>
                            </control>
                            <control type="fixedlist" id="2022">
                                <animation effect="slide" end="-560,0" time="0" condition="Integer.IsEqual(Container(2022).NumItems,1) | Integer.IsEqual(Container(2022).NumItems,2)">Conditional</animation>
                                <pagecontrol>4022</pagecontrol>
                                <top>35</top>
                                <width>1680</width>
                                <height>330</height>
                                <onup>2021</onup>
                                <ondown>4022</ondown>
                                <orientation>horizontal</orientation>
                                <scrolltime tween="sine">350</scrolltime>
                                <focusposition>1</focusposition>
                                <movement>1</movement>
                                <itemlayout height="330" width="560">
                                    <control type="image">
                                        <left>15</left>
                                        <top>6</top>
                                        <width max="530">auto</width>
                                        <aspectratio>keep</aspectratio>
                                        <texture>$INFO[ListItem.Property(image)]</texture>
                                    </control>
                                    <control type="image">
                                        <left>495</left>
                                        <top>275</top>
                                        <width>70</width>
                                        <aligny>bottom</aligny>
                                        <align>right</align>
                                        <aspectratio>keep</aspectratio>
                                        <texture>common/overlay_selected.png</texture>
                                        <visible>!String.IsEmpty(ListItem.Property(check_status))</visible>
                                    </control>
                                </itemlayout>
                                <focusedlayout height="330" width="560">
                                    <control type="group">
                                        <animation effect="zoom" start="100" end="102" time="50" tween="sine" easing="inout" center="auto">Focus</animation>
                                        <animation effect="zoom" start="102" end="100" time="50" tween="sine" easing="inout" center="auto">Unfocus</animation>
                                        <animation effect="fade" start="100" end="60" condition="Control.HasFocus(4022)">Conditional</animation>
                                        <control type="image">
                                            <width>560</width>
                                            <height>330</height>
                                            <texture colordiffuse="FFB7B4BB">common/white.png</texture>
                                            <visible>Control.HasFocus(2022) | Control.HasFocus(4022)</visible>
                                        </control>
                                        <control type="image">
                                            <left>6</left>
                                            <top>6</top>
                                            <width>548</width>
                                            <height>318</height>
                                            <texture colordiffuse="FF4a4347">common/white.png</texture>
                                            <visible>Control.HasFocus(2022) | Control.HasFocus(4022)</visible>
                                        </control>
                                        <control type="image">
                                            <left>15</left>
                                            <top>6</top>
                                            <width max="530">auto</width>
                                            <aspectratio>keep</aspectratio>
                                            <texture>$INFO[ListItem.Property(image)]</texture>
                                        </control>
                                        <control type="image">
                                            <left>495</left>
                                            <top>275</top>
                                            <width>70</width>
                                            <aligny>bottom</aligny>
                                            <align>right</align>
                                            <aspectratio>keep</aspectratio>
                                            <texture>common/overlay_selected.png</texture>
                                            <visible>!String.IsEmpty(ListItem.Property(check_status))</visible>
                                        </control>
                                    </control>
                                </focusedlayout>
                            </control>
                            <control type="scrollbar" id="4022">
                                <left>5</left>
                                <top>368</top>
                                <width>1670</width>
                                <height>15</height>
                                <onup>2022</onup>
                                <ondown>2020</ondown>
                                <texturesliderbackground colordiffuse="FF302F2F">common/white.png</texturesliderbackground>
                                <texturesliderbar colordiffuse="FF555556">common/white.png</texturesliderbar>
                                <texturesliderbarfocus colordiffuse="FFB7B4BB">common/white.png</texturesliderbarfocus>
                                <showonepage>false</showonepage>
                                <orientation>Horizontal</orientation>
                                <visible>Control.IsVisible(2022)</visible>
                            </control>
                        </control>
                    </control>
                </control>
            </control>
        </control>
    </controls>
</window>
