<?xml version="1.0" encoding="UTF-8"?>
<window>
    <controls>
        <control type="group">
            <visible>String.IsEqual(Window.Property(enable_fullscreen),False)</visible>
            <control type="image">
                <left>0</left>
                <top>0</top>
                <width>1920</width>
                <height>1080</height>
                <texture>common/black.png</texture>
                <animation type="WindowOpen" reversible="false">
                    <effect type="fade" start="0" end="80" time="200" tween="sine" easing="in" />
                </animation>
            </control>
            <control type="group">
                <animation type="WindowOpen" reversible="false">
                    <effect type="fade" start="0" end="100" time="150" tween="sine" easing="in" />
                    <effect type="zoom" start="0" end="100" time="150" center="auto" tween="quadratic" easing="out" />
                </animation>
                <left>435</left>
                <top>325</top>
                <control type="image">
                    <height>400</height>
                    <width>1050</width>
                    <texture colordiffuse="FF000000">common/white.png</texture>
                    <visible>String.IsEqual(Window.Property(buttons),true)</visible>
                </control>
                <control type="image">
                    <height>430</height>
                    <width>1050</width>
                    <texture colordiffuse="FF000000">common/white.png</texture>
                    <visible>!String.IsEqual(Window.Property(buttons),true)</visible>
                </control>
                <control type="group">
                    <left>5</left>
                    <top>5</top>
                    <control type="label">
                        <top>-40</top>
                        <left>0</left>
                        <width>1035</width>
                        <height>5</height>
                        <font>font10</font>
                        <align>left</align>
                        <aligny>bottom</aligny>
                        <label>[COLOR B3CCCCCC][B]$ADDON[plugin.video.infinite 33061][/B][/COLOR]</label>
                    </control>
                    <control type="image">
                        <height>390</height>
                        <width>775</width>
                        <aspectratio aligny="top">scale</aspectratio>
                        <texture>$INFO[Window.Property(fanart)]</texture>
                        <animation effect="fade" start="100" end="20" time="0" tween="sine">WindowOpen</animation>
                    </control>
                    <control type="image">
                        <left>5</left>
                        <top>5</top>
                        <width>60</width>
                        <height>60</height>
                        <align>right</align>
                        <aligny>top</aligny>
                        <aspectratio aligny="top">keep</aspectratio>
                        <texture colordiffuse="B3CCCCCC">common/infinite.png</texture>
                    </control>
                    <control type="image">
                        <left>780</left>
                        <width>260</width>
                        <height>390</height>
                        <aspectratio>scale</aspectratio>
                        <aspectratio aligny="top">stretch</aspectratio>
                        <texture>$INFO[Window.Property(poster)]</texture>
                    </control>
                    <control type="image">
                        <top>5</top>
                        <left>80</left>
                        <height max="160">auto</height>
                        <width max="625">auto</width>
                        <align>center</align>
                        <aligny>center</aligny>
                        <aspectratio>keep</aspectratio>
                        <texture>$INFO[Window.Property(clearlogo)]</texture>
                        <visible>!String.IsEmpty(Window.Property(clearlogo))</visible>
                    </control>
                    <control type="label">
                        <top>70</top>
                        <left>20</left>
                        <width>750</width>
                        <height>20</height>
                        <aligny>bottom</aligny>
                        <align>center</align>
                        <font>font40</font>
                        <label>[B]$INFO[Window.Property(title)][/B]</label>
                        <visible>String.IsEmpty(Window.Property(clearlogo))</visible>
                    </control>
                    <control type="label">
                        <top>170</top>
                        <left>20</left>
                        <width>750</width>
                        <height>10</height>
                        <font>font12</font>
                        <textcolor>FFCCCCCC</textcolor>
                        <align>center</align>
                        <aligny>bottom</aligny>
                        <label>[B]$INFO[Window.Property(title2)][/B]</label>
                    </control>
                    <control type="label">
                        <top>420</top>
                        <left>0</left>
                        <width>1035</width>
                        <height>20</height>
                        <aligny>center</aligny>
                        <align>right</align>
                        <font>font12</font>
                        <label>[COLOR B3CCCCCC][B]Time: $INFO[System.Time(hh:mm:ss)][/B][/COLOR]</label>
                    </control>
                    <control type="textbox" id="2000">
                        <top>210</top>
                        <left>20</left>
                        <width>740</width>
                        <height>180</height>
                        <font>font12</font>
                        <align>center</align>
                        <textcolor>FFB7B4BB</textcolor>
                    </control>
                    <control type="group">
                        <visible>String.IsEqual(Window.Property(buttons),true)</visible>
                        <top>290</top>
                        <control type="button" id="10">
                            <description>True Button</description>
                            <left>35</left>
                            <width>340</width>
                            <height>100</height>
                            <onleft>11</onleft>
                            <onright>11</onright>
                            <label>[B]$INFO[Window.Property(true_button)][/B]</label>
                            <font>font12</font>
                            <textcolor>FFB7B4BB</textcolor>
                            <focusedcolor>FFFF0000</focusedcolor>
                            <texturefocus colordiffuse="FFCCCCCC">common/button-base.png</texturefocus>
                            <texturenofocus colordiffuse="FF302F2F">common/button-base.png</texturenofocus>
                            <align>center</align>
                        </control>
                        <control type="button" id="11">
                            <description>False Button</description>
                            <left>400</left>
                            <width>340</width>
                            <height>100</height>
                            <onleft>10</onleft>
                            <onright>10</onright>
                            <label>[B]$INFO[Window.Property(false_button)][/B]</label>
                            <font>font12</font>
                            <textcolor>FFB7B4BB</textcolor>
                            <focusedcolor>FFFF0000</focusedcolor>
                            <texturefocus colordiffuse="FFCCCCCC">common/button-base.png</texturefocus>
                            <texturenofocus colordiffuse="FF302F2F">common/button-base.png</texturenofocus>
                            <align>center</align>
                        </control>
                    </control>
                    <control type="progress" id="5000">
                        <description>Progressbar</description>
                        <top>395</top>
                        <left>0</left>
                        <width>1040</width>
                        <height>25</height>
                        <reveal>true</reveal>
                        <visible>!String.IsEqual(Window.Property(buttons),true)</visible>
                    </control>
                </control>
            </control>
        </control>
        <control type="group">
            <visible>String.IsEqual(Window.Property(enable_fullscreen),True)</visible>
            <control type="group">
                <control type="image">
                    <left>0</left>
                    <top>0</top>
                    <width>1920</width>
                    <height>1080</height>
                    <texture>common/black.png</texture>
                </control>
                <control type="image">
                    <texture>$INFO[Window.Property(fanart)]</texture>
                    <animation effect="fade" start="100" end="20">WindowOpen</animation>
                </control>
                <control type="image">
                    <animation effect="fade" start="0" end="100" time="200">WindowOpen</animation>
                    <left>5</left>
                    <top>5</top>
                    <width>75</width>
                    <height>75</height>
                    <aspectratio aligny="top">keep</aspectratio>
                    <texture>common/infinite.png</texture>
                </control>
            </control>
            <control type="group">
                <control type="group">
                    <animation type="WindowOpen" reversible="false">
                        <effect type="fade" start="0" end="100" time="200" tween="sine" easing="in" />
                        <effect type="slide" start="0,-360" end="0" time="200" center="auto" tween="quadratic" easing="out" />
                    </animation>
                    <control type="image">
                        <top>70</top>
                        <left>395</left>
                        <height max="250">auto</height>
                        <width max="1130">auto</width>
                        <aspectratio>keep</aspectratio>
                        <align>center</align>
                        <aligny>bottom</aligny>
                        <texture background="true">$INFO[Window.Property(clearlogo)]</texture>
                        <visible>!String.IsEmpty(Window.Property(clearlogo))</visible>
                    </control>
                    <control type="label">
                        <top>200</top>
                        <width max="1920">auto</width>
                        <height>30</height>
                        <font>font60</font>
                        <textcolor>FFCCCCCC</textcolor>
                        <align>center</align>
                        <aligny>bottom</aligny>
                        <label>[B]$INFO[Window.Property(title)][/B]</label>
                        <visible>String.IsEmpty(Window.Property(clearlogo))</visible>
                    </control>
                    <control type="label">
                        <top>325</top>
                        <width max="1920">auto</width>
                        <height>10</height>
                        <font>font20</font>
                        <textcolor>FFCCCCCC</textcolor>
                        <align>center</align>
                        <aligny>bottom</aligny>
                        <label>[B]$INFO[Window.Property(title2)][/B]</label>
                    </control>
                    <control type="label">
                        <left>80</left>
                        <top>13</top>
                        <width max="560">auto</width>
                        <height>20</height>
                        <font>font12</font>
                        <label>[COLOR B3CCCCCC][B]$ADDON[plugin.video.infinite 33061][/B][/COLOR]</label>
                    </control>
                    <control type="label">
                        <right>13</right>
                        <top>13</top>
                        <width>250</width>
                        <height>20</height>
                        <aligny>center</aligny>
                        <align>right</align>
                        <font>font12</font>
                        <label>[COLOR B3CCCCCC][B]Time: $INFO[System.Time(hh:mm:ss)][/B][/COLOR]</label>
                    </control>
                </control>
            </control>
            <control type="group">
                <animation type="WindowOpen" reversible="false">
                    <effect type="fade" start="0" end="100" time="200" tween="sine" easing="in" />
                    <effect type="slide" start="0,500" end="0" time="200" center="auto" tween="quadratic" easing="out" />
                </animation>
                <top>520</top>
                <left>405</left>
                <control type="group">
                    <control type="group">
                        <top>40</top>
                        <control type="image">
                            <left>20</left>
                            <width>20</width>
                            <height>20</height>
                            <texture>common/white_elipse.png</texture>
                            <visible>Integer.IsGreaterOrEqual(Window().Property(percent),100)</visible>
                            <colordiffuse>FFB71C1C</colordiffuse>
                        </control>
                        <control type="image">
                            <left>45</left>
                            <width>20</width>
                            <height>20</height>
                            <texture>common/white_elipse.png</texture>
                            <visible>Integer.IsGreaterOrEqual(Window().Property(percent),95)</visible>
                            <colordiffuse>FFB71C1C</colordiffuse>
                        </control>
                        <control type="image">
                            <left>70</left>
                            <width>20</width>
                            <height>20</height>
                            <texture>common/white_elipse.png</texture>
                            <visible>Integer.IsGreaterOrEqual(Window().Property(percent),90)</visible>
                            <colordiffuse>FFC62828</colordiffuse>
                        </control>
                        <control type="image">
                            <left>95</left>
                            <width>20</width>
                            <height>20</height>
                            <texture>common/white_elipse.png</texture>
                            <visible>Integer.IsGreaterOrEqual(Window().Property(percent),85)</visible>
                            <colordiffuse>FFC62828</colordiffuse>
                        </control>
                        <control type="image">
                            <left>120</left>
                            <width>20</width>
                            <height>20</height>
                            <texture>common/white_elipse.png</texture>
                            <visible>Integer.IsGreaterOrEqual(Window().Property(percent),80)</visible>
                            <colordiffuse>FFD32F2F</colordiffuse>
                        </control>
                        <control type="image">
                            <left>145</left>
                            <width>20</width>
                            <height>20</height>
                            <texture>common/white_elipse.png</texture>
                            <visible>Integer.IsGreaterOrEqual(Window().Property(percent),75)</visible>
                            <colordiffuse>FFD32F2F</colordiffuse>
                        </control>
                        <control type="image">
                            <left>170</left>
                            <width>20</width>
                            <height>20</height>
                            <texture>common/white_elipse.png</texture>
                            <visible>Integer.IsGreaterOrEqual(Window().Property(percent),70)</visible>
                            <colordiffuse>FFE53935</colordiffuse>
                        </control>
                        <control type="image">
                            <left>195</left>
                            <width>20</width>
                            <height>20</height>
                            <texture>common/white_elipse.png</texture>
                            <visible>Integer.IsGreaterOrEqual(Window().Property(percent),65)</visible>
                            <colordiffuse>FFE53935</colordiffuse>
                        </control>
                        <control type="image">
                            <left>220</left>
                            <width>20</width>
                            <height>20</height>
                            <texture>common/white_elipse.png</texture>
                            <visible>Integer.IsGreaterOrEqual(Window().Property(percent),60)</visible>
                            <colordiffuse>FFF44336</colordiffuse>
                        </control>
                        <control type="image">
                            <left>245</left>
                            <width>20</width>
                            <height>20</height>
                            <texture>common/white_elipse.png</texture>
                            <visible>Integer.IsGreaterOrEqual(Window().Property(percent),55)</visible>
                            <colordiffuse>FFF44336</colordiffuse>
                        </control>
                        <control type="image">
                            <left>270</left>
                            <width>20</width>
                            <height>20</height>
                            <texture>common/white_elipse.png</texture>
                            <visible>Integer.IsGreaterOrEqual(Window().Property(percent),50)</visible>
                            <colordiffuse>FFEF5350</colordiffuse>
                        </control>
                        <control type="image">
                            <left>295</left>
                            <width>20</width>
                            <height>20</height>
                            <texture>common/white_elipse.png</texture>
                            <visible>Integer.IsGreaterOrEqual(Window().Property(percent),45)</visible>
                            <colordiffuse>FFEF5350</colordiffuse>
                        </control>
                        <control type="image">
                            <left>320</left>
                            <width>20</width>
                            <height>20</height>
                            <texture>common/white_elipse.png</texture>
                            <visible>Integer.IsGreaterOrEqual(Window().Property(percent),40)</visible>
                            <colordiffuse>FFE57373</colordiffuse>
                        </control>
                        <control type="image">
                            <left>345</left>
                            <width>20</width>
                            <height>20</height>
                            <texture>common/white_elipse.png</texture>
                            <visible>Integer.IsGreaterOrEqual(Window().Property(percent),35)</visible>
                            <colordiffuse>FFE57373</colordiffuse>
                        </control>
                        <control type="image">
                            <left>370</left>
                            <width>20</width>
                            <height>20</height>
                            <texture>common/white_elipse.png</texture>
                            <visible>Integer.IsGreaterOrEqual(Window().Property(percent),30)</visible>
                            <colordiffuse>FFEF9A9A</colordiffuse>
                        </control>
                        <control type="image">
                            <left>395</left>
                            <width>20</width>
                            <height>20</height>
                            <texture>common/white_elipse.png</texture>
                            <visible>Integer.IsGreaterOrEqual(Window().Property(percent),25)</visible>
                            <colordiffuse>FFEF9A9A</colordiffuse>
                        </control>
                        <control type="image">
                            <left>420</left>
                            <width>20</width>
                            <height>20</height>
                            <texture>common/white_elipse.png</texture>
                            <visible>Integer.IsGreaterOrEqual(Window().Property(percent),20)</visible>
                            <colordiffuse>FFFFCDD2</colordiffuse>
                        </control>
                        <control type="image">
                            <left>445</left>
                            <width>20</width>
                            <height>20</height>
                            <texture>common/white_elipse.png</texture>
                            <visible>Integer.IsGreaterOrEqual(Window().Property(percent),15)</visible>
                            <colordiffuse>FFFFCDD2</colordiffuse>
                        </control>
                        <control type="image">
                            <left>470</left>
                            <width>20</width>
                            <height>20</height>
                            <texture>common/white_elipse.png</texture>
                            <visible>Integer.IsGreaterOrEqual(Window().Property(percent),10)</visible>
                            <colordiffuse>FFFFEBEE</colordiffuse>
                        </control>
                        <control type="image">
                            <left>495</left>
                            <width>20</width>
                            <height>20</height>
                            <texture>common/white_elipse.png</texture>
                            <visible>Integer.IsGreaterOrEqual(Window().Property(percent),5)</visible>
                            <colordiffuse>FFFFEBEE</colordiffuse>
                        </control>
                    </control>
                    <control type="label">
                        <left>305</left>
                        <top>30</top>
                        <width max="495">auto</width>
                        <height>20</height>
                        <font>font12</font>
                        <align>center</align>
                        <aligny>bottom</aligny>
                        <textcolor>FFCCCCCC</textcolor>
                        <label>$INFO[Window.Property(percent_label)]</label>
                    </control>
                    <control type="group">
                        <left>570</left>
                        <top>40</top>
                        <control type="image">
                            <left>20</left>
                            <width>20</width>
                            <height>20</height>
                            <texture>common/white_elipse.png</texture>
                            <visible>Integer.IsGreaterOrEqual(Window().Property(percent),5)</visible>
                            <colordiffuse>FFFFEBEE</colordiffuse>
                        </control>
                        <control type="image">
                            <left>45</left>
                            <width>20</width>
                            <height>20</height>
                            <texture>common/white_elipse.png</texture>
                            <visible>Integer.IsGreaterOrEqual(Window().Property(percent),10)</visible>
                            <colordiffuse>FFFFEBEE</colordiffuse>
                        </control>
                        <control type="image">
                            <left>70</left>
                            <width>20</width>
                            <height>20</height>
                            <texture>common/white_elipse.png</texture>
                            <visible>Integer.IsGreaterOrEqual(Window().Property(percent),15)</visible>
                            <colordiffuse>FFFFCDD2</colordiffuse>
                        </control>
                        <control type="image">
                            <left>95</left>
                            <width>20</width>
                            <height>20</height>
                            <texture>common/white_elipse.png</texture>
                            <visible>Integer.IsGreaterOrEqual(Window().Property(percent),20)</visible>
                            <colordiffuse>FFFFCDD2</colordiffuse>
                        </control>
                        <control type="image">
                            <left>120</left>
                            <width>20</width>
                            <height>20</height>
                            <texture>common/white_elipse.png</texture>
                            <visible>Integer.IsGreaterOrEqual(Window().Property(percent),25)</visible>
                            <colordiffuse>FFEF9A9A</colordiffuse>
                        </control>
                        <control type="image">
                            <left>145</left>
                            <width>20</width>
                            <height>20</height>
                            <texture>common/white_elipse.png</texture>
                            <visible>Integer.IsGreaterOrEqual(Window().Property(percent),30)</visible>
                            <colordiffuse>FFEF9A9A</colordiffuse>
                        </control>
                        <control type="image">
                            <left>170</left>
                            <width>20</width>
                            <height>20</height>
                            <texture>common/white_elipse.png</texture>
                            <visible>Integer.IsGreaterOrEqual(Window().Property(percent),35)</visible>
                            <colordiffuse>FFE57373</colordiffuse>
                        </control>
                        <control type="image">
                            <left>195</left>
                            <width>20</width>
                            <height>20</height>
                            <texture>common/white_elipse.png</texture>
                            <visible>Integer.IsGreaterOrEqual(Window().Property(percent),40)</visible>
                            <colordiffuse>FFE57373</colordiffuse>
                        </control>
                        <control type="image">
                            <left>220</left>
                            <width>20</width>
                            <height>20</height>
                            <texture>common/white_elipse.png</texture>
                            <visible>Integer.IsGreaterOrEqual(Window().Property(percent),45)</visible>
                            <colordiffuse>FFEF5350</colordiffuse>
                        </control>
                        <control type="image">
                            <left>245</left>
                            <width>20</width>
                            <height>20</height>
                            <texture>common/white_elipse.png</texture>
                            <visible>Integer.IsGreaterOrEqual(Window().Property(percent),50)</visible>
                            <colordiffuse>FFEF5350</colordiffuse>
                        </control>
                        <control type="image">
                            <left>270</left>
                            <width>20</width>
                            <height>20</height>
                            <texture>common/white_elipse.png</texture>
                            <visible>Integer.IsGreaterOrEqual(Window().Property(percent),55)</visible>
                            <colordiffuse>FFF44336</colordiffuse>
                        </control>
                        <control type="image">
                            <left>295</left>
                            <width>20</width>
                            <height>20</height>
                            <texture>common/white_elipse.png</texture>
                            <visible>Integer.IsGreaterOrEqual(Window().Property(percent),60)</visible>
                            <colordiffuse>FFF44336</colordiffuse>
                        </control>
                        <control type="image">
                            <left>320</left>
                            <width>20</width>
                            <height>20</height>
                            <texture>common/white_elipse.png</texture>
                            <visible>Integer.IsGreaterOrEqual(Window().Property(percent),65)</visible>
                            <colordiffuse>FFE53935</colordiffuse>
                        </control>
                        <control type="image">
                            <left>345</left>
                            <width>20</width>
                            <height>20</height>
                            <texture>common/white_elipse.png</texture>
                            <visible>Integer.IsGreaterOrEqual(Window().Property(percent),70)</visible>
                            <colordiffuse>FFE53935</colordiffuse>
                        </control>
                        <control type="image">
                            <left>370</left>
                            <width>20</width>
                            <height>20</height>
                            <texture>common/white_elipse.png</texture>
                            <visible>Integer.IsGreaterOrEqual(Window().Property(percent),75)</visible>
                            <colordiffuse>FFD32F2F</colordiffuse>
                        </control>
                        <control type="image">
                            <left>395</left>
                            <width>20</width>
                            <height>20</height>
                            <texture>common/white_elipse.png</texture>
                            <visible>Integer.IsGreaterOrEqual(Window().Property(percent),80)</visible>
                            <colordiffuse>FFD32F2F</colordiffuse>
                        </control>
                        <control type="image">
                            <left>420</left>
                            <width>20</width>
                            <height>20</height>
                            <texture>common/white_elipse.png</texture>
                            <visible>Integer.IsGreaterOrEqual(Window().Property(percent),85)</visible>
                            <colordiffuse>FFC62828</colordiffuse>
                        </control>
                        <control type="image">
                            <left>445</left>
                            <width>20</width>
                            <height>20</height>
                            <texture>common/white_elipse.png</texture>
                            <visible>Integer.IsGreaterOrEqual(Window().Property(percent),90)</visible>
                            <colordiffuse>FFC62828</colordiffuse>
                        </control>
                        <control type="image">
                            <left>470</left>
                            <width>20</width>
                            <height>20</height>
                            <texture>common/white_elipse.png</texture>
                            <visible>Integer.IsGreaterOrEqual(Window().Property(percent),95)</visible>
                            <colordiffuse>FFB71C1C</colordiffuse>
                        </control>
                        <control type="image">
                            <left>495</left>
                            <width>20</width>
                            <height>20</height>
                            <texture>common/white_elipse.png</texture>
                            <visible>Integer.IsGreaterOrEqual(Window().Property(percent),100)</visible>
                            <colordiffuse>FFB71C1C</colordiffuse>
                        </control>
                    </control>
                </control>
                <control type="textbox" id="2001">
                    <left>185</left>
                    <top>90</top>
                    <width>740</width>
                    <height>180</height>
                    <font>font12</font>
                    <align>center</align>
                    <textcolor>FFB7B4BB</textcolor>
                </control>
            </control>
        </control>
    </controls>
</window>
