<?xml version="1.0" encoding="UTF-8"?>
<window>
    <controls>
        <control type="group">
            <control type="image">
                <left>0</left>
                <top>0</top>
                <width>1920</width>
                <height>1080</height>
                <texture>common/black.png</texture>
            </control>
            <control type="image">
                <texture>$INFO[Window.Property(fanart)]</texture>
                <animation effect="fade" start="100" end="20">WindowOpen</animation>
            </control>
            <control type="image">
                <left>5</left>
                <top>5</top>
                <width>60</width>
                <height>60</height>
                <aspectratio aligny="top">keep</aspectratio>
                <texture>common/infinite.png</texture>
            </control>
            <control type="label">
                <left>70</left>
                <top>13</top>
                <width max="1160">auto</width>
                <height>20</height>
                <font>font12</font>
                <label>[COLOR B3CCCCCC][B]$ADDON[plugin.video.infinite 33061][/B][/COLOR]</label>
            </control>
            <control type="label">
                <right>13</right>
                <top>13</top>
                <width>250</width>
                <height>20</height>
                <aligny>center</aligny>
                <align>right</align>
                <font>font12</font>
                <label>[COLOR B3CCCCCC][B]Time: $INFO[System.Time(hh:mm:ss)][/B][/COLOR]</label>
            </control>
        </control>
        <control type="group">
            <control type="group">
                <control type="image">
                    <top>70</top>
                    <left>395</left>
                    <height max="250">auto</height>
                    <width max="1130">auto</width>
                    <aspectratio>keep</aspectratio>
                    <align>center</align>
                    <aligny>bottom</aligny>
                    <texture background="true">$INFO[Window.Property(clearlogo)]</texture>
                    <visible>!String.IsEmpty(Window.Property(clearlogo))</visible>
                </control>
                <control type="label">
                    <top>200</top>
                    <width max="1920">auto</width>
                    <height>30</height>
                    <font>font60</font>
                    <textcolor>FFCCCCCC</textcolor>
                    <align>center</align>
                    <aligny>bottom</aligny>
                    <label>[B]$INFO[Window.Property(title)][/B]</label>
                    <visible>String.IsEmpty(Window.Property(clearlogo))</visible>
                </control>
            </control>
        </control>
        <control type="group">
            <top>470</top>
            <left>405</left>
            <control type="image">
                <left>505</left>
                <top>0</top>
                <width max="100">auto</width>
                <height max="100">auto</height>
                <texture flipx="false" colordiffuse="FFE55E35">common/spinners/spin.png</texture>
                <animation effect="fade" time="320" delay="400">Visible</animation>
                <animation effect="rotate" end="360" center="auto" time="1200" loop="true" reversible="false" condition="true">Conditional</animation>
                <animation effect="fade" start="30" time="1200" condition="true" pulse="true">Conditional</animation>
            </control>
            <control type="textbox">
                <left>145</left>
                <top>100</top>
                <width>820</width>
                <height>365</height>
                <font>font12</font>
                <align>center</align>
                <textcolor>FFB7B4BB</textcolor>
                <label>$INFO[Window.Property(text)]</label>
            </control>
        </control>
        <control type="textbox" id="2001">
            <left>20</left>
            <top>970</top>
            <width>1880</width>
            <height>65</height>
            <font>font12</font>
            <align>center</align>
            <textcolor>FFB7B4BB</textcolor>
        </control>
    </controls>
</window>