<?xml version="1.0" encoding="UTF-8"?>
<window>
    <defaultcontrol always="true">10</defaultcontrol>
    <animation type="WindowOpen" reversible="false">
        <effect type="slide" start="0,-260" end="0,0" time="350" />
    </animation>
    <controls>
        <!-- <control type="image">
            <width>$INFO[System.ScreenWidth]</width>
            <height>$INFO[System.ScreenHeight]</height>
            <texture>common/debuggrid1080.png</texture>
            <colordiffuse>88ffffff</colordiffuse>
            <visible>True</visible>
        </control> -->
        <control type="group">
            <left>1350</left>
            <control type="image">
                <height>240</height>
                <width>570</width>
                <texture colordiffuse="FF000000">common/white.png</texture>
            </control>
            <control type="image">
                <left>5</left>
                <top>5</top>
                <height>239</height>
                <width>162</width>
                <aspectratio aligny="top">stretch</aspectratio>
                <texture>$INFO[Window.Property(poster)]</texture>
                <animation effect="fade" start="100" end="75" time="0" tween="sine">WindowOpen</animation>
            </control>
            <control type="group">
                <left>162</left>
                <control type="image">
                    <top>5</top>
                    <left>10</left>
                    <height>239</height>
                    <width>408</width>
                    <aspectratio aligny="top">stretch</aspectratio>
                    <texture>$INFO[Window.Property(fanart)]</texture>
                    <animation effect="fade" start="100" end="40" time="0" tween="sine">WindowOpen</animation>
                </control>
                <control type="image">
                    <left>358</left>
                    <top>5</top>
                    <width>45</width>
                    <height>45</height>
                    <aspectratio aligny="top">keep</aspectratio>
                    <texture colordiffuse="BFCCCCCC">common/infinite.png</texture>
                </control>
                <control type="label">
                    <top>55</top>
                    <left>50</left>
                    <width>350</width>
                    <height>15</height>
                    <aligny>bottom</aligny>
                    <align>right</align>
                    <font>font11</font>
                    <textcolor>ddffffff</textcolor>
                    <shadowcolor>ff000000</shadowcolor>
                    <label>[COLOR B3CCCCCC][B]Time: $INFO[System.Time(hh:mm:ss)][/B][/COLOR]</label>
                </control>
                <!-- Next Episode -->
                <control type="group">
                    <visible>String.IsEqual(Window.Property(nextep_function),next_ep)</visible>
                    <control type="label">
                        <top>20</top>
                        <left>10</left>
                        <width>388</width>
                        <height>20</height>
                        <aligny>center</aligny>
                        <align>center</align>
                        <font>font14</font>
                        <textcolor>FFB7B4BB</textcolor>
                        <label>[B]$ADDON[plugin.video.infinite 33041]... $INFO[Player.TimeRemaining()][/B]</label>
                    </control>
                    <control type="textbox">
                        <top>75</top>
                        <left>10</left>
                        <width>388</width>
                        <height>95</height>
                        <font>font12</font>
                        <align>center</align>
                        <aligny>center</aligny>
                        <label>$INFO[Window.Property(next_episode)]</label>
                        <textcolor>FFB7B4BB</textcolor>
                        <autoscroll>true</autoscroll>
                    </control>
                    <control type="grouplist">
                        <left>15</left>
                        <top>185</top>
                        <width>530</width>
                        <height>150</height>
                        <orientation>horizontal</orientation>
                        <itemgap>15</itemgap>
                        <usecontrolcoords>true</usecontrolcoords>
                        <control type="button" id="10">
                            <description>Close</description>
                            <animation effect="zoom" start="100" end="102" time="50" tween="sine" easing="inout" center="auto">Focus</animation>
                            <animation effect="zoom" start="102" end="100" time="50" tween="sine" easing="inout" center="auto">Unfocus</animation>
                            <width>120</width>
                            <height>60</height>
                            <onleft>12</onleft>
                            <onright>11</onright>
                            <label>$ADDON[plugin.video.infinite 32614]</label>
                            <font>font12_title</font>
                            <textcolor>FFB7B4BB</textcolor>
                            <focusedcolor>FFFF0000</focusedcolor>
                            <texturefocus colordiffuse="FFB7B4BB">common/button-base.png</texturefocus>
                            <texturenofocus colordiffuse="FF4a4347">common/button-base.png</texturenofocus>
                            <align>center</align>
                        </control>
                        <control type="button" id="11">
                            <description>Play</description>
                            <animation effect="zoom" start="100" end="102" time="50" tween="sine" easing="inout" center="auto">Focus</animation>
                            <animation effect="zoom" start="102" end="100" time="50" tween="sine" easing="inout" center="auto">Unfocus</animation>
                            <width>120</width>
                            <height>60</height>
                            <onleft>10</onleft>
                            <onright>12</onright>
                            <label>$ADDON[plugin.video.infinite 32764]</label>
                            <font>font12_title</font>
                            <textcolor>FFB7B4BB</textcolor>
                            <focusedcolor>FFFF0000</focusedcolor>
                            <texturefocus colordiffuse="FFB7B4BB">common/button-base.png</texturefocus>
                            <texturenofocus colordiffuse="FF4a4347">common/button-base.png</texturenofocus>
                            <align>center</align>
                        </control>
                        <control type="button" id="12">
                            <description>Cancel</description>
                            <animation effect="zoom" start="100" end="102" time="50" tween="sine" easing="inout" center="auto">Focus</animation>
                            <animation effect="zoom" start="102" end="100" time="50" tween="sine" easing="inout" center="auto">Unfocus</animation>
                            <width>120</width>
                            <height>60</height>
                            <onleft>11</onleft>
                            <onright>10</onright>
                            <label>$ADDON[plugin.video.infinite 32840]</label>
                            <font>font12_title</font>
                            <textcolor>FFB7B4BB</textcolor>
                            <focusedcolor>FFFF0000</focusedcolor>
                            <texturefocus colordiffuse="FFB7B4BB">common/button-base.png</texturefocus>
                            <texturenofocus colordiffuse="FF4a4347">common/button-base.png</texturenofocus>
                            <align>center</align>
                        </control>
                    </control>
                </control>
                <!-- Confirm -->
                <control type="group">
                    <visible>String.IsEqual(Window.Property(nextep_function),confirm)</visible>
                    <control type="label">
                        <top>20</top>
                        <left>0</left>
                        <width>388</width>
                        <height>20</height>
                        <aligny>top</aligny>
                        <align>center</align>
                        <font>font14</font>
                        <label>[B]$ADDON[plugin.video.infinite 32802][/B]</label>
                        <textcolor>FFB7B4BB</textcolor>
                    </control>
                    <control type="textbox">
                        <top>70</top>
                        <left>0</left>
                        <width>388</width>
                        <height>100</height>
                        <font>font10</font>
                        <align>center</align>
                        <aligny>center</aligny>
                        <label>$INFO[Window.Property(title)]</label>
                        <textcolor>FFB7B4BB</textcolor>
                        <autoscroll>true</autoscroll>
                    </control>
                    <control type="grouplist">
                        <left>15</left>
                        <top>185</top>
                        <width>530</width>
                        <height>150</height>
                        <orientation>horizontal</orientation>
                        <itemgap>40</itemgap>
                        <usecontrolcoords>true</usecontrolcoords>
                        <control type="button" id="10">
                            <description>Close</description>
                            <animation effect="zoom" start="100" end="102" time="50" tween="sine" easing="inout" center="auto">Focus</animation>
                            <animation effect="zoom" start="102" end="100" time="50" tween="sine" easing="inout" center="auto">Unfocus</animation>
                            <width>150</width>
                            <height>60</height>
                            <onleft>11</onleft>
                            <onright>11</onright>
                            <label>$ADDON[plugin.video.infinite 32824]</label>
                            <font>font12_title</font>
                            <textcolor>FFB7B4BB</textcolor>
                            <focusedcolor>FFFF0000</focusedcolor>
                            <texturefocus colordiffuse="FFB7B4BB">common/button-base.png</texturefocus>
                            <texturenofocus colordiffuse="FF4a4347">common/button-base.png</texturenofocus>
                            <align>center</align>
                            <aligny>center</aligny>
                        </control>
                        <control type="button" id="11">
                            <description>Play</description>
                            <animation effect="zoom" start="100" end="102" time="50" tween="sine" easing="inout" center="auto">Focus</animation>
                            <animation effect="zoom" start="102" end="100" time="50" tween="sine" easing="inout" center="auto">Unfocus</animation>
                            <width>150</width>
                            <height>60</height>
                            <onleft>10</onleft>
                            <onright>10</onright>
                            <label>$ADDON[plugin.video.infinite 32828]</label>
                            <font>font12_title</font>
                            <textcolor>FFB7B4BB</textcolor>
                            <focusedcolor>FFFF0000</focusedcolor>
                            <texturefocus colordiffuse="FFB7B4BB">common/button-base.png</texturefocus>
                            <texturenofocus colordiffuse="FF4a4347">common/button-base.png</texturenofocus>
                            <align>center</align>
                        </control>
                    </control>
                </control>
            </control>
            <control type="progress" id="5000">
                <description>Progressbar</description>
                <top>236</top>
                <left>0</left>
                <width>565</width>
                <height>17</height>
                <reveal>true</reveal>
            </control>
        </control>
    </controls>
</window>
