<?xml version="1.0" encoding="UTF-8"?>
<window>
    <defaultcontrol always="true">10</defaultcontrol>
    <controls>
        <!-- Background -->
        <control type="group">
            <width>1920</width>
            <height>1080</height>
            <control type="image">
                <texture>common/black.png</texture>
            </control>
            <control type="image">
                <texture>$INFO[Window.Property(person.fanart)]</texture>
                <animation effect="fade" start="80" end="20" time="1000" tween="sine">WindowOpen</animation>
            </control>
        </control>
        <!-- Top Heading & Right Poster -->
        <control type="group">
            <left>5</left>
            <control type="image">
                <animation effect="fade" start="0" end="100" delay="1100" time="2000">WindowOpen</animation>
                <top>5</top>
                <width>60</width>
                <height>60</height>
                <aspectratio aligny="top">keep</aspectratio>
                <texture>common/infinite.png</texture>
            </control>
            <control type="label">
                <animation type="WindowOpen" condition="String.IsEqual(Window.Property(person.enable_animation),true)" reversible="false">
                    <effect type="fade" start="0" end="100" time="450" tween="sine" delay="350" easing="in" />
                    <effect type="slide" start="0,-165" end="0" time="450" center="auto" delay="350" tween="quadratic" easing="out" />
                </animation>
                <animation type="WindowOpen" condition="String.IsEqual(Window.Property(person.enable_animation),false)" reversible="false">
                    <effect type="fade" start="0" end="100" time="450" tween="sine" delay="400" easing="in" />
                </animation>
                <top>150</top>
                <left>50</left>
                <width max="1150">auto</width>
                <height>30</height>
                <font>font60</font>
                <textcolor>FFCCCCCC</textcolor>
                <align>center</align>
                <aligny>bottom</aligny>
                <label>[B]$INFO[Window.Property(person.name)][/B]</label>
            </control>
            <control type="image">
                <animation type="WindowOpen" condition="String.IsEqual(Window.Property(person.enable_animation),true)" reversible="false">
                    <effect type="fade" start="0" end="100" time="450" tween="sine" delay="350" easing="in" />
                    <effect type="slide" start="650" end="0" time="450" center="auto" delay="350" tween="quadratic" easing="out" />
                </animation>
                <animation type="WindowOpen" condition="String.IsEqual(Window.Property(person.enable_animation),false)" reversible="false">
                    <effect type="fade" start="0" end="100" time="450" tween="sine" delay="400" easing="in" />
                </animation>
                <top>80</top>
                <left>1250</left>
                <width>650</width>
                <height>1000</height>
                <aspectratio aligny="top">stretch</aspectratio>
                <texture background="true">$INFO[Window.Property(person.image)]</texture>
            </control>
        </control>
        <!-- Top 3 Lines Info -->
        <control type="group">
            <animation type="WindowOpen" condition="String.IsEqual(Window.Property(person.enable_animation),true)" reversible="false">
                <effect type="fade" start="0" end="100" time="600" tween="sine" delay="200" easing="in" />
                <effect type="slide" start="-1200" end="0" time="600" center="auto" tween="quadratic" delay="200" easing="out" />
            </animation>
                <animation type="WindowOpen" condition="String.IsEqual(Window.Property(person.enable_animation),false)" reversible="false">
                    <effect type="fade" start="0" end="100" time="450" tween="sine" delay="400" easing="in" />
                </animation>
            <animation effect="fade" start="100" end="0" time="200" tween="sine" condition="!Control.HasFocus(10) + !Control.HasFocus(11)">conditional</animation>
            <top>260</top>
            <left>50</left>
            <control type="label">
                <width max="1150">auto</width>
                <height>25</height>
                <font>font14</font>
                <textcolor>FFB7B4BB</textcolor>
                <align>center</align>
                <label>[I]$INFO[Window.Property(person.place_of_birth)][/I]</label>
            </control>
            <control type="grouplist">
                <top>70</top>
                <itemgap>0</itemgap>
                <align>center</align>
                <orientation>horizontal</orientation>
                <width max="1150">auto</width>
                <control type="label">
                    <width min="29" max="575">auto</width>
                    <height>25</height>
                    <font>font14</font>
                    <textcolor>FFF1F1F1</textcolor>
                    <label>[I]$INFO[Window.Property(person.gender),[B]$ADDON[plugin.video.infinite 32845]: [/B]][/I]</label>
                    <visible>!String.IsEmpty(Window.Property(person.gender))</visible>
                </control>
                <control type="label">
                    <width min="29" max="575">auto</width>
                    <height>25</height>
                    <font>font14</font>
                    <textcolor>FFF1F1F1</textcolor>
                    <label>[I]$INFO[Window.Property(person.age),  •  [B]$ADDON[plugin.video.infinite 32827]: [/B]][/I]</label>
                    <visible>!String.IsEmpty(Window.Property(person.age))</visible>
                </control>
            </control>
            <control type="grouplist">
                <top>130</top>
                <itemgap>0</itemgap>
                <align>center</align>
                <orientation>horizontal</orientation>
                <width max="1150">auto</width>
                <control type="label">
                    <width min="29" max="575">auto</width>
                    <height>25</height>
                    <font>font14</font>
                    <textcolor>FFF1F1F1</textcolor>
                    <label>[I]$INFO[Window.Property(person.birthday),[B]$ADDON[plugin.video.infinite 32825]:[/B] ][/I]</label>
                    <visible>!String.IsEmpty(Window.Property(person.birthday))</visible>
                </control>
                <control type="label">
                    <width min="29" max="575">auto</width>
                    <height>25</height>
                    <font>font14</font>
                    <textcolor>FFF1F1F1</textcolor>
                    <label>[I]$INFO[Window.Property(person.deathday),  •  [B]$ADDON[plugin.video.infinite 32826]:[/B] ][/I]</label>
                    <visible>!String.IsEmpty(Window.Property(person.deathday))</visible>
                </control>
            </control>
        </control>
        <!-- Body -->
        <control type="grouplist" id="1000">
            <animation type="WindowOpen" condition="String.IsEqual(Window.Property(person.enable_animation),true)" reversible="false">
                <effect type="fade" start="0" end="100" time="600" tween="sine" delay="200" easing="in" />
                <effect type="slide" start="-1200" end="0" time="600" center="auto" tween="quadratic" delay="200" easing="out" />
            </animation>
                <animation type="WindowOpen" condition="String.IsEqual(Window.Property(person.enable_animation),false)" reversible="false">
                    <effect type="fade" start="0" end="100" time="450" tween="sine" delay="400" easing="in" />
                </animation>
            <animation effect="slide" end="0,220" time="300" reversible="true" condition="Control.HasFocus(10) | Control.HasFocus(11)">Conditional</animation>
            <top>300</top>
            <left>50</left>
            <width>1920</width>
            <height>780</height>
            <orientation>vertical</orientation>
            <scrolltime tween="cubic" easing="out">600</scrolltime>
            <itemgap>-300</itemgap>
            <usecontrolcoords>true</usecontrolcoords>
            <!-- Buttons -->
            <control type="group">
                <animation effect="fade" start="100" end="0" time="200" tween="sine" condition="Control.HasFocus(50)">conditional</animation>
                <height>500</height>
                <control type="group">
                    <control type="button" id="10">
                        <description>Images</description>
                        <animation effect="zoom" start="100" end="102" time="100" tween="sine" easing="inout" center="487,58">Focus</animation>
                        <animation effect="zoom" start="102" end="100" time="100" tween="sine" easing="inout" center="487,58">Unfocus</animation>
                        <left>300</left>
                        <width>275</width>
                        <height>70</height>
                        <onleft>11</onleft>
                        <onright>11</onright>
                        <onup>2054</onup>
                        <ondown>50</ondown>
                        <label>$ADDON[plugin.video.infinite 32798]</label>
                        <font>font14</font>
                        <textcolor>FFB7B4BB</textcolor>
                        <focusedcolor>FF302F2F</focusedcolor>
                        <texturefocus colordiffuse="FFB7B4BB">common/white.png</texturefocus>
                        <texturenofocus colordiffuse="FF302F2F">common/white.png</texturenofocus>
                        <align>center</align>
                    </control>
                    <control type="button" id="11">
                        <description>Tagged Images</description>
                        <left>600</left>
                        <animation effect="zoom" start="100" end="102" time="100" tween="sine" easing="inout" center="787,58">Focus</animation>
                        <animation effect="zoom" start="102" end="100" time="100" tween="sine" easing="inout" center="787,58">Unfocus</animation>
                        <width>275</width>
                        <height>70</height>
                        <onleft>10</onleft>
                        <onright>10</onright>
                        <onup>2054</onup>
                        <ondown>50</ondown>
                        <label>$ADDON[plugin.video.infinite 33045] $ADDON[plugin.video.infinite 32798]</label>
                        <font>font14</font>
                        <textcolor>FFB7B4BB</textcolor>
                        <focusedcolor>FF302F2F</focusedcolor>
                        <texturefocus colordiffuse="FFB7B4BB">common/white.png</texturefocus>
                        <texturenofocus colordiffuse="FF302F2F">common/white.png</texturenofocus>
                        <align>center</align>
                    </control>
                </control>
            </control>
            <!-- Biography -->
            <control type="group">
                <height>760</height>
                <control type="group">
                    <control type="label">
                        <width max="1160">auto</width>
                        <height>20</height>
                        <font>font14</font>
                        <textcolor>FFCCCCCC</textcolor>
                        <align>left</align>
                        <aligny>bottom</aligny>
                        <label>[B]$ADDON[plugin.video.infinite 32797][/B]</label>
                    </control>
                    <control type="button" id="50">
                        <top>50</top>
                        <width>1180</width>
                        <height>390</height>
                        <onup>10</onup>
                        <ondown>2050</ondown>
                        <texturefocus colordiffuse="FFB7B4BB">common/white.png</texturefocus>
                        <texturenofocus colordiffuse="FF302F2F">common/white.png</texturenofocus>
                    </control>
                    <control type="textbox">
                        <top>50</top>
                        <left>15</left>
                        <width>1150</width>
                        <height>360</height>
                        <font>font14</font>
                        <align>left</align>
                        <aligny>top</aligny>
                        <textcolor>FFB7B4BB</textcolor>
                        <label>$INFO[Window.Property(person.biography)]</label>
                        <visible>!Control.HasFocus(50)</visible>
                    </control>
                    <control type="textbox">
                        <top>50</top>
                        <left>15</left>
                        <width>1150</width>
                        <height>360</height>
                        <font>font14</font>
                        <align>left</align>
                        <aligny>top</aligny>
                        <textcolor>FF302F2F</textcolor>
                        <label>$INFO[Window.Property(person.biography)]</label>
                        <autoscroll time="2000" delay="12000" repeat="5000">true</autoscroll>
                        <visible>Control.HasFocus(50)</visible>
                    </control>
                </control>
            </control>
            <!-- More from Movies -->
            <control type="group">
                <visible>Integer.IsGreater(Container(2050).NumItems,0)</visible>
                <height>760</height>
                <control type="group">
                    <control type="label">
                        <width min="30" max="1160">auto</width>
                        <height>20</height>
                        <font>font14</font>
                        <textcolor>FFCCCCCC</textcolor>
                        <label>[B]$ADDON[plugin.video.infinite 32028][/B] $INFO[Window.Property(person.more_from_movie.number)]</label>
                        <visible>!Control.HasFocus(2050)</visible>
                    </control>
                    <control type="label">
                        <width min="30" max="1160">auto</width>
                        <height>20</height>
                        <font>font14</font>
                        <textcolor>FFCCCCCC</textcolor>
                        <label>[B]$ADDON[plugin.video.infinite 32028][/B]  |  [I]$INFO[Container(2050).ListItem.Property(person.name)] • $INFO[Container(2050).ListItem.Property(person.release_date)] • $INFO[Container(2050).ListItem.Property(person.vote_average)][/I]</label>
                        <visible>Control.HasFocus(2050)</visible>
                    </control>
                    <control type="fixedlist" id="2050">
                        <animation effect="slide" end="-472,0" time="0" condition="Integer.IsEqual(Container(2050).NumItems,1) | Integer.IsEqual(Container(2050).NumItems,2)">Conditional</animation>
                        <animation effect="slide" end="-236,0" time="0" condition="Integer.IsEqual(Container(2050).NumItems,3) | Integer.IsEqual(Container(2050).NumItems,4)">Conditional</animation>
                        <pagecontrol>4050</pagecontrol>
                        <top>45</top>
                        <width>1180</width>
                        <height>360</height>
                        <onup>50</onup>
                        <ondown>4050</ondown>
                        <orientation>horizontal</orientation>
                        <scrolltime tween="sine">350</scrolltime>
                        <focusposition>2</focusposition>
                        <movement>2</movement>
                        <itemlayout height="360" width="236">
                            <control type="image">
                                <left>6</left>
                                <top>320</top>
                                <height>40</height>
                                <width>224</width>
                                <texture colordiffuse="FF302F2F">common/white.png</texture>
                            </control>
                            <control type="image">
                                <left>6</left>
                                <top>6</top>
                                <height max="314">auto</height>
                                <width max="224">auto</width>
                                <aspectratio>scale</aspectratio>
                                <texture>$INFO[ListItem.Property(person.thumbnail)]</texture>
                            </control>
                            <control type="label">
                                <left>6</left>
                                <top>330</top>
                                <width>226</width>
                                <height>20</height>
                                <font>font10</font>
                                <align>center</align>
                                <aligny>center</aligny>
                                <textcolor>FFB7B4BB</textcolor>
                                <label>$INFO[ListItem.Property(person.name)]</label>
                            </control>
                        </itemlayout>
                        <focusedlayout height="360" width="236">
                            <control type="group">
                                <animation effect="zoom" start="100" end="102" time="150" tween="sine" easing="inout" center="auto">Focus</animation>
                                <animation effect="zoom" start="102" end="100" time="150" tween="sine" easing="inout" center="auto">Unfocus</animation>
                                <animation effect="fade" start="100" end="60" condition="Control.HasFocus(4050)">Conditional</animation>
                                <control type="image">
                                    <left>0</left>
                                    <top>0</top>
                                    <height>320</height>
                                    <width>236</width>
                                    <texture colordiffuse="FFB7B4BB">common/white.png</texture>
                                    <visible>Control.HasFocus(2050) | Control.HasFocus(4050)</visible>
                                </control>
                                <control type="image">
                                    <left>0</left>
                                    <top>320</top>
                                    <height>40</height>
                                    <width>236</width>
                                    <texture colordiffuse="FFB7B4BB">common/white.png</texture>
                                    <visible>Control.HasFocus(2050) | Control.HasFocus(4050)</visible>
                                </control>
                                <control type="image">
                                    <left>6</left>
                                    <top>6</top>
                                    <height max="314">auto</height>
                                    <width max="224">auto</width>
                                    <aspectratio>scale</aspectratio>
                                    <texture>$INFO[ListItem.Property(person.thumbnail)]</texture>
                                </control>
                                <control type="label">
                                    <left>6</left>
                                    <top>330</top>
                                    <width>226</width>
                                    <height>20</height>
                                    <font>font10</font>
                                    <align>center</align>
                                    <aligny>center</aligny>
                                    <textcolor>FF302F2F</textcolor>
                                    <label>$INFO[ListItem.Property(person.name)]</label>
                                </control>
                            </control>
                        </focusedlayout>
                    </control>
                    <control type="scrollbar" id="4050">
                        <left>5</left>
                        <top>412</top>
                        <width>1170</width>
                        <height>15</height>
                        <onup>2050</onup>
                        <ondown>2051</ondown>
                        <texturesliderbackground colordiffuse="FF302F2F">common/white.png</texturesliderbackground>
                        <texturesliderbar colordiffuse="FF555556">common/white.png</texturesliderbar>
                        <texturesliderbarfocus colordiffuse="FFB7B4BB">common/white.png</texturesliderbarfocus>
                        <showonepage>false</showonepage>
                        <orientation>Horizontal</orientation>
                        <visible>Control.IsVisible(2050) + String.IsEqual(Window.Property(person.enable_scrollbars),true)</visible>
                    </control>
                    <control type="image">
                        <top>200</top>
                        <left>10</left>
                        <width>25</width>
                        <height>25</height>
                        <visible>[Control.HasFocus(2050) | Control.HasFocus(4050)] + Container(2050).HasPrevious</visible>
                        <texture>common/arrow_left.png</texture>
                    </control>
                    <control type="image">
                        <top>200</top>
                        <left>1145</left>
                        <width>25</width>
                        <height>25</height>
                        <visible>[Control.HasFocus(2050) | Control.HasFocus(4050)] + Container(2050).HasNext</visible>
                        <texture>common/arrow_right.png</texture>
                    </control>
                </control>
            </control>
            <!-- More from TV Shows -->
            <control type="group">
                <visible>Integer.IsGreater(Container(2051).NumItems,0)</visible>
                <height>760</height>
                <control type="group">
                    <control type="label">
                        <width min="30" max="1160">auto</width>
                        <height>20</height>
                        <font>font14</font>
                        <textcolor>FFCCCCCC</textcolor>
                        <label>[B]$ADDON[plugin.video.infinite 32029][/B] $INFO[Window.Property(person.more_from_tvshow.number)]</label>
                        <visible>!Control.HasFocus(2051)</visible>
                    </control>
                    <control type="label">
                        <width min="30" max="1160">auto</width>
                        <height>20</height>
                        <font>font14</font>
                        <textcolor>FFCCCCCC</textcolor>
                        <label>[B]$ADDON[plugin.video.infinite 32029][/B]  |  [I]$INFO[Container(2051).ListItem.Property(person.name)] • $INFO[Container(2051).ListItem.Property(person.release_date)] • $INFO[Container(2051).ListItem.Property(person.vote_average)][/I]</label>
                        <visible>Control.HasFocus(2051)</visible>
                    </control>
                    <control type="fixedlist" id="2051">
                        <animation effect="slide" end="-472,0" time="0" condition="Integer.IsEqual(Container(2051).NumItems,1) | Integer.IsEqual(Container(2051).NumItems,2)">Conditional</animation>
                        <animation effect="slide" end="-236,0" time="0" condition="Integer.IsEqual(Container(2051).NumItems,3) | Integer.IsEqual(Container(2051).NumItems,4)">Conditional</animation>
                        <pagecontrol>4051</pagecontrol>
                        <top>45</top>
                        <width>1180</width>
                        <height>360</height>
                        <onup>2050</onup>
                        <ondown>4051</ondown>
                        <orientation>horizontal</orientation>
                        <scrolltime tween="sine">350</scrolltime>
                        <focusposition>2</focusposition>
                        <movement>2</movement>
                        <itemlayout height="360" width="236">
                            <control type="image">
                                <left>6</left>
                                <top>320</top>
                                <height>40</height>
                                <width>224</width>
                                <texture colordiffuse="FF302F2F">common/white.png</texture>
                            </control>
                            <control type="image">
                                <left>6</left>
                                <top>6</top>
                                <height max="314">auto</height>
                                <width max="224">auto</width>
                                <aspectratio>scale</aspectratio>
                                <texture>$INFO[ListItem.Property(person.thumbnail)]</texture>
                            </control>
                            <control type="label">
                                <left>6</left>
                                <top>330</top>
                                <width>226</width>
                                <height>20</height>
                                <font>font10</font>
                                <align>center</align>
                                <aligny>center</aligny>
                                <textcolor>FFB7B4BB</textcolor>
                                <label>$INFO[ListItem.Property(person.name)]</label>
                            </control>
                        </itemlayout>
                        <focusedlayout height="360" width="236">
                            <control type="group">
                                <animation effect="zoom" start="100" end="102" time="150" tween="sine" easing="inout" center="auto">Focus</animation>
                                <animation effect="zoom" start="102" end="100" time="150" tween="sine" easing="inout" center="auto">Unfocus</animation>
                                <animation effect="fade" start="100" end="60" condition="Control.HasFocus(4051)">Conditional</animation>
                                <control type="image">
                                    <left>0</left>
                                    <top>0</top>
                                    <height>320</height>
                                    <width>236</width>
                                    <texture colordiffuse="FFB7B4BB">common/white.png</texture>
                                    <visible>Control.HasFocus(2051) | Control.HasFocus(4051)</visible>
                                </control>
                                <control type="image">
                                    <left>0</left>
                                    <top>320</top>
                                    <height>40</height>
                                    <width>236</width>
                                    <texture colordiffuse="FFB7B4BB">common/white.png</texture>
                                    <visible>Control.HasFocus(2051) | Control.HasFocus(4051)</visible>
                                </control>
                                <control type="image">
                                    <left>6</left>
                                    <top>6</top>
                                    <height max="314">auto</height>
                                    <width max="224">auto</width>
                                    <aspectratio>scale</aspectratio>
                                    <texture>$INFO[ListItem.Property(person.thumbnail)]</texture>
                                </control>
                                <control type="label">
                                    <left>6</left>
                                    <top>330</top>
                                    <width>226</width>
                                    <height>20</height>
                                    <font>font10</font>
                                    <align>center</align>
                                    <aligny>center</aligny>
                                    <textcolor>FF302F2F</textcolor>
                                    <label>$INFO[ListItem.Property(person.name)]</label>
                                </control>
                            </control>
                        </focusedlayout>
                    </control>
                    <control type="scrollbar" id="4051">
                        <left>5</left>
                        <top>412</top>
                        <width>1170</width>
                        <height>15</height>
                        <onup>2051</onup>
                        <ondown>2052</ondown>
                        <texturesliderbackground colordiffuse="FF302F2F">common/white.png</texturesliderbackground>
                        <texturesliderbar colordiffuse="FF555556">common/white.png</texturesliderbar>
                        <texturesliderbarfocus colordiffuse="FFB7B4BB">common/white.png</texturesliderbarfocus>
                        <showonepage>false</showonepage>
                        <orientation>Horizontal</orientation>
                        <visible>Control.IsVisible(2051) + String.IsEqual(Window.Property(person.enable_scrollbars),true)</visible>
                    </control>
                    <control type="image">
                        <top>200</top>
                        <left>10</left>
                        <width>25</width>
                        <height>25</height>
                        <visible>[Control.HasFocus(2051) | Control.HasFocus(4050)] + Container(2051).HasPrevious</visible>
                        <texture>common/arrow_left.png</texture>
                    </control>
                    <control type="image">
                        <top>200</top>
                        <left>1145</left>
                        <width>25</width>
                        <height>25</height>
                        <visible>[Control.HasFocus(2051) | Control.HasFocus(4051)] + Container(2051).HasNext</visible>
                        <texture>common/arrow_right.png</texture>
                    </control>
                </control>
            </control>
            <!-- IMDb Trivia -->
            <control type="group">
                <visible>Integer.IsGreater(Container(2052).NumItems,0)</visible>
                <height>760</height>
                <control type="group">
                    <control type="label">
                        <width max="1160">auto</width>
                        <height>20</height>
                        <font>font14</font>
                        <textcolor>FFCCCCCC</textcolor>
                        <align>left</align>
                        <aligny>bottom</aligny>
                        <label>[B]$ADDON[plugin.video.infinite 32984][/B] $INFO[Window.Property(person.imdb_trivia.number)]</label>
                    </control>
                    <control type="panel" id="2052">
                        <pagecontrol>4052</pagecontrol>
                        <top>45</top>
                        <width>1180</width>
                        <height>360</height>
                        <onup>2051</onup>
                        <ondown>4052</ondown>
                        <orientation>horizontal</orientation>
                        <scrolltime tween="sine">350</scrolltime>
                        <itemlayout height="380" width="590">
                            <control type="image">
                                <height>380</height>
                                <width>570</width>
                                <texture colordiffuse="FF302F2F">common/white.png</texture>
                            </control>
                            <control type="textbox">
                                <top>15</top>
                                <left>15</left>
                                <width>540</width>
                                <height>308</height>
                                <font>font12</font>
                                <align>center</align>
                                <aligny>top</aligny>
                                <textcolor>FFB7B4BB</textcolor>
                                <label>$INFO[ListItem.Property(person.text)]</label>
                            </control>
                        </itemlayout>
                        <focusedlayout height="380" width="590">
                            <control type="group">
                                <animation effect="zoom" start="100" end="102" time="150" tween="sine" easing="inout" center="auto">Focus</animation>
                                <animation effect="zoom" start="102" end="100" time="150" tween="sine" easing="inout" center="auto">Unfocus</animation>
                                <control type="image">
                                    <height>380</height>
                                    <width>570</width>
                                    <texture colordiffuse="FFB7B4BB">common/white.png</texture>
                                </control>
                                <control type="textbox">
                                    <top>15</top>
                                    <left>15</left>
                                    <width>540</width>
                                    <height>308</height>
                                    <font>font12</font>
                                    <align>center</align>
                                    <aligny>top</aligny>
                                    <textcolor>FF302F2F</textcolor>
                                    <label>$INFO[ListItem.Property(person.text)]</label>
                                </control>
                            </control>
                        </focusedlayout>
                    </control>
                    <control type="scrollbar" id="4052">
                        <top>412</top>
                        <width>1160</width>
                        <height>15</height>
                        <onup>2052</onup>
                        <ondown>2053</ondown>
                        <texturesliderbackground colordiffuse="FF302F2F">common/white.png</texturesliderbackground>
                        <texturesliderbar colordiffuse="FF555556">common/white.png</texturesliderbar>
                        <texturesliderbarfocus colordiffuse="FFB7B4BB">common/white.png</texturesliderbarfocus>
                        <showonepage>false</showonepage>
                        <orientation>Horizontal</orientation>
                        <visible>Control.IsVisible(2052) + String.IsEqual(Window.Property(person.enable_scrollbars),true)</visible>
                    </control>
                    <control type="image">
                        <top>210</top>
                        <left>10</left>
                        <width>25</width>
                        <height>25</height>
                        <visible>[Control.HasFocus(2052) | Control.HasFocus(4052)] + Container(2052).HasPrevious</visible>
                        <texture>common/arrow_left.png</texture>
                    </control>
                    <control type="image">
                        <top>210</top>
                        <left>1125</left>
                        <width>25</width>
                        <height>25</height>
                        <visible>[Control.HasFocus(2052) | Control.HasFocus(4052)] + Container(2052).HasNext</visible>
                        <texture>common/arrow_right.png</texture>
                    </control>
                </control>
            </control>
            <!-- IMDb Videos -->
            <control type="group">
                <visible>Integer.IsGreater(Container(2053).NumItems,0)</visible>
                <height>760</height>
                <control type="group">
                    <control type="label">
                        <width min="30" max="1160">auto</width>
                        <height>20</height>
                        <font>font14</font>
                        <textcolor>FFCCCCCC</textcolor>
                        <label>[B]$ADDON[plugin.video.infinite 33032][/B] $INFO[Window.Property(person.imdb_videos.number)]</label>
                        <visible>!Control.HasFocus(2053)</visible>
                    </control>
                    <control type="label">
                        <width min="30" max="1160">auto</width>
                        <height>20</height>
                        <font>font14</font>
                        <textcolor>FFCCCCCC</textcolor>
                        <label>[B]$ADDON[plugin.video.infinite 33032][/B]  |  [I]$INFO[Container(2053).ListItem.Property(person.name)][/I]</label>
                        <visible>Control.HasFocus(2053)</visible>
                    </control>
                    <control type="fixedlist" id="2053">
                        <animation effect="slide" end="-392,0" time="0" condition="Integer.IsEqual(Container(2053).NumItems,1) | Integer.IsEqual(Container(2053).NumItems,2)">Conditional</animation>
                        <pagecontrol>4053</pagecontrol>
                        <top>45</top>
                        <width>1180</width>
                        <height>360</height>
                        <onup>2052</onup>
                        <ondown>4053</ondown>
                        <orientation>horizontal</orientation>
                        <scrolltime tween="sine">350</scrolltime>
                        <focusposition>1</focusposition>
                        <movement>1</movement>
                        <itemlayout height="360" width="392">
                            <control type="image">
                                <left>6</left>
                                <top>6</top>
                                <height>348</height>
                                <width>380</width>
                                <aspectratio>scale</aspectratio>
                                <texture>$INFO[ListItem.Property(person.thumbnail)]</texture>
                            </control>
                            <control type="image">
                                <left>6</left>
                                <top>280</top>
                                <height>80</height>
                                <width>380</width>
                                <texture colordiffuse="FF302F2F">common/white.png</texture>
                            </control>
                            <control type="label">
                                <left>15</left>
                                <top>305</top>
                                <width>355</width>
                                <height>20</height>
                                <font>font10</font>
                                <align>center</align>
                                <textcolor>FFB7B4BB</textcolor>
                                <label>$INFO[ListItem.Property(person.name)]</label>
                            </control>
                        </itemlayout>
                        <focusedlayout height="360" width="392">
                            <control type="group">
                                <animation effect="zoom" start="100" end="102" time="150" tween="sine" easing="inout" center="auto">Focus</animation>
                                <animation effect="zoom" start="102" end="100" time="150" tween="sine" easing="inout" center="auto">Unfocus</animation>
                                <animation effect="fade" start="100" end="60" condition="Control.HasFocus(4053)">Conditional</animation>
                                <control type="image">
                                    <width>392</width>
                                    <height>360</height>
                                    <texture colordiffuse="FFB7B4BB">common/white.png</texture>
                                    <visible>Control.HasFocus(2053) | Control.HasFocus(4053)</visible>
                                </control>
                                <control type="image">
                                    <left>6</left>
                                    <top>6</top>
                                    <height>348</height>
                                    <width>380</width>
                                    <aspectratio>scale</aspectratio>
                                    <texture>$INFO[ListItem.Property(person.thumbnail)]</texture>
                                </control>
                                <control type="image">
                                    <left>6</left>
                                    <top>280</top>
                                    <height>74</height>
                                    <width>380</width>
                                    <texture colordiffuse="FFB7B4BB">common/white.png</texture>
                                    <visible>Control.HasFocus(2053) | Control.HasFocus(4053)</visible>
                                </control>
                                <control type="label">
                                    <left>15</left>
                                    <top>305</top>
                                    <width>355</width>
                                    <height>20</height>
                                    <font>font10</font>
                                    <align>center</align>
                                    <textcolor>FF302F2F</textcolor>
                                    <label>$INFO[ListItem.Property(person.name)]</label>
                                </control>
                            </control>
                        </focusedlayout>
                    </control>
                    <control type="scrollbar" id="4053">
                        <left>5</left>
                        <top>412</top>
                        <width>1165</width>
                        <height>15</height>
                        <onup>2053</onup>
                        <ondown>2054</ondown>
                        <texturesliderbackground colordiffuse="FF302F2F">common/white.png</texturesliderbackground>
                        <texturesliderbar colordiffuse="FF555556">common/white.png</texturesliderbar>
                        <texturesliderbarfocus colordiffuse="FFB7B4BB">common/white.png</texturesliderbarfocus>
                        <showonepage>false</showonepage>
                        <orientation>Horizontal</orientation>
                        <visible>Control.IsVisible(2053) + String.IsEqual(Window.Property(person.enable_scrollbars),true)</visible>
                    </control>
                    <control type="image">
                        <top>200</top>
                        <left>10</left>
                        <width>25</width>
                        <height>25</height>
                        <visible>[Control.HasFocus(2053) | Control.HasFocus(4053)] + Container(2053).HasPrevious</visible>
                        <texture>common/arrow_left.png</texture>
                    </control>
                    <control type="image">
                        <top>200</top>
                        <left>1145</left>
                        <width>25</width>
                        <height>25</height>
                        <visible>[Control.HasFocus(2053) | Control.HasFocus(4053)] + Container(2053).HasNext</visible>
                        <texture>common/arrow_right.png</texture>
                    </control>
                </control>
            </control>
            <!-- More from Directed -->
            <control type="group">
                <visible>Integer.IsGreater(Container(2054).NumItems,0)</visible>
                <height>760</height>
                <control type="group">
                    <control type="label">
                        <width min="30" max="1160">auto</width>
                        <height>20</height>
                        <font>font14</font>
                        <textcolor>FFCCCCCC</textcolor>
                        <label>[B]$ADDON[plugin.video.infinite 32028] $ADDON[plugin.video.infinite 32796][/B] $INFO[Window.Property(person.more_from_director.number)]</label>
                        <visible>!Control.HasFocus(2054)</visible>
                    </control>
                    <control type="label">
                        <width min="30" max="1160">auto</width>
                        <height>20</height>
                        <font>font14</font>
                        <textcolor>FFCCCCCC</textcolor>
                        <label>[B]$ADDON[plugin.video.infinite 32028] $ADDON[plugin.video.infinite 32796][/B]  |  [I]$INFO[Container(2054).ListItem.Property(person.name)] • $INFO[Container(2054).ListItem.Property(person.release_date)] • $INFO[Container(2054).ListItem.Property(person.vote_average)][/I]</label>
                        <visible>Control.HasFocus(2054)</visible>
                    </control>
                    <control type="fixedlist" id="2054">
                        <animation effect="slide" end="-472,0" time="0" condition="Integer.IsEqual(Container(2054).NumItems,1) | Integer.IsEqual(Container(2054).NumItems,2)">Conditional</animation>
                        <animation effect="slide" end="-236,0" time="0" condition="Integer.IsEqual(Container(2054).NumItems,3) | Integer.IsEqual(Container(2054).NumItems,4)">Conditional</animation>
                        <pagecontrol>4054</pagecontrol>
                        <top>45</top>
                        <width>1180</width>
                        <height>360</height>
                        <onup>2053</onup>
                        <ondown>4054</ondown>
                        <orientation>horizontal</orientation>
                        <scrolltime tween="sine">350</scrolltime>
                        <focusposition>2</focusposition>
                        <movement>2</movement>
                        <itemlayout height="360" width="236">
                            <control type="image">
                                <left>6</left>
                                <top>320</top>
                                <height>40</height>
                                <width>224</width>
                                <texture colordiffuse="FF302F2F">common/white.png</texture>
                            </control>
                            <control type="image">
                                <left>6</left>
                                <top>6</top>
                                <height max="314">auto</height>
                                <width max="224">auto</width>
                                <aspectratio>scale</aspectratio>
                                <texture>$INFO[ListItem.Property(person.thumbnail)]</texture>
                            </control>
                            <control type="label">
                                <left>6</left>
                                <top>330</top>
                                <width>226</width>
                                <height>20</height>
                                <font>font10</font>
                                <align>center</align>
                                <aligny>center</aligny>
                                <textcolor>FFB7B4BB</textcolor>
                                <label>$INFO[ListItem.Property(person.name)]</label>
                            </control>
                        </itemlayout>
                        <focusedlayout height="360" width="236">
                            <control type="group">
                                <animation effect="zoom" start="100" end="102" time="150" tween="sine" easing="inout" center="auto">Focus</animation>
                                <animation effect="zoom" start="102" end="100" time="150" tween="sine" easing="inout" center="auto">Unfocus</animation>
                                <animation effect="fade" start="100" end="60" condition="Control.HasFocus(4054)">Conditional</animation>
                                <control type="image">
                                    <left>0</left>
                                    <top>0</top>
                                    <height>320</height>
                                    <width>236</width>
                                    <texture colordiffuse="FFB7B4BB">common/white.png</texture>
                                    <visible>Control.HasFocus(2054) | Control.HasFocus(4054)</visible>
                                </control>
                                <control type="image">
                                    <left>0</left>
                                    <top>320</top>
                                    <height>40</height>
                                    <width>236</width>
                                    <texture colordiffuse="FFB7B4BB">common/white.png</texture>
                                    <visible>Control.HasFocus(2054) | Control.HasFocus(4054)</visible>
                                </control>
                                <control type="image">
                                    <left>6</left>
                                    <top>6</top>
                                    <height max="314">auto</height>
                                    <width max="224">auto</width>
                                    <aspectratio>scale</aspectratio>
                                    <texture>$INFO[ListItem.Property(person.thumbnail)]</texture>
                                </control>
                                <control type="label">
                                    <left>6</left>
                                    <top>330</top>
                                    <width>226</width>
                                    <height>20</height>
                                    <font>font10</font>
                                    <align>center</align>
                                    <aligny>center</aligny>
                                    <textcolor>FF302F2F</textcolor>
                                    <label>$INFO[ListItem.Property(person.name)]</label>
                                </control>
                            </control>
                        </focusedlayout>
                    </control>
                    <control type="scrollbar" id="4054">
                        <left>5</left>
                        <top>412</top>
                        <width>1170</width>
                        <height>15</height>
                        <onup>2054</onup>
                        <ondown>10</ondown>
                        <texturesliderbackground colordiffuse="FF302F2F">common/white.png</texturesliderbackground>
                        <texturesliderbar colordiffuse="FF555556">common/white.png</texturesliderbar>
                        <texturesliderbarfocus colordiffuse="FFB7B4BB">common/white.png</texturesliderbarfocus>
                        <showonepage>false</showonepage>
                        <orientation>Horizontal</orientation>
                        <visible>Control.IsVisible(2054) + String.IsEqual(Window.Property(person.enable_scrollbars),true)</visible>
                    </control>
                    <control type="image">
                        <top>200</top>
                        <left>10</left>
                        <width>25</width>
                        <height>25</height>
                        <visible>[Control.HasFocus(2054) | Control.HasFocus(4054)] + Container(2054).HasPrevious</visible>
                        <texture>common/arrow_left.png</texture>
                    </control>
                    <control type="image">
                        <top>200</top>
                        <left>1145</left>
                        <width>25</width>
                        <height>25</height>
                        <visible>[Control.HasFocus(2054) | Control.HasFocus(4054)] + Container(2054).HasNext</visible>
                        <texture>common/arrow_right.png</texture>
                    </control>
                </control>
            </control>
        </control>
    </controls>
</window>
