<?xml version="1.0" encoding="UTF-8"?>
<window>
    <onload>Dialog.Close(fullscreeninfo,true)</onload>
    <onload>Dialog.Close(videoosd,true)</onload>
    <animation type="WindowOpen" reversible="false">
        <!-- <effect type="fade" end="100" time="600" /> -->
        <effect type="slide" start="0,-260" end="0,0" time="350" />
    </animation>
    <controls>
        <control type="image">
            <height>550</height>
            <texture>common/dim-top.png</texture>
        </control>
        <control type="group">
            <left>20</left>
            <top>20</top>
            <height>140</height>
            <control type="image">
                <left>-1</left>
                <top>-1</top>
                <width>286</width>
                <height>142</height>
                <texture border="16" colordiffuse="FFCCCCCC">common/dialog.png</texture>
            </control>
            <control type="image">
                <width>284</width>
                <texture colordiffuse="FF000000" diffuse="diffuse/landscape_w284_h160.png">common/white.png</texture>
            </control>
            <control type="image">
                <width>284</width>
                <aspectratio>scale</aspectratio>
                <texture diffuse="diffuse/landscape_w284_h160.png">$INFO[Window.Property(thumb)]</texture>
                <animation effect="fade" start="100" end="65" time="0">WindowOpen</animation>
            </control>
            <control type="image">
                <top>80</top>
                <left>72</left>
                <width>140</width>
                <texture>$INFO[Window.Property(clearlogo)]</texture>
                <aspectratio>keep</aspectratio>
                <animation effect="fade" start="100" end="80" time="0">WindowOpen</animation>
            </control>
            <control type="group">
                <left>275</left>
                <!-- Main Heading & Timer -->
                <control type="group">
                    <!-- Logo -->
                    <control type="progress" id="5000">
                        <bottom>0</bottom>
                        <height>1</height>
                        <!-- <visible>false</visible> -->
                        <reveal>true</reveal>
                    </control>
                    <control type="image">
                        <right>10</right>
                        <top>5</top>
                        <width>70</width>
                        <height>70</height>
                        <align>left</align>
                        <aligny>top</aligny>
                        <aspectratio aligny="top">keep</aspectratio>
                        <texture colordiffuse="FFB7B4BB">common/infinite.png</texture>
                    </control>
                    <!-- Autoplay & Autoscrape -->
                    <control type="group">
                        <visible>String.IsEmpty(Window.Property(pause_timer))</visible>
                        <control type="label">
                            <visible>String.IsEqual(Window.Property(play_type),autoplay_nextep)</visible>
                            <left>35</left>
                            <aligny>center</aligny>
                            <height>40</height>
                            <label>[B]Next Episode In $INFO[Player.TimeRemaining()][/B]</label>
                            <font>font14</font>
                            <textcolor>FFB7B4BB</textcolor>
                        </control>
                        <control type="label">
                            <visible>String.IsEqual(Window.Property(play_type),autoscrape_nextep)</visible>
                            <left>35</left>
                            <aligny>center</aligny>
                            <height>40</height>
                            <label>[B]Auto Scrape Next Episode?[/B]</label>
                            <font>font14</font>
                            <textcolor>FFB7B4BB</textcolor>
                        </control>
                    </control>
                    <!-- Waiting For Input -->
                    <control type="label">
                        <visible>String.IsEqual(Window.Property(play_type),autoplay_nextep) + !String.IsEmpty(Window.Property(pause_timer))</visible>
                        <left>35</left>
                        <aligny>center</aligny>
                        <height>40</height>
                        <label>[B]Waiting for Input $INFO[Window.Property(pause_timer)][/B]</label>
                        <font>font14</font>
                        <textcolor>FFB7B4BB</textcolor>
                    </control>
                </control>
                <!-- Text Body -->
                <control type="label">
                    <top>45</top>
                    <left>35</left>
                    <height>35</height>
                    <width>auto</width>
                    <align>center</align>
                    <aligny>center</aligny>
                    <label>$INFO[Window.Property(episode_label)] | [B]Time: $INFO[System.Time(hh:mm:ss)][/B] | [B]Elapsed Time: $INFO[Window.Property(elapsed_time)][/B]</label>
                    <font>font12</font>
                    <textcolor>FFB7B4BB</textcolor>
                </control>
                <!-- Buttons Autoplay -->
                <control type="grouplist">
                    <visible>String.IsEqual(Window.Property(play_type),autoplay_nextep)</visible>
                    <left>30</left>
                    <top>75</top>
                    <width>530</width>
                    <height>70</height>
                    <orientation>horizontal</orientation>
                    <itemgap>20</itemgap>
                    <control type="button" id="10">
                        <description>Close</description>
                        <animation effect="zoom" start="100" end="102" time="50" tween="sine" easing="inout" center="auto">Focus</animation>
                        <!-- <animation effect="zoom" start="102" end="100" time="50" tween="sine" easing="inout" center="auto">Unfocus</animation> -->
                        <width>120</width>
                        <height>60</height>
                        <onleft>12</onleft>
                        <onright>11</onright>
                        <label>Close</label>
                        <font>font12</font>
                        <textcolor>FFB7B4BB</textcolor>
                        <focusedcolor>FFFF0000</focusedcolor>
                        <texturefocus colordiffuse="FFB7B4BB">common/button-base.png</texturefocus>
                        <texturenofocus colordiffuse="FF4a4347">common/button-base.png</texturenofocus>
                        <align>center</align>
                    </control>
                    <control type="button" id="11">
                        <description>Play</description>
                        <animation effect="zoom" start="100" end="102" time="50" tween="sine" easing="inout" center="auto">Focus</animation>
                        <!-- <animation effect="zoom" start="102" end="100" time="50" tween="sine" easing="inout" center="auto">Unfocus</animation> -->
                        <width>120</width>
                        <height>60</height>
                        <onleft>10</onleft>
                        <onright>12</onright>
                        <label>Play</label>
                        <font>font12</font>
                        <textcolor>FFB7B4BB</textcolor>
                        <focusedcolor>FFFF0000</focusedcolor>
                        <texturefocus colordiffuse="FFB7B4BB">common/button-base.png</texturefocus>
                        <texturenofocus colordiffuse="FF4a4347">common/button-base.png</texturenofocus>
                        <align>center</align>
                    </control>
                    <control type="button" id="12">
                        <description>Cancel</description>
                        <animation effect="zoom" start="100" end="102" time="50" tween="sine" easing="inout" center="auto">Focus</animation>
                        <!-- <animation effect="zoom" start="102" end="100" time="50" tween="sine" easing="inout" center="auto">Unfocus</animation> -->
                        <width>120</width>
                        <height>60</height>
                        <onleft>11</onleft>
                        <onright>10</onright>
                        <label>Cancel</label>
                        <font>font12</font>
                        <textcolor>FFB7B4BB</textcolor>
                        <focusedcolor>FFFF0000</focusedcolor>
                        <texturefocus colordiffuse="FFB7B4BB">common/button-base.png</texturefocus>
                        <texturenofocus colordiffuse="FF4a4347">common/button-base.png</texturenofocus>
                        <align>center</align>
                    </control>
                </control>
                <control type="grouplist">
                    <!-- <visible>String.IsEqual(Window.Property(play_type),autoplay_nextep)</visible> -->
                    <left>30</left>
                    <top>90</top>
                    <width>530</width>
                    <height>70</height>
                    <aligny>center</aligny>
                    <aspect>keep</aspect>
                    <orientation>horizontal</orientation>
                    <itemgap>110</itemgap>
                    <control type="image">
                        <description>close icon on button</description>
                        <width>30</width>
                        <height>30</height>
                        <texture colordiffuse="BFCCCCCC">common/close.png</texture>
                    </control>
                    <control type="image">
                        <description>play icon on button</description>
                        <width>30</width>
                        <height>30</height>
                        <texture colordiffuse="BFCCCCCC">common/play.png</texture>
                    </control>
                    <control type="image">
                        <description>stop icon on button</description>
                        <width>30</width>
                        <height>30</height>
                        <texture colordiffuse="BFCCCCCC">common/stop.png</texture>
                    </control>
                </control>
                <!-- Buttons Autoscrape -->
                <control type="grouplist">
                    <visible>String.IsEqual(Window.Property(play_type),autoscrape_nextep)</visible>
                    <left>30</left>
                    <top>75</top>
                    <width>530</width>
                    <height>70</height>
                    <orientation>horizontal</orientation>
                    <itemgap>20</itemgap>
                    <control type="button" id="10">
                        <description>Now</description>
                        <animation effect="zoom" start="100" end="102" time="50" tween="sine" easing="inout" center="auto">Focus</animation>
                        <!-- <animation effect="zoom" start="102" end="100" time="50" tween="sine" easing="inout" center="auto">Unfocus</animation> -->
                        <width>120</width>
                        <height>60</height>
                        <onleft>12</onleft>
                        <onright>11</onright>
                        <label>Now</label>
                        <font>font12</font>
                        <textcolor>FFB7B4BB</textcolor>
                        <focusedcolor>FFFF0000</focusedcolor>
                        <texturefocus colordiffuse="FFB7B4BB">common/button-base.png</texturefocus>
                        <texturenofocus colordiffuse="FF4a4347">common/button-base.png</texturenofocus>
                        <align>center</align>
                    </control>
                    <control type="button" id="11">
                        <description>Yes</description>
                        <animation effect="zoom" start="100" end="102" time="50" tween="sine" easing="inout" center="auto">Focus</animation>
                        <!-- <animation effect="zoom" start="102" end="100" time="50" tween="sine" easing="inout" center="auto">Unfocus</animation> -->
                        <width>120</width>
                        <height>60</height>
                        <onleft>10</onleft>
                        <onright>12</onright>
                        <label>Yes</label>
                        <font>font12</font>
                        <textcolor>FFB7B4BB</textcolor>
                        <focusedcolor>FFFF0000</focusedcolor>
                        <texturefocus colordiffuse="FFB7B4BB">common/button-base.png</texturefocus>
                        <texturenofocus colordiffuse="FF4a4347">common/button-base.png</texturenofocus>
                        <align>center</align>
                    </control>
                    <control type="button" id="12">
                        <description>No</description>
                        <animation effect="zoom" start="100" end="102" time="50" tween="sine" easing="inout" center="auto">Focus</animation>
                        <!-- <animation effect="zoom" start="102" end="100" time="50" tween="sine" easing="inout" center="auto">Unfocus</animation> -->
                        <width>120</width>
                        <height>60</height>
                        <onleft>11</onleft>
                        <onright>10</onright>
                        <label>No</label>
                        <font>font12</font>
                        <textcolor>FFB7B4BB</textcolor>
                        <focusedcolor>FFFF0000</focusedcolor>
                        <texturefocus colordiffuse="FFB7B4BB">common/button-base.png</texturefocus>
                        <texturenofocus colordiffuse="FF4a4347">common/button-base.png</texturenofocus>
                        <align>center</align>
                    </control>
                </control>
            </control>
        </control>
    </controls>
</window>
