<favourites>
    <favourite name="Sony TV" thumb="special://home/addons/plugin.program.JPB_Wizard/logos/sony_set.png">ActivateWindow(10025,&quot;plugin://plugin.video.swadesi/?action=tvshows&amp;name=Sony%20TV&amp;provider=desirulez&amp;url=forumdisplay.php%3ff%3d63&amp;sf_options=fanart%3Dspecial%3A%2F%2Fhome%2Faddons%5Cscript.aftershock.artwork%5Cresources%5Cmedia%5Cswadesi%5Cfanart.png%26_options_sf&quot;,return)</favourite>
    <favourite name="Crime Patrol" thumb="special://home/addons/plugin.program.JPB_Wizard/logos/Crime-Patrol-125x125.png">ActivateWindow(10025,&quot;plugin://plugin.video.swadesi/?action=episodes&amp;imdb=0&amp;provider=desirulez&amp;tvdb=0&amp;tvshowtitle=Crime%20Patrol&amp;url=http%3a%2f%2fwww.desirulez.cc%2fcrime-patrol.html&amp;year=0&amp;sf_options=fanart%3Dspecial%3A%2F%2Fhome%2Faddons%5Cscript.aftershock.artwork%5Cresources%5Cmedia%5Cswadesi%5Cfanart.png%26meta%3Dduration%253D3600%2526votes%253D0%2526label%253DCrime%252BPatrol%2526trailer%253Dplugin%25253A%25252F%25252Fplugin.video.swadesi%25252F%25253Faction%25253Dtrailer%252526name%25253DCrime%25252BPatrol%2526title%253DCrime%252BPatrol%26_options_sf&quot;,return)</favourite>
    <favourite name="Crime Patrol" thumb="special://home/addons/plugin.program.JPB_Wizard/logos/Crime-Patrol-125x125.png">ActivateWindow(10025,&quot;plugin://plugin.video.deccandelight/?action=7&amp;iurl=http%3a%2f%2fwww.yodesitv.co%2fcategory%2fsony-tv%2fcrime-patrol%2f&amp;site=yodesi&amp;sf_options=fanart%3Dspecial%3A%2F%2Fhome%2Faddons%5Cplugin.video.deccandelight%5Cfanart.jpg%26meta%3Dvotes%253D0%2526label%253DCrime%252BPatrol%26_options_sf&quot;,return)</favourite>
    <favourite name="BAPSChannel" thumb="special://home/addons/plugin.video.BAPS_yt/icon.png">ActivateWindow(10025,&quot;plugin://plugin.video.youtube/user/BAPSChannel/&quot;,return)</favourite>
    <favourite name="Sab TV" thumb="special://home/addons/plugin.program.JPB_Wizard/logos/sony_sab_tv_in.png">ActivateWindow(10025,&quot;plugin://plugin.video.swadesi/?action=tvshows&amp;name=Sab%20TV&amp;provider=desirulez&amp;url=forumdisplay.php%3ff%3d254&amp;sf_options=fanart%3Dspecial%3A%2F%2Fhome%2Faddons%5Cscript.aftershock.artwork%5Cresources%5Cmedia%5Cswadesi%5Cfanart.png%26_options_sf&quot;,return)</favourite>
    <favourite name="Taarak Mehta Ka Ooltah Chashmah" thumb="special://home/addons/plugin.program.JPB_Wizard/logos/T-M-Ka-O-C-125x125.png">ActivateWindow(10025,&quot;plugin://plugin.video.swadesi/?action=episodes&amp;imdb=0&amp;provider=desirulez&amp;tvdb=0&amp;tvshowtitle=Taarak%20Mehta%20Ka%20Ooltah%20Chashmah&amp;url=http%3a%2f%2fwww.desirulez.cc%2ftaarak-mehta-ka-ooltah-chashmah.html&amp;year=0&amp;sf_options=fanart%3Dspecial%3A%2F%2Fhome%2Faddons%5Cscript.aftershock.artwork%5Cresources%5Cmedia%5Cswadesi%5Cfanart.png%26meta%3Dduration%253D3600%2526votes%253D0%2526label%253DTaarak%252BMehta%252BKa%252BOoltah%252BChashmah%2526trailer%253Dplugin%25253A%25252F%25252Fplugin.video.swadesi%25252F%25253Faction%25253Dtrailer%252526name%25253DTaarak%25252BMehta%25252BKa%25252BOoltah%25252BChashmah%2526title%253DTaarak%252BMehta%252BKa%252BOoltah%252BChashmah%26_options_sf&quot;,return)</favourite>
    <favourite name="Taarak Mehta Ka Ooltah Chashmah" thumb="special://home/addons/plugin.program.JPB_Wizard/logos/T-M-Ka-O-C-125x125.png">ActivateWindow(10025,&quot;plugin://plugin.video.deccandelight/?action=7&amp;iurl=http%3a%2f%2fwww.desi-tashan.org%2fcategory%2fsab-tv%2ftaarak-mehta-ka-ooltah-chashmah-serial%2f&amp;site=desit&quot;,return)</favourite>
    <favourite name="Next Episodes" thumb="special://home/addons\plugin.video.openmeta\resources\media\traktnextepisodes.png">ActivateWindow(10025,&quot;plugin://plugin.video.openmeta/my_trakt/tv_lists/tv_episodes_next?sf_options=fanart%3Dspecial%3A%2F%2Fhome%2Faddons%5Cplugin.video.openmeta%5Cresources%5Cfanart.jpg%26meta%3Dlabel%253DNext%252BEpisodes%26_options_sf&quot;,return)</favourite>
    <favourite name="Progress" thumb="special://home/addons\script.incursion.artwork\resources\media\incursion\trakt.png">ActivateWindow(10025,&quot;plugin://plugin.video.incursion/?action=calendar&amp;url=progress&amp;sf_options=fanart%3Dspecial%3A%2F%2Fhome%2Faddons%5Cscript.incursion.artwork%5Cresources%5Cmedia%5Cincursion%5Cfanart.jpg%26meta%3Dlabel%253DProgress%26_options_sf&quot;,return)</favourite>
</favourites>
