<?xml version="1.0" encoding="UTF-8"?>
<window>
    <controls>
        <control type="image">
            <left>0</left>
            <top>0</top>
            <width>1920</width>
            <height>1080</height>
            <texture colordiffuse="FF000000">common/white.png</texture>
            <animation type="WindowOpen" reversible="false">
                <effect type="fade" start="0" end="80" time="120" />
            </animation>
        </control>
        <control type="group">
            <left>570</left>
            <top>300</top>
            <animation type="WindowOpen" reversible="false">
                <effect type="fade" end="100" time="200" />
            </animation>
            <control type="image">
                <left>-2</left>
                <top>-2</top>
                <height>482</height>
                <width>782</width>
                <texture border="16" colordiffuse="Window(10000).Property(infinite.main_highlight)">common/dialog.png</texture>
            </control>
            <control type="image">
                <height>478</height>
                <width>778</width>
                <texture border="16" colordiffuse="FF202020">common/dialog.png</texture>
            </control>
            <control type="image">
                <top>15</top>
                <width>778</width>
                <height>70</height>
                <aspectratio aligny="top">keep</aspectratio>
                <texture colordiffuse="FFCCCCCC">common/dialogheader.png</texture>
            </control>
            <control type="image">
                <left>15</left>
                <top>15</top>
                <width>70</width>
                <height>70</height>
                <align>left</align>
                <aligny>top</aligny>
                <aspectratio aligny="top">keep</aspectratio>
                <texture colordiffuse="FFCCCCCC">common/infinite.png</texture>
            </control>
            <control type="label">
                <width max="560">auto</width>
                <top>30</top>
                <left>110</left>
                <height>20</height>
                <font>font12</font>
                <textcolor>$INFO[Window(10000).Property(infinite.main_highlight)]</textcolor>
                <shadowcolor>FF000000</shadowcolor>
                <align>center</align>
                <label>[UPPERCASE][B]$INFO[Window.Property(heading)][/B][/UPPERCASE]</label>
            </control>
            <control type="textbox">
                <left>40</left>
                <top>60</top>
                <width>720</width>
                <height>280</height>
                <font>font13</font>
                <textcolor>FFB7B4BB</textcolor>
                <align>center</align>
                <aligny>center</aligny>
                <label>$INFO[Window.Property(text)]</label>
            </control>
            <control type="grouplist">
                <left>175</left>
                <top>370</top>
                <width>720</width>
                <height>150</height>
                <orientation>horizontal</orientation>
                <itemgap>35</itemgap>
                <!-- <usecontrolcoords>true</usecontrolcoords> -->
                <control type="button" id="10">
                    <description>True</description>
                    <width>200</width>
                    <height>100</height>
                    <onleft>11</onleft>
                    <onright>11</onright>
                    <label>[B]$INFO[Window.Property(ok_label)][/B]</label>
                    <font>font14</font>
                    <textcolor>FFB7B4BB</textcolor>
                    <focusedcolor>FFFF0000</focusedcolor>
                    <texturefocus colordiffuse="FFCCCCCC">common/button-base.png</texturefocus>
                    <texturenofocus colordiffuse="FF302F2F">common/button-base.png</texturenofocus>
                    <align>center</align>
                </control>
                <control type="button" id="11">
                    <description>False</description>
                    <width>200</width>
                    <height>100</height>
                    <onleft>10</onleft>
                    <onright>10</onright>
                    <label>[B]$INFO[Window.Property(cancel_label)][/B]</label>
                    <font>font14</font>
                    <textcolor>FFB7B4BB</textcolor>
                    <focusedcolor>FFFF0000</focusedcolor>
                    <texturefocus colordiffuse="FFCCCCCC">common/button-base.png</texturefocus>
                    <texturenofocus colordiffuse="FF302F2F">common/button-base.png</texturenofocus>
                    <align>center</align>
                </control>
            </control>
        </control>
    </controls>
</window>
