<addon id="plugin.video.infinite" name="Infinite" provider-name="Tiki" version="2.5.00">
    <requires>
        <import addon="xbmc.python" version="3.0.0"/>
        <import addon="script.module.requests"/>
        <import addon="script.module.openscrapers"/>
        <import addon="script.module.myaccounts"/>
        <import addon="script.module.resolveurl"/>
        <import addon="script.module.inputstreamhelper"/>
    </requires>
    <extension library="resources/lib/fenlight.py" point="xbmc.python.pluginsource">
        <provides>video</provides>
    </extension>
    <extension library="resources/lib/service.py" point="xbmc.service"/>
    <extension library="resources/lib/" point="xbmc.python.module"/>
    <extension point="xbmc.addon.metadata">
        <reuselanguageinvoker>true</reuselanguageinvoker>
        <summary lang="en">Mainly used for English and Hindi content.</summary>
        <description lang="en">This add-on is intended for advanced Kodi users only. You must own the content of any media you play through this addon.</description>
        <platform>all</platform>
        <disclaimer lang="en">The author of this addon does not host any of the content which is found and has no affiliation with any of the content providers.</disclaimer>
        <license>GNU GENERAL PUBLIC LICENSE. Version 3, 29 June 2007</license>
        <assets>
            <icon>resources/media/icon.png</icon>
            <fanart>resources/media/fanart.jpg</fanart>
        </assets>
        <news>INFO: For latest changes see Changelog within Tools of add-on.</news>
    </extension>
</addon>