<?xml version="1.0" encoding="UTF-8"?>
<window>
    <defaultcontrol always="true">114</defaultcontrol>
    <allowoverlays>false</allowoverlays>
    <coordinates>
        <origin x="800" y="150"/>
    </coordinates>
    <animation type="WindowOpen" reversible="false">
        <effect type="fade" end="100" time="600" />
        <!-- <effect type="slide" start="0,-260" end="0,0" time="350" /> -->
    </animation>
    <controls>
        <control type="group">
            <width>500</width>
            <height>600</height>
            <control type="image">
                <left>-1</left>
                <top>-1</top>
                <height>602</height>
                <width>502</width>
                <texture border="16" colordiffuse="FFCCCCCC">common/dialog.png</texture>
            </control>
            <control type="image">
                <texture border="16" colordiffuse="FF302F2F">common/dialog.png</texture>
                <visible>True</visible>
            </control>
            <control type="label">
                <description>header label</description>
                <top>25</top>
                <width>500</width>
                <height>30</height>
                <font>font14</font>
                <label>Update Skip options.</label>
                <align>center</align>
                <aligny>center</aligny>
                <shadowcolor>FF000000</shadowcolor>
            </control>
            <control type="label" id="111">
                <description>Title</description>
                <left>30</left>
                <top>70</top>
                <height>40</height>
                <width>460</width>
                <align>center</align>
                <textoffsety>30</textoffsety>
                <label>Title:</label>
                <font>font14</font>
            </control>
            <control type="image">
                <top>120</top>
                <width>490</width>
                <height>70</height>
                <aspectratio aligny="top">keep</aspectratio>
                <texture colordiffuse="FFCCCCCC">common/dialogheader.png</texture>
            </control>
        </control>
        <control type="group"> <!-- Button Group -->
            <top>85</top>
            <control type="group">
                <top>85</top>
                <height>50</height>
                <control type="radiobutton" id="112">
                    <width>350</width>
                    <left>20</left>
                    <textwidth>400</textwidth>
                    <radioheight>50</radioheight>
                    <radioposx>325</radioposx>
                    <label>Keep Enable skip</label>
                    <font>font14</font>
                    <textcolor>FFF0F0F0</textcolor>
                    <textureradioonfocus colordiffuse="FF12B2E7">common/radio-on.png</textureradioonfocus>
                    <textureradioonnofocus colordiffuse="FF12B2E7">common/radio-on.png</textureradioonnofocus>
                    <textureradioofffocus colordiffuse="FF12B2E7">common/radio-off.png</textureradioofffocus>
                    <textureradiooffnofocus colordiffuse="FF12B2E7">common/radio-off.png</textureradiooffnofocus>
                    <onright>121</onright>
                    <onleft>121</onleft>
                    <onup>121</onup>
                    <ondown>114</ondown>
                </control>
            </control>
            <control type="group">
                <top>155</top>
                <height>50</height>
                <control type="label" id="113">
                    <description>Show workaround</description>
                    <left>30</left>
                    <width min="29" max="300">auto</width>
                    <align>left</align>
                    <textoffsety>45</textoffsety>
                    <label>Skip value:</label>
                    <font>font14</font>
                    <aligny>center</aligny>
                </control>
                <control type="button" id="114">
                    <description>Show online</description>
                    <left>350</left>
                    <width>100</width>
                    <align>center</align>
                    <aligny>center</aligny>
                    <textoffsety>5</textoffsety>
                    <label>~:</label>
                    <font>font14</font>
                    <onright>121</onright>
                    <onleft>121</onleft>
                    <onup>112</onup>
                    <ondown>116</ondown>
                </control>
            </control>
            <control type="group">
                <top>225</top>
                <height>50</height>
                <control type="label" id="115">
                    <description>Show workaround</description>
                    <left>30</left>
                    <width min="29" max="300">auto</width>
                    <align>left</align>
                    <textoffsety>45</textoffsety>
                    <label>Skip start value:</label>
                    <font>font14</font>
                    <aligny>center</aligny>
                </control>
                <control type="button" id="116">
                    <description>Show online</description>
                    <left>350</left>
                    <width>100</width>
                    <align>center</align>
                    <aligny>center</aligny>
                    <textoffsety>5</textoffsety>
                    <label>~:</label>
                    <font>font14</font>
                    <onright>121</onright>
                    <onleft>121</onleft>
                    <onup>114</onup>
                    <ondown>118</ondown>
                </control>
            </control>
            <control type="group">
                <top>295</top>
                <height>50</height>
                <control type="label" id="117">
                    <description>Show workaround</description>
                    <left>30</left>
                    <width min="29" max="300">auto</width>
                    <align>left</align>
                    <textoffsety>45</textoffsety>
                    <label>Exit Skip value:</label>
                    <font>font14</font>
                    <aligny>center</aligny>
                </control>
                <control type="button" id="118">
                    <description>Show online</description>
                    <left>350</left>
                    <width>100</width>
                    <align>center</align>
                    <aligny>center</aligny>
                    <textoffsety>5</textoffsety>
                    <label>~:</label>
                    <font>font14</font>
                    <onright>121</onright>
                    <onleft>121</onleft>
                    <onup>116</onup>
                    <ondown>121</ondown>
                </control>
            </control>
            <control type="group">
                <top>370</top>
                <height>50</height>
                <control type="button" id="121">
                    <top>5</top>
                    <left>150</left>
                    <width>250</width>
                    <font>font14</font>
                    <textcolor>FFF0F0F0</textcolor>
                    <label>Continue...</label>
                    <align>center</align>
                    <aligny>center</aligny>
                    <onright>121</onright>
                    <onleft>121</onleft>
                    <onup>118</onup>
                    <ondown>122</ondown>
                </control>
                <control type="button" id="122">
                    <top>65</top>
                    <left>150</left>
                    <width>250</width>
                    <font>font14</font>
                    <textcolor>FFF0F0F0</textcolor>
                    <label>Enable other Show</label>
                    <align>center</align>
                    <aligny>center</aligny>
                    <onright>121</onright>
                    <onleft>121</onleft>
                    <onup>121</onup>
                    <ondown>121</ondown>
                </control>
            </control>
        </control>
    </controls>
</window>
