<?xml version="1.0" encoding="UTF-8" standalone="yes"?>
<addon id="script.jptools" name="JP Tools" provider-name="People" version="1.60">
    <requires>
        <import addon="script.module.requests" />
        <import addon="script.module.beautifulsoup4" />
        <import addon="script.module.youtube.dl" />
    </requires>
    <extension library="resources/lib/script_entry.py" point="xbmc.python.pluginsource">
        <provides>executable</provides>
    </extension>
    <extension library="resources/lib/service_entry.py" point="xbmc.service" start="startup" />
    <extension point="xbmc.addon.metadata">
        <summary lang="en_GB">A Streamlined Utility Tool for Kodi.</summary>
        <description lang="en_GB">A Streamlined Utility Tool for Kodi.</description>
        <language />
        <platform>all</platform>
        <license>The MIT License</license>
        <assets>
            <icon>icon.png</icon>
            <fanart>fanart.jpg</fanart>
        </assets>
    </extension>
</addon>