<favourites>
    <favourite name="Avatar (2009)" thumb="https://lh3.googleusercontent.com/GlSnASA2j3M-Jrwcyw74UJylfCiWW1-3Y-AJc-QwIYsJn2uiLW8JVlPWjKX7FyjzeCj2ESmnqqo=s220">PlayMedia(&quot;plugin://plugin.googledrive/?itemid=10-2KgUNqwRzDEEAU1QSIHjeVPYPl3k0A&amp;driveid=0ANgoWj5UEcVLUk9PVA&amp;itemdriveid=0ANgoWj5UEcVLUk9PVA&amp;action=play&amp;contenttype=video&quot;)</favourite>
    <favourite name="John Wick 3 - Parabellum 2019 (4K - )">ActivateWindow(10025,&quot;plugin://plugin.googledrive/?action=listfolder&amp;contenttype=video&amp;driveid=0ANrkZPFUhkNsUk9PVA&amp;itemdriveid=0ANrkZPFUhkNsUk9PVA&amp;itemid=1q4yx6PbbshVCcebQhWe7E2V9LvO2GjE&quot;,return)</favourite>
    <favourite name="007.James.Bond.Complete.Set.1962-2015...- ">ActivateWindow(10025,&quot;plugin://plugin.googledrive/?action=listfolder&amp;contenttype=video&amp;driveid=0ANrkZPFUhkNsUk9PVA&amp;itemdriveid=0ANrkZPFUhkNsUk9PVA&amp;itemid=1xPpOrgRipdUjVJOka-erTx-AkI6jylFI&quot;,return)</favourite>
    <favourite name="Ae.Dil.Hai.Mushkil.2016">ActivateWindow(10025,&quot;plugin://plugin.googledrive/?action=listfolder&amp;contenttype=video&amp;driveid=0ANrkZPFUhkNsUk9PVA&amp;itemdriveid=0ANrkZPFUhkNsUk9PVA&amp;itemid=1RcvBzvAT4vWYoDtRFCR32QNaNM2eaguK&quot;,return)</favourite>
    <favourite name="An Officer and a Spy (2019)">ActivateWindow(10025,&quot;plugin://plugin.googledrive/?action=listfolder&amp;contenttype=video&amp;driveid=0ANrkZPFUhkNsUk9PVA&amp;itemdriveid=0ANrkZPFUhkNsUk9PVA&amp;itemid=1oVaVffvCKAwOox2wzfQFBOJKgSlw0Y0&quot;,return)</favourite>
    <favourite name="Andhadhun (2018) v3 )">ActivateWindow(10025,&quot;plugin://plugin.googledrive/?action=listfolder&amp;contenttype=video&amp;driveid=0ANrkZPFUhkNsUk9PVA&amp;itemdriveid=0ANrkZPFUhkNsUk9PVA&amp;itemid=1hWpcPVSv8UDBphTAcAN4zzdQVYRwTap&quot;,return)</favourite>
    <favourite name="The Bourne Collection (2002-2016)">ActivateWindow(10025,&quot;plugin://plugin.googledrive/?action=listfolder&amp;contenttype=video&amp;driveid=0ANrkZPFUhkNsUk9PVA&amp;itemdriveid=0ANrkZPFUhkNsUk9PVA&amp;itemid=1Zb6DcrTChwxgfVjYITTkTfBaxAXoZiPi&quot;,return)</favourite>
    <favourite name="Bridge of Spies 2015">ActivateWindow(10025,&quot;plugin://plugin.googledrive/?action=listfolder&amp;contenttype=video&amp;driveid=0ANrkZPFUhkNsUk9PVA&amp;itemdriveid=0ANrkZPFUhkNsUk9PVA&amp;itemid=1eNQ4oBlSKyvoXb4br4JmpLGnh0Bp3-cD&quot;,return)</favourite>
    <favourite name="Casablanca.1942.REMASTERED.1080p">ActivateWindow(10025,&quot;plugin://plugin.googledrive/?action=listfolder&amp;contenttype=video&amp;driveid=0ANrkZPFUhkNsUk9PVA&amp;itemdriveid=0ANrkZPFUhkNsUk9PVA&amp;itemid=13IZ0iTtV71LacDgScme7gANeuRu5PiJ&quot;,return)</favourite>
    <favourite name="Dabangg.3">ActivateWindow(10025,&quot;plugin://plugin.googledrive/?action=listfolder&amp;contenttype=video&amp;driveid=0ANrkZPFUhkNsUk9PVA&amp;itemdriveid=0ANrkZPFUhkNsUk9PVA&amp;itemid=1KfTCqEPg4gvuFMFNCei16m6fZjb3AMnS&quot;,return)</favourite>
    <favourite name="Die Hard (1988)">ActivateWindow(10025,&quot;plugin://plugin.googledrive/?action=listfolder&amp;contenttype=video&amp;driveid=0ANrkZPFUhkNsUk9PVA&amp;itemdriveid=0ANrkZPFUhkNsUk9PVA&amp;itemid=1HXVXuKIWGVeromgeMenUKmKn5O1T9cF0&quot;,return)</favourite>
    <favourite name="Die Hard Collection">ActivateWindow(10025,&quot;plugin://plugin.googledrive/?action=listfolder&amp;contenttype=video&amp;driveid=0ANrkZPFUhkNsUk9PVA&amp;itemdriveid=0ANrkZPFUhkNsUk9PVA&amp;itemid=18yFoKDp9zJIyHGAmytONFGnPTUsYDD-3&quot;,return)</favourite>
    <favourite name="300.Rise.of.an.Empire.2014">ActivateWindow(10025,&quot;plugin://plugin.googledrive/?action=listfolder&amp;contenttype=video&amp;driveid=0AKDLom8gYfUk9PVA&amp;itemdriveid=0AKDLom8gYfUk9PVA&amp;itemid=1RF54xuC1dmWWVnDe8XhKkT3m7TNWf&quot;,return)</favourite>
    <favourite name="A.Man.a.Woman.and.a.Bank.1979">ActivateWindow(10025,&quot;plugin://plugin.googledrive/?action=listfolder&amp;contenttype=video&amp;driveid=0AKDLom8gYfUk9PVA&amp;itemdriveid=0AKDLom8gYfUk9PVA&amp;itemid=1KyPfufl4BwXbEsetsa6Rx4qqpiKIp3s2&quot;,return)</favourite>
    <favourite name="Alien.1979.REMASTERED.THEATRICAL">ActivateWindow(10025,&quot;plugin://plugin.googledrive/?action=listfolder&amp;contenttype=video&amp;driveid=0AKDLom8gYfUk9PVA&amp;itemdriveid=0AKDLom8gYfUk9PVA&amp;itemid=1GfoofX4Pt1OoFskM8aBDfPT7RUSzH1T9&quot;,return)</favourite>
    <favourite name="Alien.Covenant.2017">ActivateWindow(10025,&quot;plugin://plugin.googledrive/?action=listfolder&amp;contenttype=video&amp;driveid=0AKDLom8gYfUk9PVA&amp;itemdriveid=0AKDLom8gYfUk9PVA&amp;itemid=1Wej1fwFW5bRlinLic8JfTSb3PtEkrcMI&quot;,return)</favourite>
    <favourite name="Alien.Resurrection.1997">ActivateWindow(10025,&quot;plugin://plugin.googledrive/?action=listfolder&amp;contenttype=video&amp;driveid=0AKDLom8gYfUk9PVA&amp;itemdriveid=0AKDLom8gYfUk9PVA&amp;itemid=1aiUyKQsLWW5od1uGVmqVU5Aq3r2ybfHp&quot;,return)</favourite>
    <favourite name="Aliens.1986">ActivateWindow(10025,&quot;plugin://plugin.googledrive/?action=listfolder&amp;contenttype=video&amp;driveid=0AKDLom8gYfUk9PVA&amp;itemdriveid=0AKDLom8gYfUk9PVA&amp;itemid=1pjHKPJFtzzC8xbkhd7IeywoH9-52Uwwc&quot;,return)</favourite>
    <favourite name="Bengal.Brigade.1954">ActivateWindow(10025,&quot;plugin://plugin.googledrive/?action=listfolder&amp;contenttype=video&amp;driveid=0AKDLom8gYfUk9PVA&amp;itemdriveid=0AKDLom8gYfUk9PVA&amp;itemid=1bupQ1bVbsJQZNGZlbQwfwLfnRBd7vc&quot;,return)</favourite>
    <favourite name="Bollywood(Old Is Gold)">ActivateWindow(10025,&quot;plugin://plugin.googledrive/?action=listfolder&amp;contenttype=video&amp;driveid=0AKDLom8gYfUk9PVA&amp;itemdriveid=0AKDLom8gYfUk9PVA&amp;itemid=1YzYDsI8-FSgwFBAbD9xGS9wftBmYWK3y&quot;,return)</favourite>
    <favourite name="The Bourne Collection (2002-2016)">ActivateWindow(10025,&quot;plugin://plugin.googledrive/?action=listfolder&amp;contenttype=video&amp;driveid=0AKDLom8gYfUk9PVA&amp;itemdriveid=0AKDLom8gYfUk9PVA&amp;itemid=15Ihxrupt1szRuSVqq5BxwdisUPT-U1Jn&quot;,return)</favourite>
    <favourite name="Charlie Chaplin - Modern Times (1936)">ActivateWindow(10025,&quot;plugin://plugin.googledrive/?action=listfolder&amp;contenttype=video&amp;driveid=0AKDLom8gYfUk9PVA&amp;itemdriveid=0AKDLom8gYfUk9PVA&amp;itemid=1BWwbNYsokdufxJw8aEW4AhofvHuVjQr&quot;,return)</favourite>
    <favourite name="Charlie Chaplin - The Great Dictator (1940)">ActivateWindow(10025,&quot;plugin://plugin.googledrive/?action=listfolder&amp;contenttype=video&amp;driveid=0AKDLom8gYfUk9PVA&amp;itemdriveid=0AKDLom8gYfUk9PVA&amp;itemid=1vElZaQnSl2RK1SmE4d9UPiJg3UJ3VxSU&quot;,return)</favourite>
    <favourite name="The Complete Raspberry Pi Manual - September 2019">ActivateWindow(10025,&quot;plugin://plugin.googledrive/?action=listfolder&amp;contenttype=video&amp;driveid=0AKDLom8gYfUk9PVA&amp;itemdriveid=0AKDLom8gYfUk9PVA&amp;itemid=10rq51qWU5IAF7Vya2jRVyq6ye-PEXMWu&quot;,return)</favourite>
    <favourite name="ConAir.1997">ActivateWindow(10025,&quot;plugin://plugin.googledrive/?action=listfolder&amp;contenttype=video&amp;driveid=0AKDLom8gYfUk9PVA&amp;itemdriveid=0AKDLom8gYfUk9PVA&amp;itemid=13dExHrI1qraPOo57WBpL6nG38O3AeTwi&quot;,return)</favourite>
    <favourite name="Criminal Minds (2005) Season 1 S01">ActivateWindow(10025,&quot;plugin://plugin.googledrive/?action=listfolder&amp;contenttype=video&amp;driveid=0AKDLom8gYfUk9PVA&amp;itemdriveid=0AKDLom8gYfUk9PVA&amp;itemid=1cUhblTfUtbQi-Wi52DDGqI8BZ60Se-13&quot;,return)</favourite>
    <favourite name="Criminal Minds (2005) Season 14 S14">ActivateWindow(10025,&quot;plugin://plugin.googledrive/?action=listfolder&amp;contenttype=video&amp;driveid=0AKDLom8gYfUk9PVA&amp;itemdriveid=0AKDLom8gYfUk9PVA&amp;itemid=1zitY2WBLP-HvPac2J8YtuDWD0ZcHYxjt&quot;,return)</favourite>
    <favourite name="Curb Your Enthusiasm Seasons 1-9">ActivateWindow(10025,&quot;plugin://plugin.googledrive/?action=listfolder&amp;contenttype=video&amp;driveid=0AKDLom8gYfUk9PVA&amp;itemdriveid=0AKDLom8gYfUk9PVA&amp;itemid=16aDqyZgJj4XeHgAiaUIzSOgqwQdUHZz&quot;,return)</favourite>
    <favourite name="Delhi Crime S01 (2019)">ActivateWindow(10025,&quot;plugin://plugin.googledrive/?action=listfolder&amp;contenttype=video&amp;driveid=0AKDLom8gYfUk9PVA&amp;itemdriveid=0AKDLom8gYfUk9PVA&amp;itemid=1E3itWAa7ZUe4mUDzNSt01y8EqEc1Qr3A&quot;,return)</favourite>
    <favourite name="El Camino - A Breaking Bad (2019)">ActivateWindow(10025,&quot;plugin://plugin.googledrive/?action=listfolder&amp;contenttype=video&amp;driveid=0AKDLom8gYfUk9PVA&amp;itemdriveid=0AKDLom8gYfUk9PVA&amp;itemid=1rVgiQ-TM6MG1Pro1t-E6UGUxDd-hyFr9&quot;,return)</favourite>
    <favourite name="God.Friended.Me.2018">ActivateWindow(10025,&quot;plugin://plugin.googledrive/?action=listfolder&amp;contenttype=video&amp;driveid=0AKDLom8gYfUk9PVA&amp;itemdriveid=0AKDLom8gYfUk9PVA&amp;itemid=1I6674CO1NsdepiV0622wux53AUkkzx0K&quot;,return)</favourite>
    <favourite name="Golkeri.2020">ActivateWindow(10025,&quot;plugin://plugin.googledrive/?action=listfolder&amp;contenttype=video&amp;driveid=0AKDLom8gYfUk9PVA&amp;itemdriveid=0AKDLom8gYfUk9PVA&amp;itemid=1azmobg7MVK5b-KVWyYnfV87N5y-SK7BH&quot;,return)</favourite>
    <favourite name="Gulabo Sitabo (2020)">ActivateWindow(10025,&quot;plugin://plugin.googledrive/?action=listfolder&amp;contenttype=video&amp;driveid=0AKDLom8gYfUk9PVA&amp;itemdriveid=0AKDLom8gYfUk9PVA&amp;itemid=1EY8ynj-RBVzZJggqSZNiBTiSpNNSqy2X&quot;,return)</favourite>
    <favourite name="Honey.I.Shrunk.the.Kids.1989">ActivateWindow(10025,&quot;plugin://plugin.googledrive/?action=listfolder&amp;contenttype=video&amp;driveid=0AKDLom8gYfUk9PVA&amp;itemdriveid=0AKDLom8gYfUk9PVA&amp;itemid=1U-Aq8TqiivXEkF1EnFKlQORVkPXvcu43&quot;,return)</favourite>
    <favourite name="How.The.Universe.Works.S01 ">ActivateWindow(10025,&quot;plugin://plugin.googledrive/?action=listfolder&amp;contenttype=video&amp;driveid=0AKDLom8gYfUk9PVA&amp;itemdriveid=0AKDLom8gYfUk9PVA&amp;itemid=1dxTljfgqjVt5xsF7daFsyh6PqhGLtVAO&quot;,return)</favourite>
    <favourite name="How.The.Universe.Works.S02 ">ActivateWindow(10025,&quot;plugin://plugin.googledrive/?action=listfolder&amp;contenttype=video&amp;driveid=0AKDLom8gYfUk9PVA&amp;itemdriveid=0AKDLom8gYfUk9PVA&amp;itemid=1TN7QfTFFzGU9QljD1lPepz-8-iUjY1A&quot;,return)</favourite>
    <favourite name="IMAX Documentaries 2005 to 2010">ActivateWindow(10025,&quot;plugin://plugin.googledrive/?action=listfolder&amp;contenttype=video&amp;driveid=0AKDLom8gYfUk9PVA&amp;itemdriveid=0AKDLom8gYfUk9PVA&amp;itemid=1OpmVjCA8u6bVWdo84lPMXW85wyJmReaN&quot;,return)</favourite>
    <favourite name="IMAX Documentaries 2000 to 2004">ActivateWindow(10025,&quot;plugin://plugin.googledrive/?action=listfolder&amp;contenttype=video&amp;driveid=0AKDLom8gYfUk9PVA&amp;itemdriveid=0AKDLom8gYfUk9PVA&amp;itemid=1aVSNboiJkrWNPmY4c6OTzV-xYwn4PAE&quot;,return)</favourite>
    <favourite name="The.Informers.2008">ActivateWindow(10025,&quot;plugin://plugin.googledrive/?action=listfolder&amp;contenttype=video&amp;driveid=0AKDLom8gYfUk9PVA&amp;itemdriveid=0AKDLom8gYfUk9PVA&amp;itemid=15K3baDdDli37uKz4H8QX66Tx3oLOcmUt&quot;,return)</favourite>
    <favourite name="Jeffrey.Epstein.Filthy.Rich.S01">ActivateWindow(10025,&quot;plugin://plugin.googledrive/?action=listfolder&amp;contenttype=video&amp;driveid=0AKDLom8gYfUk9PVA&amp;itemdriveid=0AKDLom8gYfUk9PVA&amp;itemid=140axSwo6g5vpCX10NvvqY8dXffAGvGc&quot;,return)</favourite>
    <favourite name="John Wick Chapter 3 Parabellum 2019">ActivateWindow(10025,&quot;plugin://plugin.googledrive/?action=listfolder&amp;contenttype=video&amp;driveid=0AKDLom8gYfUk9PVA&amp;itemdriveid=0AKDLom8gYfUk9PVA&amp;itemid=1QyE15nOU6H3ziWMJRkpH7pn97TJwOPPP&quot;,return)</favourite>
    <favourite name="Money.Heist.SEASON.01.S01">ActivateWindow(10025,&quot;plugin://plugin.googledrive/?action=listfolder&amp;contenttype=video&amp;driveid=0AKDLom8gYfUk9PVA&amp;itemdriveid=0AKDLom8gYfUk9PVA&amp;itemid=10E2YWYWRkCZYIAnvIqxlcWV67On-O5AS&quot;,return)</favourite>
    <favourite name="Rambo First Blood Part II (1985)">ActivateWindow(10025,&quot;plugin://plugin.googledrive/?action=listfolder&amp;contenttype=video&amp;driveid=0AKDLom8gYfUk9PVA&amp;itemdriveid=0AKDLom8gYfUk9PVA&amp;itemid=1uhXz6EVehbJcJ9URF6aPj3EkUittHawI&quot;,return)</favourite>
    <favourite name="Rambo Last Blood V.Ext">ActivateWindow(10025,&quot;plugin://plugin.googledrive/?action=listfolder&amp;contenttype=video&amp;driveid=0AKDLom8gYfUk9PVA&amp;itemdriveid=0AKDLom8gYfUk9PVA&amp;itemid=1IdK1YmNgVxwJgI6zMej-QUcKLtFPXOfc&quot;,return)</favourite>
    <favourite name="Rambo.First.Blood.1982">ActivateWindow(10025,&quot;plugin://plugin.googledrive/?action=listfolder&amp;contenttype=video&amp;driveid=0AKDLom8gYfUk9PVA&amp;itemdriveid=0AKDLom8gYfUk9PVA&amp;itemid=1RWMNXSO5RN-XKyl3Pk0IS5A4BdkjIxwR&quot;,return)</favourite>
    <favourite name="Rush Hour 1, 2, 3 1998-2007">ActivateWindow(10025,&quot;plugin://plugin.googledrive/?action=listfolder&amp;contenttype=video&amp;driveid=0AKDLom8gYfUk9PVA&amp;itemdriveid=0AKDLom8gYfUk9PVA&amp;itemid=17hf0rT8bMQRsWEpLJdXVUxcmxFzRFwul&quot;,return)</favourite>
    <favourite name="Species.II.1998. ">ActivateWindow(10025,&quot;plugin://plugin.googledrive/?action=listfolder&amp;contenttype=video&amp;driveid=0AKDLom8gYfUk9PVA&amp;itemdriveid=0AKDLom8gYfUk9PVA&amp;itemid=1GHihqycwQRFjy0rMJvgVpNNbkhikrQb9&quot;,return)</favourite>
    <favourite name="Species.III.2004. ">ActivateWindow(10025,&quot;plugin://plugin.googledrive/?action=listfolder&amp;contenttype=video&amp;driveid=0AKDLom8gYfUk9PVA&amp;itemdriveid=0AKDLom8gYfUk9PVA&amp;itemid=1imwBh9l3shoGB8HxiOo7jHRauJSifqk&quot;,return)</favourite>
    <favourite name="Species.The.Awakening.2007. ">ActivateWindow(10025,&quot;plugin://plugin.googledrive/?action=listfolder&amp;contenttype=video&amp;driveid=0AKDLom8gYfUk9PVA&amp;itemdriveid=0AKDLom8gYfUk9PVA&amp;itemid=1zNe96pTZchNsIqx0dT0bsINb7-1goI&quot;,return)</favourite>
    <favourite name="Spice.World.1997">ActivateWindow(10025,&quot;plugin://plugin.googledrive/?action=listfolder&amp;contenttype=video&amp;driveid=0AKDLom8gYfUk9PVA&amp;itemdriveid=0AKDLom8gYfUk9PVA&amp;itemid=1Zd5zrpbHnTyRoZFunKVjV4PIX33ERc8N&quot;,return)</favourite>
    <favourite name="Taken Trilogy (2008-2014)">ActivateWindow(10025,&quot;plugin://plugin.googledrive/?action=listfolder&amp;contenttype=video&amp;driveid=0AKDLom8gYfUk9PVA&amp;itemdriveid=0AKDLom8gYfUk9PVA&amp;itemid=1qM11N7pQkz3Cykh1GcgCi9J7wD8rQUCY&quot;,return)</favourite>
    <favourite name="The Terminator (1984)">ActivateWindow(10025,&quot;plugin://plugin.googledrive/?action=listfolder&amp;contenttype=video&amp;driveid=0AKDLom8gYfUk9PVA&amp;itemdriveid=0AKDLom8gYfUk9PVA&amp;itemid=1FdDnskr48rDVcL5qYF6MHRgEJYeJNOHL&quot;,return)</favourite>
    <favourite name="Terminator 2 - Judgment Day (1991)">ActivateWindow(10025,&quot;plugin://plugin.googledrive/?action=listfolder&amp;contenttype=video&amp;driveid=0AKDLom8gYfUk9PVA&amp;itemdriveid=0AKDLom8gYfUk9PVA&amp;itemid=1TO2tqzCR57zHaL1LkpLx1D7VRV4SiPoY&quot;,return)</favourite>
    <favourite name="Terminator Dark Fate (2019)">ActivateWindow(10025,&quot;plugin://plugin.googledrive/?action=listfolder&amp;contenttype=video&amp;driveid=0AKDLom8gYfUk9PVA&amp;itemdriveid=0AKDLom8gYfUk9PVA&amp;itemid=1lK7f0AqMbVP3FpK3JTH5oGJwlPjVFrUj&quot;,return)</favourite>
    <favourite name="Terminator.Salvation.2009">ActivateWindow(10025,&quot;plugin://plugin.googledrive/?action=listfolder&amp;contenttype=video&amp;driveid=0AKDLom8gYfUk9PVA&amp;itemdriveid=0AKDLom8gYfUk9PVA&amp;itemid=1D-IvLNdwKkLljTJz3NnD-P7GpyMM1umL&quot;,return)</favourite>
    <favourite name="Titanic (1997)">ActivateWindow(10025,&quot;plugin://plugin.googledrive/?action=listfolder&amp;contenttype=video&amp;driveid=0AKDLom8gYfUk9PVA&amp;itemdriveid=0AKDLom8gYfUk9PVA&amp;itemid=1EPzohgBp3UBa7BdgDfYexuYbB0FZTvHq&quot;,return)</favourite>
    <favourite name="Tom & Jerry (1940)">ActivateWindow(10025,&quot;plugin://plugin.googledrive/?action=listfolder&amp;contenttype=video&amp;driveid=0AKDLom8gYfUk9PVA&amp;itemdriveid=0AKDLom8gYfUk9PVA&amp;itemid=1TJ5XlvhaAiMJ72ucyCMOzX9xruiQzN22&quot;,return)</favourite>
    <favourite name="Tom.and.Jerry.The.Golden.Collection.Volume.1.1940-1948.1080p">ActivateWindow(10025,&quot;plugin://plugin.googledrive/?action=listfolder&amp;contenttype=video&amp;driveid=0AKDLom8gYfUk9PVA&amp;itemdriveid=0AKDLom8gYfUk9PVA&amp;itemid=1-QKrcbmRXQJZqpCcNfsM9jYgYPFVI8f&quot;,return)</favourite>
    <favourite name="Top 10 Banned Films">ActivateWindow(10025,&quot;plugin://plugin.googledrive/?action=listfolder&amp;contenttype=video&amp;driveid=0AKDLom8gYfUk9PVA&amp;itemdriveid=0AKDLom8gYfUk9PVA&amp;itemid=1OH10O7oyVrfCpIZDqEdRL7vJMqNajzVg&quot;,return)</favourite>
    <favourite name="The Lord of the Rings Trilogy (2001 to 2003)">ActivateWindow(10025,&quot;plugin://plugin.googledrive/?action=listfolder&amp;contenttype=video&amp;driveid=0AKDLom8gYfUk9PVA&amp;itemdriveid=0AKDLom8gYfUk9PVA&amp;itemid=1nEKtfG-HK2IHNXRisqdBUHiX4pV7gXpi&quot;,return)</favourite>
    <favourite name="Tom and Jerry Cartoons Complete Collection (1940-2007)">ActivateWindow(10025,&quot;plugin://plugin.googledrive/?action=listfolder&amp;contenttype=video&amp;driveid=0AKDLom8gYfUk9PVA&amp;itemdriveid=0AKDLom8gYfUk9PVA&amp;itemid=1sJtewXUk31aklYD9HINmLC5DPf7pXSdZ&quot;,return)</favourite>
    <favourite name="Young Sheldon Season 2">ActivateWindow(10025,&quot;plugin://plugin.googledrive/?action=listfolder&amp;contenttype=video&amp;driveid=0AKDLom8gYfUk9PVA&amp;itemdriveid=0AKDLom8gYfUk9PVA&amp;itemid=1p-WApWGoZYT5hTGs-U4qDEYm1bUM256a&quot;,return)</favourite>
    <favourite name="Main Hoon Na (2004)">ActivateWindow(10025,&quot;plugin://plugin.googledrive/?action=listfolder&amp;contenttype=video&amp;driveid=0ANgoWj5UEcVLUk9PVA&amp;itemdriveid=0ANgoWj5UEcVLUk9PVA&amp;itemid=1XuyoKf6HuufQ4m4RD92ZIJY0p7jvBnqc&quot;,return)</favourite>
    <favourite name="007 JAMES BOND Collection">ActivateWindow(10025,&quot;plugin://plugin.googledrive/?action=listfolder&amp;contenttype=video&amp;driveid=0ANgoWj5UEcVLUk9PVA&amp;itemdriveid=0ANgoWj5UEcVLUk9PVA&amp;itemid=1HDBWXOhjFtymykqE7DLKFjyH0VgGohVQ&quot;,return)</favourite>
    <favourite name="24 - India (2013) Season 2 S02">ActivateWindow(10025,&quot;plugin://plugin.googledrive/?action=listfolder&amp;contenttype=video&amp;driveid=0ANgoWj5UEcVLUk9PVA&amp;itemdriveid=0ANgoWj5UEcVLUk9PVA&amp;itemid=1h74z3h-x7Q-PIyFobwO4KSMYzc67BF2q&quot;,return)</favourite>
    <favourite name="55 Disneys Movies">ActivateWindow(10025,&quot;plugin://plugin.googledrive/?action=listfolder&amp;contenttype=video&amp;driveid=0ANgoWj5UEcVLUk9PVA&amp;itemdriveid=0ANgoWj5UEcVLUk9PVA&amp;itemid=1ssVXK6T-WrhjB0oh34mU9EP0SfZ-m&quot;,return)</favourite>
    <favourite name="100 Years Of National Geographic">ActivateWindow(10025,&quot;plugin://plugin.googledrive/?action=listfolder&amp;contenttype=video&amp;driveid=0ANgoWj5UEcVLUk9PVA&amp;itemdriveid=0ANgoWj5UEcVLUk9PVA&amp;itemid=1IAxdFimvN6mbOGCBzYC3qaMbRkE9Pk3&quot;,return)</favourite>
    <favourite name="300.2006">ActivateWindow(10025,&quot;plugin://plugin.googledrive/?action=listfolder&amp;contenttype=video&amp;driveid=0ANgoWj5UEcVLUk9PVA&amp;itemdriveid=0ANgoWj5UEcVLUk9PVA&amp;itemid=1g8rf0TJCiDjjjFcZApUWiGWZRTit-TXQ&quot;,return)</favourite>
    <favourite name="An Evening in Paris (1967)">ActivateWindow(10025,&quot;plugin://plugin.googledrive/?action=listfolder&amp;contenttype=video&amp;driveid=0ANgoWj5UEcVLUk9PVA&amp;itemdriveid=0ANgoWj5UEcVLUk9PVA&amp;itemid=1K36AtMkjK4WOImc4izE0rX6DubVpWCt8&quot;,return)</favourite>
    <favourite name="Andhadhun (2018)">ActivateWindow(10025,&quot;plugin://plugin.googledrive/?action=listfolder&amp;contenttype=video&amp;driveid=0ANgoWj5UEcVLUk9PVA&amp;itemdriveid=0ANgoWj5UEcVLUk9PVA&amp;itemid=1nxwP3hTH2gLJKodNV8LlsI8PrDqN5VQT&quot;,return)</favourite>
    <favourite name="Avatar.2009">ActivateWindow(10025,&quot;plugin://plugin.googledrive/?action=listfolder&amp;contenttype=video&amp;driveid=0ANgoWj5UEcVLUk9PVA&amp;itemdriveid=0ANgoWj5UEcVLUk9PVA&amp;itemid=1fEeLMwh6GSHA1y0OhTB9B9frX6krgIW&quot;,return)</favourite>
    <favourite name="Friends Complete  AAC 5.1 x265">ActivateWindow(10025,&quot;plugin://plugin.googledrive/?action=listfolder&amp;contenttype=video&amp;driveid=0ANgoWj5UEcVLUk9PVA&amp;itemdriveid=0ANgoWj5UEcVLUk9PVA&amp;itemid=1AhIz5FJAueWL4HLslExxWcrnqHD1Fh&quot;,return)</favourite>
    <favourite name="Friends.Complete. 2CH.x265">ActivateWindow(10025,&quot;plugin://plugin.googledrive/?action=listfolder&amp;contenttype=video&amp;driveid=0ANgoWj5UEcVLUk9PVA&amp;itemdriveid=0ANgoWj5UEcVLUk9PVA&amp;itemid=1992PaGcNZbVFIl8lrQk1HKLYEK6tVcj7&quot;,return)</favourite>
    <favourite name="Hitchcock Films (1945-54)">ActivateWindow(10025,&quot;plugin://plugin.googledrive/?action=listfolder&amp;contenttype=video&amp;driveid=0ANgoWj5UEcVLUk9PVA&amp;itemdriveid=0ANgoWj5UEcVLUk9PVA&amp;itemid=15pJYdm2SrwgSdA2c1zDoTbkqWYBfX&quot;,return)</favourite>
    <favourite name="Hitchcock Films (1955-76)">ActivateWindow(10025,&quot;plugin://plugin.googledrive/?action=listfolder&amp;contenttype=video&amp;driveid=0ANgoWj5UEcVLUk9PVA&amp;itemdriveid=0ANgoWj5UEcVLUk9PVA&amp;itemid=1fBQwJHkHZH-Umef4Ae-aDx8mHABKrLb&quot;,return)</favourite>
    <favourite name="House MD Season 1, 2, 3, 4, 5, 6, 7 , 8 + Extras">ActivateWindow(10025,&quot;plugin://plugin.googledrive/?action=listfolder&amp;contenttype=video&amp;driveid=0ANgoWj5UEcVLUk9PVA&amp;itemdriveid=0ANgoWj5UEcVLUk9PVA&amp;itemid=1OmcYmL6bB3vlOtWlVkNVQtno9bHYkme&quot;,return)</favourite>
    <favourite name="Hum Dil De Chuke Sanam 1999">ActivateWindow(10025,&quot;plugin://plugin.googledrive/?action=listfolder&amp;contenttype=video&amp;driveid=0ANgoWj5UEcVLUk9PVA&amp;itemdriveid=0ANgoWj5UEcVLUk9PVA&amp;itemid=1CyYfEkazYDO16XKPiqbwQle5V20TnBkA&quot;,return)</favourite>
    <favourite name="Rang.De.Basanti.2006">ActivateWindow(10025,&quot;plugin://plugin.googledrive/?action=listfolder&amp;contenttype=video&amp;driveid=0ANgoWj5UEcVLUk9PVA&amp;itemdriveid=0ANgoWj5UEcVLUk9PVA&amp;itemid=1PKAVc5lhDjCnW4J6L-JzRfvYF9xaPRPZ&quot;,return)</favourite>
    <favourite name="A Wednesday.2008">ActivateWindow(10025,&quot;plugin://plugin.googledrive/?action=listfolder&amp;contenttype=video&amp;driveid=0ANgoWj5UEcVLUk9PVA&amp;itemdriveid=0ANgoWj5UEcVLUk9PVA&amp;itemid=1cpS3K-b96Y62SwQ21BD9n0ApgJyf4u9&quot;,return)</favourite>
    <favourite name="IMDB TOP250（1789.23G）">ActivateWindow(10025,&quot;plugin://plugin.googledrive/?action=listfolder&amp;contenttype=video&amp;driveid=0ANgoWj5UEcVLUk9PVA&amp;itemdriveid=0ANgoWj5UEcVLUk9PVA&amp;itemid=1I9N2YW7HIDLPPZmTbLEhf5irPsqOmJ&quot;,return)</favourite>
    <favourite name="The.Italian.Job.2003">ActivateWindow(10025,&quot;plugin://plugin.googledrive/?action=listfolder&amp;contenttype=video&amp;driveid=0ANgoWj5UEcVLUk9PVA&amp;itemdriveid=0ANgoWj5UEcVLUk9PVA&amp;itemid=1W0W5AW5hF4C11gfhD2L4SHBVUR3hDKPz&quot;,return)</favourite>
    <favourite name="James Bond 007 All 25 s Collection (1962-2015)">ActivateWindow(10025,&quot;plugin://plugin.googledrive/?action=listfolder&amp;contenttype=video&amp;driveid=0ANgoWj5UEcVLUk9PVA&amp;itemdriveid=0ANgoWj5UEcVLUk9PVA&amp;itemid=1KRiWvx71CeRl7wkQYqmozK3nOa6g4A-K&quot;,return)</favourite>
    <favourite name="Lethal Weapon Complete (1987-1998)">ActivateWindow(10025,&quot;plugin://plugin.googledrive/?action=listfolder&amp;contenttype=video&amp;driveid=0ANgoWj5UEcVLUk9PVA&amp;itemdriveid=0ANgoWj5UEcVLUk9PVA&amp;itemid=1S7ZWW99XnKL3TfQ5KVixrOwgH2tljtv&quot;,return)</favourite>
    <favourite name="Rambo 1">ActivateWindow(10025,&quot;plugin://plugin.googledrive/?action=listfolder&amp;contenttype=video&amp;driveid=0ANgoWj5UEcVLUk9PVA&amp;itemdriveid=0ANgoWj5UEcVLUk9PVA&amp;itemid=1Kqv0lmmYDfDodF13CeXMgga85WxW3cr&quot;,return)</favourite>
    <favourite name="Rambo 2">ActivateWindow(10025,&quot;plugin://plugin.googledrive/?action=listfolder&amp;contenttype=video&amp;driveid=0ANgoWj5UEcVLUk9PVA&amp;itemdriveid=0ANgoWj5UEcVLUk9PVA&amp;itemid=1KrNYIookAAVF0hR9aHTrmcnf9fz6oUQv&quot;,return)</favourite>
    <favourite name="Rambo 3">ActivateWindow(10025,&quot;plugin://plugin.googledrive/?action=listfolder&amp;contenttype=video&amp;driveid=0ANgoWj5UEcVLUk9PVA&amp;itemdriveid=0ANgoWj5UEcVLUk9PVA&amp;itemid=1l3gRlUnp0z3xJjFNm8BjBHrL1zDngv3&quot;,return)</favourite>
    <favourite name="Rambo 4">ActivateWindow(10025,&quot;plugin://plugin.googledrive/?action=listfolder&amp;contenttype=video&amp;driveid=0ANgoWj5UEcVLUk9PVA&amp;itemdriveid=0ANgoWj5UEcVLUk9PVA&amp;itemid=1Ga9s8xSiv9Y2cWYMK-M-XUtSP1qHdm&quot;,return)</favourite>
    <favourite name="Shakuntala Devi.(2020)">ActivateWindow(10025,&quot;plugin://plugin.googledrive/?action=listfolder&amp;contenttype=video&amp;driveid=0ANgoWj5UEcVLUk9PVA&amp;itemdriveid=0ANgoWj5UEcVLUk9PVA&amp;itemid=1gESdxQeCtUu5YvviRNkW3yrwes1o9Ymf&quot;,return)</favourite>
    <favourite name="Spies In Disguise (2019)">ActivateWindow(10025,&quot;plugin://plugin.googledrive/?action=listfolder&amp;contenttype=video&amp;driveid=0ANgoWj5UEcVLUk9PVA&amp;itemdriveid=0ANgoWj5UEcVLUk9PVA&amp;itemid=1ILz9URxqgmT1rwMZbsoGr14VsPHMQPZE&quot;,return)</favourite>
    <favourite name="Sushant Singh Rajput Filmography (2013 - 2019)">ActivateWindow(10025,&quot;plugin://plugin.googledrive/?action=listfolder&amp;contenttype=video&amp;driveid=0ANgoWj5UEcVLUk9PVA&amp;itemdriveid=0ANgoWj5UEcVLUk9PVA&amp;itemid=1FyWiRCRj-tcMedTZtuUDiPlU5fxqnuFY&quot;,return)</favourite>
    <favourite name="True.History.of.the.Kelly.Gang.2019">ActivateWindow(10025,&quot;plugin://plugin.googledrive/?action=listfolder&amp;contenttype=video&amp;driveid=0ANgoWj5UEcVLUk9PVA&amp;itemdriveid=0ANgoWj5UEcVLUk9PVA&amp;itemid=1aOPCaDmgQEgZQJSLPM9i2OFmvYmGoWf&quot;,return)</favourite>
    <favourite name="Alien Vs. Predator [2004]">ActivateWindow(10025,&quot;plugin://plugin.googledrive/?action=listfolder&amp;contenttype=video&amp;driveid=0ABqcOIJGMM79Uk9PVA&amp;itemdriveid=0ABqcOIJGMM79Uk9PVA&amp;itemid=1VSvbpA57kwoJm4LrUGfZTDorfPNyl9y&quot;,return)</favourite>
    <favourite name="Batla House (2019)">ActivateWindow(10025,&quot;plugin://plugin.googledrive/?action=listfolder&amp;contenttype=video&amp;driveid=0ABqcOIJGMM79Uk9PVA&amp;itemdriveid=0ABqcOIJGMM79Uk9PVA&amp;itemid=10Ru4iD5BqumYUxAS-dVOJzXiz0-j8d5r&quot;,return)</favourite>
    <favourite name="Charlie Chaplin - The Circus (1928)">ActivateWindow(10025,&quot;plugin://plugin.googledrive/?action=listfolder&amp;contenttype=video&amp;driveid=0ABqcOIJGMM79Uk9PVA&amp;itemdriveid=0ABqcOIJGMM79Uk9PVA&amp;itemid=1pKpolvb9O9f6Q6rUnBsWv8dC0ELHMBEQ&quot;,return)</favourite>
    <favourite name="Die Hard Collection">ActivateWindow(10025,&quot;plugin://plugin.googledrive/?action=listfolder&amp;contenttype=video&amp;driveid=0ABqcOIJGMM79Uk9PVA&amp;itemdriveid=0ABqcOIJGMM79Uk9PVA&amp;itemid=1tr7snwl32tTQyibq0jZ--vYs9hCXzzB&quot;,return)</favourite>
    <favourite name="Disney Collection">ActivateWindow(10025,&quot;plugin://plugin.googledrive/?action=listfolder&amp;contenttype=video&amp;driveid=0ABqcOIJGMM79Uk9PVA&amp;itemdriveid=0ABqcOIJGMM79Uk9PVA&amp;itemid=1ilJDl5DseKdwltPSWR7mdainPNHwMqUi&quot;,return)</favourite>
    <favourite name="Essential Documentaries 3">ActivateWindow(10025,&quot;plugin://plugin.googledrive/?action=listfolder&amp;contenttype=video&amp;driveid=0ABqcOIJGMM79Uk9PVA&amp;itemdriveid=0ABqcOIJGMM79Uk9PVA&amp;itemid=1RYARWYQsJyOYDxlJrfkCNTF72yEW55Ez&quot;,return)</favourite>
    <favourite name="The.General.1926.REMASTERED">ActivateWindow(10025,&quot;plugin://plugin.googledrive/?action=listfolder&amp;contenttype=video&amp;driveid=0ABqcOIJGMM79Uk9PVA&amp;itemdriveid=0ABqcOIJGMM79Uk9PVA&amp;itemid=1DGEd2XQsPEpNHBlIP8mPy0SXf1XZ-0m&quot;,return)</favourite>
    <favourite name="Gone with the Wind (1939) 75th Anniversary">ActivateWindow(10025,&quot;plugin://plugin.googledrive/?action=listfolder&amp;contenttype=video&amp;driveid=0ABqcOIJGMM79Uk9PVA&amp;itemdriveid=0ABqcOIJGMM79Uk9PVA&amp;itemid=1qghLLLs58b3rqcLgT6znM7tGVeVKhX76&quot;,return)</favourite>
    <favourite name="Kaalia (1981)">ActivateWindow(10025,&quot;plugin://plugin.googledrive/?action=listfolder&amp;contenttype=video&amp;driveid=0ABqcOIJGMM79Uk9PVA&amp;itemdriveid=0ABqcOIJGMM79Uk9PVA&amp;itemid=1bbWCgJSbavWV89UEGEC-niYpKAFA7XAn&quot;,return)</favourite>
    <favourite name="The King of Queens (1998) Season 5">ActivateWindow(10025,&quot;plugin://plugin.googledrive/?action=listfolder&amp;contenttype=video&amp;driveid=0ABqcOIJGMM79Uk9PVA&amp;itemdriveid=0ABqcOIJGMM79Uk9PVA&amp;itemid=1oET0tonZuE0TQmfUBhYy4Lxpo7RXblr-&quot;,return)</favourite>
    <favourite name="Laawaris 1981">ActivateWindow(10025,&quot;plugin://plugin.googledrive/?action=listfolder&amp;contenttype=video&amp;driveid=0ABqcOIJGMM79Uk9PVA&amp;itemdriveid=0ABqcOIJGMM79Uk9PVA&amp;itemid=14TaqeVusgc7QM04KDYWgGTLPfz39ZuE&quot;,return)</favourite>
    <favourite name="Lagaan - Once Upon a Time in India (2001)">ActivateWindow(10025,&quot;plugin://plugin.googledrive/?action=listfolder&amp;contenttype=video&amp;driveid=0ABqcOIJGMM79Uk9PVA&amp;itemdriveid=0ABqcOIJGMM79Uk9PVA&amp;itemid=1UcSC-WBiLA-WWPjNQfmArCm5aT8elxTU&quot;,return)</favourite>
    <favourite name="Lage Raho Munna Bhai (2006)">ActivateWindow(10025,&quot;plugin://plugin.googledrive/?action=listfolder&amp;contenttype=video&amp;driveid=0ABqcOIJGMM79Uk9PVA&amp;itemdriveid=0ABqcOIJGMM79Uk9PVA&amp;itemid=12qPyBhtErQV7VK9HjStRAQZgywuZLOXk&quot;,return)</favourite>
    <favourite name="The Matrix Trilogy (1999-2003)">ActivateWindow(10025,&quot;plugin://plugin.googledrive/?action=listfolder&amp;contenttype=video&amp;driveid=0ABqcOIJGMM79Uk9PVA&amp;itemdriveid=0ABqcOIJGMM79Uk9PVA&amp;itemid=19jorWhgc94l9apQaTjwZAnmk3fdwQ1DN&quot;,return)</favourite>
    <favourite name="Men in Black II (2002)">ActivateWindow(10025,&quot;plugin://plugin.googledrive/?action=listfolder&amp;contenttype=video&amp;driveid=0ABqcOIJGMM79Uk9PVA&amp;itemdriveid=0ABqcOIJGMM79Uk9PVA&amp;itemid=1eU5iEcKY94BkXA3B4ERWWLGFtb8ALWI&quot;,return)</favourite>
    <favourite name="Men in Black 3 (2012)">ActivateWindow(10025,&quot;plugin://plugin.googledrive/?action=listfolder&amp;contenttype=video&amp;driveid=0ABqcOIJGMM79Uk9PVA&amp;itemdriveid=0ABqcOIJGMM79Uk9PVA&amp;itemid=12ddpclnEO5nkTq61shJWeJvQNgWC8Oy&quot;,return)</favourite>
    <favourite name="Night At The Museum Collection (2006 - 2014)">ActivateWindow(10025,&quot;plugin://plugin.googledrive/?action=listfolder&amp;contenttype=video&amp;driveid=0ABqcOIJGMM79Uk9PVA&amp;itemdriveid=0ABqcOIJGMM79Uk9PVA&amp;itemid=1jinx-oSZO6QJeoBZicsi0ZcAq5ylPWfx&quot;,return)</favourite>
    <favourite name="Ocean 11 12 13 Collection">ActivateWindow(10025,&quot;plugin://plugin.googledrive/?action=listfolder&amp;contenttype=video&amp;driveid=0ABqcOIJGMM79Uk9PVA&amp;itemdriveid=0ABqcOIJGMM79Uk9PVA&amp;itemid=1OgvPxgQnFyEbDUp3bFrxxKaugR6Ukaap&quot;,return)</favourite>
    <favourite name="Omkara 2006">ActivateWindow(10025,&quot;plugin://plugin.googledrive/?action=listfolder&amp;contenttype=video&amp;driveid=0ABqcOIJGMM79Uk9PVA&amp;itemdriveid=0ABqcOIJGMM79Uk9PVA&amp;itemid=1aXZbsYSpTPgiVAar0ZKyrsXArPPsXHR&quot;,return)</favourite>
    <favourite name="Pirates.Of.The.Caribbean.Collection.2003-2017">ActivateWindow(10025,&quot;plugin://plugin.googledrive/?action=listfolder&amp;contenttype=video&amp;driveid=0ABqcOIJGMM79Uk9PVA&amp;itemdriveid=0ABqcOIJGMM79Uk9PVA&amp;itemid=1NQ2YoAiJjp0h-N9FYjAcULd0afMA7yQc&quot;,return)</favourite>
    <favourite name="Rambo Quadrilogy Collection (1982-2008)">ActivateWindow(10025,&quot;plugin://plugin.googledrive/?action=listfolder&amp;contenttype=video&amp;driveid=0ABqcOIJGMM79Uk9PVA&amp;itemdriveid=0ABqcOIJGMM79Uk9PVA&amp;itemid=18Luw03lqFJawOpjwCgHKPRzq2CYJGMO&quot;,return)</favourite>
    <favourite name="Section 375 - 2019">ActivateWindow(10025,&quot;plugin://plugin.googledrive/?action=listfolder&amp;contenttype=video&amp;driveid=0ABqcOIJGMM79Uk9PVA&amp;itemdriveid=0ABqcOIJGMM79Uk9PVA&amp;itemid=1iLADq1aPj6EXUdhxtPFNMFgUa7EDt5xo&quot;,return)</favourite>
    <favourite name="Shakuntala.Devi.2020">ActivateWindow(10025,&quot;plugin://plugin.googledrive/?action=listfolder&amp;contenttype=video&amp;driveid=0ABqcOIJGMM79Uk9PVA&amp;itemdriveid=0ABqcOIJGMM79Uk9PVA&amp;itemid=1TqLVo-cFo0kPzr--83VzBp4fRhpygqA&quot;,return)</favourite>
    <favourite name="The Shawshank Redemption (1994)">ActivateWindow(10025,&quot;plugin://plugin.googledrive/?action=listfolder&amp;contenttype=video&amp;driveid=0ABqcOIJGMM79Uk9PVA&amp;itemdriveid=0ABqcOIJGMM79Uk9PVA&amp;itemid=1dLXZGk91Hck-ix18TODqhhooS5IocGK&quot;,return)</favourite>
    <favourite name="Sholay 1975">ActivateWindow(10025,&quot;plugin://plugin.googledrive/?action=listfolder&amp;contenttype=video&amp;driveid=0ABqcOIJGMM79Uk9PVA&amp;itemdriveid=0ABqcOIJGMM79Uk9PVA&amp;itemid=1iehiP6EVp8eA5aQikrPLzmQDX3Y-7eMi&quot;,return)</favourite>
    <favourite name="The.Sopranos.Complete">ActivateWindow(10025,&quot;plugin://plugin.googledrive/?action=listfolder&amp;contenttype=video&amp;driveid=0ABqcOIJGMM79Uk9PVA&amp;itemdriveid=0ABqcOIJGMM79Uk9PVA&amp;itemid=1E-7v6YOHmyPYbinrR7Vo17spfceYKo3E&quot;,return)</favourite>
    <favourite name="Speed (1994)">ActivateWindow(10025,&quot;plugin://plugin.googledrive/?action=listfolder&amp;contenttype=video&amp;driveid=0ABqcOIJGMM79Uk9PVA&amp;itemdriveid=0ABqcOIJGMM79Uk9PVA&amp;itemid=1yWiw-4xYBLMAAL2SAGEgcbTSYC6P0G9K&quot;,return)</favourite>
    <favourite name="Spies.in.Disguise.2019">ActivateWindow(10025,&quot;plugin://plugin.googledrive/?action=listfolder&amp;contenttype=video&amp;driveid=0ABqcOIJGMM79Uk9PVA&amp;itemdriveid=0ABqcOIJGMM79Uk9PVA&amp;itemid=1gUWdEe-EMufHnuhd835YnZ28FpN7hbn&quot;,return)</favourite>
    <favourite name="Spy Game (2001)">ActivateWindow(10025,&quot;plugin://plugin.googledrive/?action=listfolder&amp;contenttype=video&amp;driveid=0ABqcOIJGMM79Uk9PVA&amp;itemdriveid=0ABqcOIJGMM79Uk9PVA&amp;itemid=1hGq2bsYhhWFwENuvDQoXN-YlBcDnsz&quot;,return)</favourite>
    <favourite name="St Peters and the Papal Basilicas of Rome 2016">ActivateWindow(10025,&quot;plugin://plugin.googledrive/?action=listfolder&amp;contenttype=video&amp;driveid=0ABqcOIJGMM79Uk9PVA&amp;itemdriveid=0ABqcOIJGMM79Uk9PVA&amp;itemid=16hIPqNvAVIxBkqzras56iIOT3e3egByf&quot;,return)</favourite>
    <favourite name="Stuart Little Trilogy">ActivateWindow(10025,&quot;plugin://plugin.googledrive/?action=listfolder&amp;contenttype=video&amp;driveid=0ABqcOIJGMM79Uk9PVA&amp;itemdriveid=0ABqcOIJGMM79Uk9PVA&amp;itemid=1en4Nr9kbd-BZbUK5pjlNzjuTeh9RypSr&quot;,return)</favourite>
    <favourite name="Suraj.1966">ActivateWindow(10025,&quot;plugin://plugin.googledrive/?action=listfolder&amp;contenttype=video&amp;driveid=0ABqcOIJGMM79Uk9PVA&amp;itemdriveid=0ABqcOIJGMM79Uk9PVA&amp;itemid=1bJjahBnmiUYrwYIi4GNf7dMJDHxfEtJB&quot;,return)</favourite>
    <favourite name="Terminator 5-Film Collection (1984-2015)">ActivateWindow(10025,&quot;plugin://plugin.googledrive/?action=listfolder&amp;contenttype=video&amp;driveid=0ABqcOIJGMM79Uk9PVA&amp;itemdriveid=0ABqcOIJGMM79Uk9PVA&amp;itemid=1vbxewbx9p3mIE4vshegga-9HKHZAlCl&quot;,return)</favourite>
    <favourite name="Titanic 1997">ActivateWindow(10025,&quot;plugin://plugin.googledrive/?action=listfolder&amp;contenttype=video&amp;driveid=0ABqcOIJGMM79Uk9PVA&amp;itemdriveid=0ABqcOIJGMM79Uk9PVA&amp;itemid=1tPx9H26NhKBH2KIbw4ZaatHMB7JryQqo&quot;,return)</favourite>
    <favourite name="The Tom and Jerry Show">ActivateWindow(10025,&quot;plugin://plugin.googledrive/?action=listfolder&amp;contenttype=video&amp;driveid=0ABqcOIJGMM79Uk9PVA&amp;itemdriveid=0ABqcOIJGMM79Uk9PVA&amp;itemid=1SD9qv1jhDW1Yiy2YnFTvNlTI2cG7sQoC&quot;,return)</favourite>
    <favourite name="Trishul 1978">ActivateWindow(10025,&quot;plugin://plugin.googledrive/?action=listfolder&amp;contenttype=video&amp;driveid=0ABqcOIJGMM79Uk9PVA&amp;itemdriveid=0ABqcOIJGMM79Uk9PVA&amp;itemid=1Ia7eGP8CYpQ2UvsN5q53D7Wn9Qm5m95q&quot;,return)</favourite>
    <favourite name="Veer Zaara 2004">ActivateWindow(10025,&quot;plugin://plugin.googledrive/?action=listfolder&amp;contenttype=video&amp;driveid=0ABqcOIJGMM79Uk9PVA&amp;itemdriveid=0ABqcOIJGMM79Uk9PVA&amp;itemid=1bT-E4vv9YQRjia7Hr-lSvl8koGlnEjQo&quot;,return)</favourite>
    <favourite name="Jason Statham Collection [26]">ActivateWindow(10025,&quot;plugin://plugin.googledrive/?action=listfolder&amp;contenttype=video&amp;driveid=0ABqcOIJGMM79Uk9PVA&amp;itemdriveid=0ABqcOIJGMM79Uk9PVA&amp;itemid=1hZ3bGj1QLkPz0gOB724kHfQbwRTMG61&quot;,return)</favourite>
    <favourite name="[TorrentCounter.to].Babumoshai.Bandookbaaz.2017.Hindi.720p.WEB-DL.x264.[900MB].[MP4]">ActivateWindow(10025,&quot;plugin://plugin.googledrive/?action=_list_folder&amp;content_type=video&amp;driveid=0ANrkZPFUhkNsUk9PVA&amp;item_driveid=0ANrkZPFUhkNsUk9PVA&amp;item_id=1HdE93NFsGdERIDe9ZJwww1OUk-G_rgSt&quot;,return)</favourite>
    <favourite name="1917.2019.720p.SCREENER.900MB.x264-GalaxyRG[TGx]">ActivateWindow(10025,&quot;plugin://plugin.googledrive/?action=_list_folder&amp;content_type=video&amp;driveid=0ANrkZPFUhkNsUk9PVA&amp;item_driveid=0ANrkZPFUhkNsUk9PVA&amp;item_id=1XOiriscRovSG6QbjIJ9tJ22MYla_KRYh&quot;,return)</favourite>
    <favourite name="A.Bridge.Too.Far.1977.1080p.BluRay.x265.HEVC.EAC3-SARTRE">ActivateWindow(10025,&quot;plugin://plugin.googledrive/?action=_list_folder&amp;content_type=video&amp;driveid=0ANrkZPFUhkNsUk9PVA&amp;item_driveid=0ANrkZPFUhkNsUk9PVA&amp;item_id=1VHhkfK3VS08abEofTuqZzW00SNQxBLrV&quot;,return)</favourite>
    <favourite name="Avatar Version Extendida [4K UHD 2160p HEVC X265][10BITS][DTS-5.1 Castellano DTS-5.1-Ingles+Subs][ES-EN]">ActivateWindow(10025,&quot;plugin://plugin.googledrive/?action=_list_folder&amp;content_type=video&amp;driveid=0ANrkZPFUhkNsUk9PVA&amp;item_driveid=0ANrkZPFUhkNsUk9PVA&amp;item_id=1IrmQFwBtL77T11bkW6Uvc22UU2BEyBte&quot;,return)</favourite>
    <favourite name="Escape.from.Pretoria.2020.1080p.10bit.BluRay.6CH.x265.HEVC-PSA">ActivateWindow(10025,&quot;plugin://plugin.googledrive/?action=_list_folder&amp;content_type=video&amp;driveid=0ANrkZPFUhkNsUk9PVA&amp;item_driveid=0ANrkZPFUhkNsUk9PVA&amp;item_id=1zcmRhMRto0dC4iVQuOLzaonftxSpGIn0&quot;,return)</favourite>
    <favourite name="The Fall of the Roman Empire 1964 720p BluRay AVC-mfcorrea">ActivateWindow(10025,&quot;plugin://plugin.googledrive/?action=_list_folder&amp;content_type=video&amp;driveid=0ANrkZPFUhkNsUk9PVA&amp;item_driveid=0ANrkZPFUhkNsUk9PVA&amp;item_id=1fhn7fkMgCtooMvh3uHuC4sKVKFYeIQKz&quot;,return)</favourite>
    <favourite name="The.Godfather.Trilogy.[ I. II. III ].1080p.BluRay.x264.anoXmous">ActivateWindow(10025,&quot;plugin://plugin.googledrive/?action=_list_folder&amp;content_type=video&amp;driveid=0ANrkZPFUhkNsUk9PVA&amp;item_driveid=0ANrkZPFUhkNsUk9PVA&amp;item_id=18KeX38J2OtoQclmyKdbMnDyp_EqQ95Fw&quot;,return)</favourite>
    <favourite name="Gone with the Wind (1939) 75th Anniversary Ultimate Collector&apos;s Edition ~ TombDoc">ActivateWindow(10025,&quot;plugin://plugin.googledrive/?action=_list_folder&amp;content_type=video&amp;driveid=0ANrkZPFUhkNsUk9PVA&amp;item_driveid=0ANrkZPFUhkNsUk9PVA&amp;item_id=1HOv3JTmVuGuxXxstscfwRTZ02gV3eFJu&quot;,return)</favourite>
    <favourite name="Harry Potter All Movies Collection (2001-2011) 720p Dual Audio Bluray [Hindi-English] - KartiKing">ActivateWindow(10025,&quot;plugin://plugin.googledrive/?action=_list_folder&amp;content_type=video&amp;driveid=0ANrkZPFUhkNsUk9PVA&amp;item_driveid=0ANrkZPFUhkNsUk9PVA&amp;item_id=1Aovu_XG_SuZ2czdbNhf88PSJMDZx9WSU&quot;,return)</favourite>
    <favourite name="The Hobbit - The Motion Picture Trilogy (2012-2014) Extended Edition ~ TombDoc">ActivateWindow(10025,&quot;plugin://plugin.googledrive/?action=_list_folder&amp;content_type=video&amp;driveid=0ANrkZPFUhkNsUk9PVA&amp;item_driveid=0ANrkZPFUhkNsUk9PVA&amp;item_id=1ywDicWQSVoqGqT9ADLgBbThNg33GvOtC&quot;,return)</favourite>
    <favourite name="Ice Age Collection (2002-2016) 1080p BluRay x264 Dual Audio [Hindi - English] ESub [MW]">ActivateWindow(10025,&quot;plugin://plugin.googledrive/?action=_list_folder&amp;content_type=video&amp;driveid=0ANrkZPFUhkNsUk9PVA&amp;item_driveid=0ANrkZPFUhkNsUk9PVA&amp;item_id=1gIof3VP792C3xAssZtSohQCwfb4lmbeU&quot;,return)</favourite>
    <favourite name="James Bond 007 Complete Collection 720p BluRay Dual Audio [Hindi - English 2.0] (1962 -2015)">ActivateWindow(10025,&quot;plugin://plugin.googledrive/?action=_list_folder&amp;content_type=video&amp;driveid=0ANrkZPFUhkNsUk9PVA&amp;item_driveid=0ANrkZPFUhkNsUk9PVA&amp;item_id=1s4JhkQ_C2-Rxiu7sbTt1HfNw8rO6X5m6&quot;,return)</favourite>
    <favourite name="Kati.Patang.1970.1080p.AMZN.WEB-Rip.DD+2.1.HEVC-DDR[EtHD]">ActivateWindow(10025,&quot;plugin://plugin.googledrive/?action=_list_folder&amp;content_type=video&amp;driveid=0ANrkZPFUhkNsUk9PVA&amp;item_driveid=0ANrkZPFUhkNsUk9PVA&amp;item_id=1xJBGW-bv92_9j8nNFscC2L0ddTeiq5v6&quot;,return)</favourite>
    <favourite name="The Lion King 1994-98-2004 Trilogy Dual Audio (Eng-Hindi) BRRIP GOPI SAHI PDR">ActivateWindow(10025,&quot;plugin://plugin.googledrive/?action=_list_folder&amp;content_type=video&amp;driveid=0ANrkZPFUhkNsUk9PVA&amp;item_driveid=0ANrkZPFUhkNsUk9PVA&amp;item_id=1omMqhCWWu2JCV0m8bFCpnbm18vQvsObv&quot;,return)</favourite>
    <favourite name="The Lord of the Rings Collection EXTENDED 1080p BluRay x264 Dual Audio [Hindi DD 5.1 - English DD 5.1] ESub [MW]">ActivateWindow(10025,&quot;plugin://plugin.googledrive/?action=_list_folder&amp;content_type=video&amp;driveid=0ANrkZPFUhkNsUk9PVA&amp;item_driveid=0ANrkZPFUhkNsUk9PVA&amp;item_id=1Lt5Vm6yup4UlLvJSdt-VMHok4cEWaWO9&quot;,return)</favourite>
    <favourite name="Love Ni Bhavai (2017) GUJARATI 720p Untouched NF WEB-DL DD5.1 FK">ActivateWindow(10025,&quot;plugin://plugin.googledrive/?action=_list_folder&amp;content_type=video&amp;driveid=0ANrkZPFUhkNsUk9PVA&amp;item_driveid=0ANrkZPFUhkNsUk9PVA&amp;item_id=1bo-8bZTUsNezzQWPICqy8_R7MwTCHy3A&quot;,return)</favourite>
    <favourite name="Mission Impossible - 6 Movie Collection (1996-2018) ~ TombDoc">ActivateWindow(10025,&quot;plugin://plugin.googledrive/?action=_list_folder&amp;content_type=video&amp;driveid=0ANrkZPFUhkNsUk9PVA&amp;item_driveid=0ANrkZPFUhkNsUk9PVA&amp;item_id=1iOKfhxzw8F5TJZUv4BF8uXjyHdjDgAuP&quot;,return)</favourite>
    <favourite name="Mr. Bean - The Complete Collection (1990-2007)">ActivateWindow(10025,&quot;plugin://plugin.googledrive/?action=_list_folder&amp;content_type=video&amp;driveid=0ANrkZPFUhkNsUk9PVA&amp;item_driveid=0ANrkZPFUhkNsUk9PVA&amp;item_id=144AJaZoe3c2CK9kbhpso5LYpABAtTqwJ&quot;,return)</favourite>
    <favourite name="Pirates of the Caribbean 5-Movie Collection (2003-2017) ~ TombDoc">ActivateWindow(10025,&quot;plugin://plugin.googledrive/?action=_list_folder&amp;content_type=video&amp;driveid=0ANrkZPFUhkNsUk9PVA&amp;item_driveid=0ANrkZPFUhkNsUk9PVA&amp;item_id=1BK8vRdvXEG4svRseTKW0FeVYQDh98Zd9&quot;,return)</favourite>
    <favourite name="The Raikar Case (2020) Voot Select Hindi 720p WEBRip x264. AAC">ActivateWindow(10025,&quot;plugin://plugin.googledrive/?action=_list_folder&amp;content_type=video&amp;driveid=0ANrkZPFUhkNsUk9PVA&amp;item_driveid=0ANrkZPFUhkNsUk9PVA&amp;item_id=12RRszdK3xb7XjmFFZ-kHoXaq8CnK8fPg&quot;,return)</favourite>
    <favourite name="The.Revolution">ActivateWindow(10025,&quot;plugin://plugin.googledrive/?action=_list_folder&amp;content_type=video&amp;driveid=0ANrkZPFUhkNsUk9PVA&amp;item_driveid=0ANrkZPFUhkNsUk9PVA&amp;item_id=18l2lh-pse5T5GA_d5i4-pDoqzwMEivMp&quot;,return)</favourite>
    <favourite name="The Shawshank Redemption (1994)">ActivateWindow(10025,&quot;plugin://plugin.googledrive/?action=_list_folder&amp;content_type=video&amp;driveid=0ANrkZPFUhkNsUk9PVA&amp;item_driveid=0ANrkZPFUhkNsUk9PVA&amp;item_id=18y3MqB6_rs9aK9vLgrKZmBqZaUZoo1se&quot;,return)</favourite>
    <favourite name="Spy Game (2001)">ActivateWindow(10025,&quot;plugin://plugin.googledrive/?action=_list_folder&amp;content_type=video&amp;driveid=0ANrkZPFUhkNsUk9PVA&amp;item_driveid=0ANrkZPFUhkNsUk9PVA&amp;item_id=1KqzR8hciDTiOKHJSftkdxWZhZr_qCB8h&quot;,return)</favourite>
    <favourite name="Star Wars 1977-2019 1080p BluRay x264 [Hindi DD5.1 + English DD5.1] ESub - MoviePirate - Telly">ActivateWindow(10025,&quot;plugin://plugin.googledrive/?action=_list_folder&amp;content_type=video&amp;driveid=0ANrkZPFUhkNsUk9PVA&amp;item_driveid=0ANrkZPFUhkNsUk9PVA&amp;item_id=164zpGsEo3uMny2dAAQ6wUx4aliFH9Fex&quot;,return)</favourite>
    <favourite name="Taken 1, 2, 3 Unrated Extended - Liam Neeson Action 2008-2014 Eng Ita Multi-Subs 1080p [H264-mp4]">ActivateWindow(10025,&quot;plugin://plugin.googledrive/?action=_list_folder&amp;content_type=video&amp;driveid=0ANrkZPFUhkNsUk9PVA&amp;item_driveid=0ANrkZPFUhkNsUk9PVA&amp;item_id=1HpGaNS18cm3aUl4SelE5W7oS7eEqneww&quot;,return)</favourite>
    <favourite name="Tarzan (1999) (1080p BluRay x265 HEVC 10bit AAC 5.0 Tigole)">ActivateWindow(10025,&quot;plugin://plugin.googledrive/?action=_list_folder&amp;content_type=video&amp;driveid=0ANrkZPFUhkNsUk9PVA&amp;item_driveid=0ANrkZPFUhkNsUk9PVA&amp;item_id=1Wgptn36VRlwcVh7UFk7M6DkS9dYfdZHP&quot;,return)</favourite>
    <favourite name="Taxi.Driver.1976.Remastered.1080p.BluRay.x265.HEVC.EAC3-SARTRE">ActivateWindow(10025,&quot;plugin://plugin.googledrive/?action=_list_folder&amp;content_type=video&amp;driveid=0ANrkZPFUhkNsUk9PVA&amp;item_driveid=0ANrkZPFUhkNsUk9PVA&amp;item_id=123N_yHQ1GBXMIaz3b-pLy_h3yTkR0Pja&quot;,return)</favourite>
    <favourite name="Bollywood 1080p 720p Mega Pack AVC AAC [XMR Exclusive]">ActivateWindow(10025,&quot;plugin://plugin.video.gdrive/?content_type=video&amp;epath=%2fBollywood%201080p%20720p%20Mega%20Pack%20AVC%20AAC%20%5bXMR%20Exclusive%5d%2f&amp;folder=1WavIbHzxbYdF_OOTXILXTdoKpfbUG6nl&amp;instance=gdrive1&amp;mode=index&quot;,return)</favourite>
    <favourite name="Bollywood Movies Pack  HQ 1080P Bluray">ActivateWindow(10025,&quot;plugin://plugin.video.gdrive/?content_type=video&amp;epath=%2fBollywood%20Movies%20Pack%20%20HQ%201080P%20Bluray%2f&amp;folder=1oY7U_dvzGiG-tP0pXRYJXcWPnVCnJ-I4&amp;instance=gdrive1&amp;mode=index&quot;,return)</favourite>
    <favourite name="Bollywood Movies Pack  HQ 1080P Bluray">ActivateWindow(10025,&quot;plugin://plugin.video.gdrive/?content_type=video&amp;epath=%2fBollywood%20Movies%20Pack%20%20HQ%201080P%20Bluray%2f&amp;folder=1l7SgrUAr4h5MeHcIkLJJ7D61hqfE-dVg&amp;instance=gdrive1&amp;mode=index&quot;,return)</favourite>
    <favourite name="Bollywood Movies Pack  HQ 1080P Bluray">ActivateWindow(10025,&quot;plugin://plugin.video.gdrive/?content_type=video&amp;epath=%2fBollywood%20Movies%20Pack%20%20HQ%201080P%20Bluray%2f&amp;folder=1jiap3blb-vmhwLt6cNLhvDvp2zzOudkJ&amp;instance=gdrive1&amp;mode=index&quot;,return)</favourite>
    <favourite name="Jason Bourne collection (2002-2016) Bluray 1080p 10bit x265 PSA Hindi DD5.1 + English by LAWDA">ActivateWindow(10025,&quot;plugin://plugin.video.gdrive/?content_type=video&amp;epath=%2fJason%20Bourne%20collection%20(2002-2016)%20Bluray%201080p%2010bit%20x265%20PSA%20Hindi%20DD5.1%20%2b%20English%20by%20LAWDA%2f&amp;folder=1DYDZPa4VR0g_vojE2hU93oiXrM_OnoSm&amp;instance=gdrive1&amp;mode=index&quot;,return)</favourite>
    <favourite name="Padosan (1968) Hindi - 1080p AMZN WEB-DL - AVC- DDP 2.0 - ESubs - Sun George - DrC">ActivateWindow(10025,&quot;plugin://plugin.video.gdrive/?content_type=video&amp;epath=%2fPadosan%20(1968)%20Hindi%20-%201080p%20AMZN%20WEB-DL%20-%20AVC-%20DDP%202.0%20-%20ESubs%20-%20Sun%20George%20-%20DrC%2f&amp;folder=1wGTeUtQOwO9Dig42YEtAQV1FLbUXdOoR&amp;instance=gdrive1&amp;mode=index&quot;,return)</favourite>
    <favourite name="Predator 6-Movie Collection (1987-2018) 1080p 10bit Bluray x265 HEVC [Org BD / DD 5.1 Hindi + AAC/DD 5.1 English] MSubs ~ RARBG/TombDoc">ActivateWindow(10025,&quot;plugin://plugin.video.gdrive/?content_type=video&amp;epath=%2fPredator%206-Movie%20Collection%20(1987-2018)%201080p%2010bit%20Bluray%20x265%20HEVC%20%5bOrg%20BD%20%2f%20DD%205.1%20Hindi%20%2b%20AAC%2fDD%205.1%20English%5d%20MSubs%20%7e%20RARBG%2fTombDoc%2f&amp;folder=1ZdcZ5FlmnSz4hbIjtLB51FppT2VGjjDr&amp;instance=gdrive1&amp;mode=index&quot;,return)</favourite>
    <favourite name="Star Trek (I-XI) Bluray 1080p AVC TrueHD 5.1-DIY@HDStar">ActivateWindow(10025,&quot;plugin://plugin.video.gdrive/?content_type=video&amp;epath=%2fStar%20Trek%20(I-XI)%20Bluray%201080p%20AVC%20TrueHD%205.1-DIY%40HDStar%2f&amp;folder=1NkrmlohG2haj6MMM6xcEF_aKNbmz40Y5&amp;instance=gdrive1&amp;mode=index&quot;,return)</favourite>
    <favourite name="The Terminator Collection (1984-2019) 6- Movie Collection 1080p10bit ~ TombDoc">ActivateWindow(10025,&quot;plugin://plugin.video.gdrive/?content_type=video&amp;epath=%2fThe%20Terminator%20Collection%20(1984-2019)%206-%20Movie%20Collection%201080p10bit%20%7e%20TombDoc%2f&amp;folder=1PBbUtpGa0fq1DAH5Lt2dZZd4z_6xJzXc&amp;instance=gdrive1&amp;mode=index&quot;,return)</favourite>
    <favourite name="Sholay 1975 1080p TS WEB-DL H264 AAC -Ranvijay - DUSICTV.mkv" thumb="https://lh3.googleusercontent.com/KOa2qtrhh3xRR0H1nw0pl5Oe1nhs-1cSmJ12qp-woDgA5ZH7B_2GU8cx8mOM88uedIbbEh3dyVM=s220">PlayMedia(&quot;plugin://plugin.video.gdrive/?mode=video&amp;instance=gdrive1&amp;folder=0AMQP-8gNxWfaUk9PVA&amp;filename=1BF10joPI9YvVvyk9VzCmsCcq_P7QEYAP&amp;title=Sholay+1975+1080p+TS+WEB-DL+H264+AAC+-Ranvijay+-+DUSICTV.mkv&amp;content_type=video&quot;)</favourite>
    <favourite name="Transformers 5-Movie Collection (2007-2017) \nIMAX 1080p 10bit Bluray x265 HEVC Org DD 5.1 Hindi + DD 5.1 English MSubs ~ TombDoc">ActivateWindow(10025,&quot;plugin://plugin.video.gdrive/?content_type=video&amp;epath=%2fTransformers%205-Movie%20Collection%20(2007-2017)%20%5cnIMAX%201080p%2010bit%20Bluray%20x265%20HEVC%20Org%20DD%205.1%20Hindi%20%2b%20DD%205.1%20English%20MSubs%20%7e%20TombDoc%2f&amp;folder=1DZQV03gb6bqzufNiXkI-sXBA2AdXF6gO&amp;instance=gdrive1&amp;mode=index&quot;,return)</favourite>

</favourites>
