<favourites>
    <favourite name="Stand Up Comedy">ActivateWindow(10025,&quot;plugin://plugin.googledrive/?action=listfolder&amp;contenttype=video&amp;driveid=0ABqcOIJGMM79Uk9PVA&amp;itemdriveid=0ABqcOIJGMM79Uk9PVA&amp;itemid=1728Gu7mInNpCgJScFMOSO9kXO52LGe0&quot;,return)</favourite>
    <favourite name="George Carlin - All My Stuff + Extras">ActivateWindow(10025,&quot;plugin://plugin.googledrive/?action=listfolder&amp;contenttype=video&amp;driveid=0ABqcOIJGMM79Uk9PVA&amp;itemdriveid=0ABqcOIJGMM79Uk9PVA&amp;itemid=1E28vXCz4r-Mf5UyVyyqLKjzwlFNLESQL&quot;,return)</favourite>
    <favourite name="True Detective Season 1 ">ActivateWindow(10025,&quot;plugin://plugin.googledrive/?action=listfolder&amp;contenttype=video&amp;driveid=0ABqcOIJGMM79Uk9PVA&amp;itemdriveid=0ABqcOIJGMM79Uk9PVA&amp;itemid=1UaY076SgbTr69VFrnl5zgkZSfI2vXrEZ&quot;,return)</favourite>
    <favourite name="True Detective Season 3 ">ActivateWindow(10025,&quot;plugin://plugin.googledrive/?action=listfolder&amp;contenttype=video&amp;driveid=0ABqcOIJGMM79Uk9PVA&amp;itemdriveid=0ABqcOIJGMM79Uk9PVA&amp;itemid=1aN4P1PAVFV2T5H1OvJxJ8fyyC4IkYC&quot;,return)</favourite>
    <favourite name="Tunnel (2017) S01">ActivateWindow(10025,&quot;plugin://plugin.googledrive/?action=listfolder&amp;contenttype=video&amp;driveid=0ABqcOIJGMM79Uk9PVA&amp;itemdriveid=0ABqcOIJGMM79Uk9PVA&amp;itemid=1IcQG1IpKrsj3peB94lE5W2XBayNQesjY&quot;,return)</favourite>
    <favourite name="The.Walking.Dead.S01-S07.Season.1-7">ActivateWindow(10025,&quot;plugin://plugin.googledrive/?action=listfolder&amp;contenttype=video&amp;driveid=0ABqcOIJGMM79Uk9PVA&amp;itemdriveid=0ABqcOIJGMM79Uk9PVA&amp;itemid=1v179dJjM4LTPxPaDZVHI4z1MRezOunV&quot;,return)</favourite>
    <favourite name="World War 2 In Color">ActivateWindow(10025,&quot;plugin://plugin.googledrive/?action=listfolder&amp;contenttype=video&amp;driveid=0ABqcOIJGMM79Uk9PVA&amp;itemdriveid=0ABqcOIJGMM79Uk9PVA&amp;itemid=1Th8kGcDfkuD-D0DGgfpy54c1TLjPGzz&quot;,return)</favourite>
    <favourite name="Special Ops Season 1 (2020)">ActivateWindow(10025,&quot;plugin://plugin.googledrive/?action=listfolder&amp;contenttype=video&amp;driveid=0ABqcOIJGMM79Uk9PVA&amp;itemdriveid=0ABqcOIJGMM79Uk9PVA&amp;itemid=1oYgUdUiXREvw-RY7I2omMkx15kzg4tFP&quot;,return)</favourite>
    <favourite name="Money Heist S03E01">ActivateWindow(10025,&quot;plugin://plugin.googledrive/?action=listfolder&amp;contenttype=video&amp;driveid=0ABqcOIJGMM79Uk9PVA&amp;itemdriveid=0ABqcOIJGMM79Uk9PVA&amp;itemid=1NR6hbNIAxnPnwJRMHHqlEIGoNy5FgxE&quot;,return)</favourite>
    <favourite name="Afsos 2020 S01 AAC 5.1">ActivateWindow(10025,&quot;plugin://plugin.googledrive/?action=listfolder&amp;contenttype=video&amp;driveid=0ANrkZPFUhkNsUk9PVA&amp;itemdriveid=0ANrkZPFUhkNsUk9PVA&amp;itemid=16GJ-pB24tOX5HWcbREp897asq7N3lfNM&quot;,return)</favourite>
    <favourite name="Afsos Season 01 Complete">ActivateWindow(10025,&quot;plugin://plugin.googledrive/?action=listfolder&amp;contenttype=video&amp;driveid=0ANrkZPFUhkNsUk9PVA&amp;itemdriveid=0ANrkZPFUhkNsUk9PVA&amp;itemid=1xCOjZuakyaSiNNxkrnWnMKnhy1rKB-sT&quot;,return)</favourite>
    <favourite name="BrainGames2011Season01">ActivateWindow(10025,&quot;plugin://plugin.googledrive/?action=listfolder&amp;contenttype=video&amp;driveid=0ANrkZPFUhkNsUk9PVA&amp;itemdriveid=0ANrkZPFUhkNsUk9PVA&amp;itemid=16fkEgOVKzWRUPm0MTzeiu1kua0rDx0XE&quot;,return)</favourite>
    <favourite name="Delhi Crime S01">ActivateWindow(10025,&quot;plugin://plugin.googledrive/?action=listfolder&amp;contenttype=video&amp;driveid=0ANrkZPFUhkNsUk9PVA&amp;itemdriveid=0ANrkZPFUhkNsUk9PVA&amp;itemid=1ZJ64r5hx4CM46swiwrDXbQSY3HKD-aUs&quot;,return)</favourite>
    <favourite name="The Big Bang Theory (2007) Season 12">ActivateWindow(10025,&quot;plugin://plugin.googledrive/?action=listfolder&amp;contenttype=video&amp;driveid=0AKDLom8gYfUk9PVA&amp;itemdriveid=0AKDLom8gYfUk9PVA&amp;itemid=1xZF06bk653WxiUYGvK-85UxVezito8rv&quot;,return)</favourite>
    <favourite name="The Big Bang Theory 2010 - 5ª ">ActivateWindow(10025,&quot;plugin://plugin.googledrive/?action=listfolder&amp;contenttype=video&amp;driveid=0AKDLom8gYfUk9PVA&amp;itemdriveid=0AKDLom8gYfUk9PVA&amp;itemid=1b9Cmgav9zUzkl04TPNND1vZ3w1OFmJ&quot;,return)</favourite>
    <favourite name="The Big Bang Theory 2011 - 6ª ">ActivateWindow(10025,&quot;plugin://plugin.googledrive/?action=listfolder&amp;contenttype=video&amp;driveid=0AKDLom8gYfUk9PVA&amp;itemdriveid=0AKDLom8gYfUk9PVA&amp;itemid=1n9dgu7Yf9XZyw3iLm-XHu9vararSTvOr&quot;,return)</favourite>
    <favourite name="The Big Bang Theory 2012 - 7ª ">ActivateWindow(10025,&quot;plugin://plugin.googledrive/?action=listfolder&amp;contenttype=video&amp;driveid=0AKDLom8gYfUk9PVA&amp;itemdriveid=0AKDLom8gYfUk9PVA&amp;itemid=18FmZAXiMKXbXx5A38p1MfxQqEFiXL2G&quot;,return)</favourite>
    <favourite name="The Big Bang Theory 2013 - 8ª ">ActivateWindow(10025,&quot;plugin://plugin.googledrive/?action=listfolder&amp;contenttype=video&amp;driveid=0AKDLom8gYfUk9PVA&amp;itemdriveid=0AKDLom8gYfUk9PVA&amp;itemid=1NtzE12bBzFrNj53rpy3R00t7J2ygvNeU&quot;,return)</favourite>
    <favourite name="The Big Bang Theory 2014 - 9ª ">ActivateWindow(10025,&quot;plugin://plugin.googledrive/?action=listfolder&amp;contenttype=video&amp;driveid=0AKDLom8gYfUk9PVA&amp;itemdriveid=0AKDLom8gYfUk9PVA&amp;itemid=1VRoWv8nEo-2ZSYI9ESDTlV-D7NgRZs-&quot;,return)</favourite>
    <favourite name="The Big Bang Theory 2015 - 10ª ">ActivateWindow(10025,&quot;plugin://plugin.googledrive/?action=listfolder&amp;contenttype=video&amp;driveid=0AKDLom8gYfUk9PVA&amp;itemdriveid=0AKDLom8gYfUk9PVA&amp;itemid=1xVjqiikJxDb8wb1-zq-yrvFGRXUbPUH&quot;,return)</favourite>
    <favourite name="The Big Bang Theory 2017 - 11ª ">ActivateWindow(10025,&quot;plugin://plugin.googledrive/?action=listfolder&amp;contenttype=video&amp;driveid=0AKDLom8gYfUk9PVA&amp;itemdriveid=0AKDLom8gYfUk9PVA&amp;itemid=11RThgvs2QqNv9HJ69s7XPqH4o1EvwOP-&quot;,return)</favourite>
    <favourite name="Mahabharat (2013) - 268 Episodes - ">ActivateWindow(10025,&quot;plugin://plugin.googledrive/?action=listfolder&amp;contenttype=video&amp;driveid=0AKDLom8gYfUk9PVA&amp;itemdriveid=0AKDLom8gYfUk9PVA&amp;itemid=1LOSR8rrhp5szudrl4o5E3dnWOs9zZ0&quot;,return)</favourite>
    <favourite name="The Mandalorian Season 1 Complete">ActivateWindow(10025,&quot;plugin://plugin.googledrive/?action=listfolder&amp;contenttype=video&amp;driveid=0AKDLom8gYfUk9PVA&amp;itemdriveid=0AKDLom8gYfUk9PVA&amp;itemid=1t61FMQK63C5-Dh1129YL2VBZK5VQ2Dr&quot;,return)</favourite>
    <favourite name="Marco.Polo.2014.Season.1.Complete">ActivateWindow(10025,&quot;plugin://plugin.googledrive/?action=listfolder&amp;contenttype=video&amp;driveid=0AKDLom8gYfUk9PVA&amp;itemdriveid=0AKDLom8gYfUk9PVA&amp;itemid=1dSS-xSiKm36bYl2hwFBobeOj4ycqK7eJ&quot;,return)</favourite>
    <favourite name="MONEY HEIST SEASON (1-4) ">ActivateWindow(10025,&quot;plugin://plugin.googledrive/?action=listfolder&amp;contenttype=video&amp;driveid=0AKDLom8gYfUk9PVA&amp;itemdriveid=0AKDLom8gYfUk9PVA&amp;itemid=1U3tdLvLip1NzcITftEUGZ7LAZfhnxg&quot;,return)</favourite>
    <favourite name="Ramayan (1987) Season 1 Complete Extras">ActivateWindow(10025,&quot;plugin://plugin.googledrive/?action=listfolder&amp;contenttype=video&amp;driveid=0AKDLom8gYfUk9PVA&amp;itemdriveid=0AKDLom8gYfUk9PVA&amp;itemid=1gmUBc6rcGp9EpWoqCBTtWYgFg-NLsaGR&quot;,return)</favourite>
    <favourite name="Russell Peters">ActivateWindow(10025,&quot;plugin://plugin.googledrive/?action=listfolder&amp;contenttype=video&amp;driveid=0AKDLom8gYfUk9PVA&amp;itemdriveid=0AKDLom8gYfUk9PVA&amp;itemid=1X4EraGOT8BxX6M6phbtyXJurm6nU12d3&quot;,return)</favourite>
    <favourite name="The Sopranos - The Complete  (Season 1, 2, 3, 4, 5 , 6) + Extras">ActivateWindow(10025,&quot;plugin://plugin.googledrive/?action=listfolder&amp;contenttype=video&amp;driveid=0AKDLom8gYfUk9PVA&amp;itemdriveid=0AKDLom8gYfUk9PVA&amp;itemid=1G2HQHJ56D8siQpc7kHAZBgqTXKhyZbE&quot;,return)</favourite>
    <favourite name="Space Force (2020) Season 1 S01">ActivateWindow(10025,&quot;plugin://plugin.googledrive/?action=listfolder&amp;contenttype=video&amp;driveid=0AKDLom8gYfUk9PVA&amp;itemdriveid=0AKDLom8gYfUk9PVA&amp;itemid=1AiSr9BHeg9li71NtIuH0ZOocIXxG4OMp&quot;,return)</favourite>
    <favourite name="Spartacus.Season.1-4.Complete">ActivateWindow(10025,&quot;plugin://plugin.googledrive/?action=listfolder&amp;contenttype=video&amp;driveid=0AKDLom8gYfUk9PVA&amp;itemdriveid=0AKDLom8gYfUk9PVA&amp;itemid=1Qc5uXpYaMhvy4UfwN4f3Pfq35Xb1Cy0I&quot;,return)</favourite>
    <favourite name="Taarak Mehta Ka Ooltah Chashmah 2000 Ep.">ActivateWindow(10025,&quot;plugin://plugin.googledrive/?action=listfolder&amp;contenttype=video&amp;driveid=0AKDLom8gYfUk9PVA&amp;itemdriveid=0AKDLom8gYfUk9PVA&amp;itemid=1cFheuSoqq4N8c0jmuT9kMK6WRw1jKdQ&quot;,return)</favourite>
    <favourite name="True Detective Season 1 ">ActivateWindow(10025,&quot;plugin://plugin.googledrive/?action=listfolder&amp;contenttype=video&amp;driveid=0AKDLom8gYfUk9PVA&amp;itemdriveid=0AKDLom8gYfUk9PVA&amp;itemid=1wplYj8Pa8VRZsw3HrvW65msQgVPwy4bQ&quot;,return)</favourite>
    <favourite name="True Detective Season 2  )">ActivateWindow(10025,&quot;plugin://plugin.googledrive/?action=listfolder&amp;contenttype=video&amp;driveid=0AKDLom8gYfUk9PVA&amp;itemdriveid=0AKDLom8gYfUk9PVA&amp;itemid=1cgQlegrgsXGTxny4QKNXBMVxkj1XZ15&quot;,return)</favourite>
    <favourite name="True Detective Season 3 ">ActivateWindow(10025,&quot;plugin://plugin.googledrive/?action=listfolder&amp;contenttype=video&amp;driveid=0AKDLom8gYfUk9PVA&amp;itemdriveid=0AKDLom8gYfUk9PVA&amp;itemid=1YaPuzofQHtYQ2gLVftinVu2EUvC6qidU&quot;,return)</favourite>
    <favourite name="White.Collar.S01">ActivateWindow(10025,&quot;plugin://plugin.googledrive/?action=listfolder&amp;contenttype=video&amp;driveid=0AKDLom8gYfUk9PVA&amp;itemdriveid=0AKDLom8gYfUk9PVA&amp;itemid=1ljpiZ768D-377YcaQBoxNzkBengvt565&quot;,return)</favourite>
    <favourite name="The Wire Season 1, 2, 3, 4 , 5 Complete Collection">ActivateWindow(10025,&quot;plugin://plugin.googledrive/?action=listfolder&amp;contenttype=video&amp;driveid=0AKDLom8gYfUk9PVA&amp;itemdriveid=0AKDLom8gYfUk9PVA&amp;itemid=1VQ4u3e-6yra74Tp4KkQIIUD18Ij8zJA&quot;,return)</favourite>
    <favourite name="The.Wire.Season.01.S01.Complete.REMASTERED ">ActivateWindow(10025,&quot;plugin://plugin.googledrive/?action=listfolder&amp;contenttype=video&amp;driveid=0AKDLom8gYfUk9PVA&amp;itemdriveid=0AKDLom8gYfUk9PVA&amp;itemid=1nZjHU5o3ySrpYi79bZwmyQv1kD7yot&quot;,return)</favourite>
    <favourite name="The.Wire.Season.02.S02.Complete.REMASTERED ">ActivateWindow(10025,&quot;plugin://plugin.googledrive/?action=listfolder&amp;contenttype=video&amp;driveid=0AKDLom8gYfUk9PVA&amp;itemdriveid=0AKDLom8gYfUk9PVA&amp;itemid=1W8QbpYW EnKxiHxu3NE3q5xukCL52&quot;,return)</favourite>
    <favourite name="The.Wire.Season.03.S03.Complete.REMASTERED ">ActivateWindow(10025,&quot;plugin://plugin.googledrive/?action=listfolder&amp;contenttype=video&amp;driveid=0AKDLom8gYfUk9PVA&amp;itemdriveid=0AKDLom8gYfUk9PVA&amp;itemid=1D-2SNXCJFO7-K1IRRIEpcJrmlwgURGm&quot;,return)</favourite>
    <favourite name="The.Wire.Season.04.S04.Complete.REMASTERED ">ActivateWindow(10025,&quot;plugin://plugin.googledrive/?action=listfolder&amp;contenttype=video&amp;driveid=0AKDLom8gYfUk9PVA&amp;itemdriveid=0AKDLom8gYfUk9PVA&amp;itemid=1Nmfr4sqXhZ-l3i5q7XZ4EDHKFQQTR02a&quot;,return)</favourite>
    <favourite name="The.Wire.Season.05.S05.Complete.REMASTERED ">ActivateWindow(10025,&quot;plugin://plugin.googledrive/?action=listfolder&amp;contenttype=video&amp;driveid=0AKDLom8gYfUk9PVA&amp;itemdriveid=0AKDLom8gYfUk9PVA&amp;itemid=1MVPsjApPyNckT6BKdNX4nvyu-xt3WnxF&quot;,return)</favourite>
    <favourite name="Game of Thrones - English Complete Seasons (1 to 8) - BD - 37GB - Esub">ActivateWindow(10025,&quot;plugin://plugin.googledrive/?action=listfolder&amp;contenttype=video&amp;driveid=0AKDLom8gYfUk9PVA&amp;itemdriveid=0AKDLom8gYfUk9PVA&amp;itemid=1BAgrmeBH3O8Ek7zLbOaLo5NSvQNTQ4X&quot;,return)</favourite>
    <favourite name="Seinfield (1989) Season 1-9 S01-S09">ActivateWindow(10025,&quot;plugin://plugin.googledrive/?action=listfolder&amp;contenttype=video&amp;driveid=0ANgoWj5UEcVLUk9PVA&amp;itemdriveid=0ANgoWj5UEcVLUk9PVA&amp;itemid=1oIyzMkFDqgvukN6lI-8qDqjxNlWS6-Vd&quot;,return)</favourite>
    <favourite name="Two and a Half Men">ActivateWindow(10025,&quot;plugin://plugin.googledrive/?action=listfolder&amp;contenttype=video&amp;driveid=0ANgoWj5UEcVLUk9PVA&amp;itemdriveid=0ANgoWj5UEcVLUk9PVA&amp;itemid=1QQ1DzQpyeYVxgrvbmD8FdIz0YHXqfg2h&quot;,return)</favourite>
    <favourite name="Under The Sea (2009) [3D]">ActivateWindow(10025,&quot;plugin://plugin.googledrive/?action=listfolder&amp;contenttype=video&amp;driveid=0ANgoWj5UEcVLUk9PVA&amp;itemdriveid=0ANgoWj5UEcVLUk9PVA&amp;itemid=1k-w3bcg-yArxLtIqLefwJwBuRrTLqvth&quot;,return)</favourite>
    <favourite name="Versailles 2015 S01">ActivateWindow(10025,&quot;plugin://plugin.googledrive/?action=listfolder&amp;contenttype=video&amp;driveid=0ANgoWj5UEcVLUk9PVA&amp;itemdriveid=0ANgoWj5UEcVLUk9PVA&amp;itemid=1QTZyq1PjlsOJTBWtMBIzVGpTIVQHeruE&quot;,return)</favourite>
    <favourite name="Versailles 2015 S02">ActivateWindow(10025,&quot;plugin://plugin.googledrive/?action=listfolder&amp;contenttype=video&amp;driveid=0ANgoWj5UEcVLUk9PVA&amp;itemdriveid=0ANgoWj5UEcVLUk9PVA&amp;itemid=1rrRDYnsrvmb4A b1MQE9h114ChQzxuC&quot;,return)</favourite>
    <favourite name="24 S01 COMPLETE Season 1 ">ActivateWindow(10025,&quot;plugin://plugin.googledrive/?action=listfolder&amp;contenttype=video&amp;driveid=0ANrkZPFUhkNsUk9PVA&amp;itemdriveid=0ANrkZPFUhkNsUk9PVA&amp;itemid=1mS05BUd1NL2wHc-R3Iqp1mkXylXFotRF&quot;,return)</favourite>
    <favourite name="24 (2001) Season 1 S01">ActivateWindow(10025,&quot;plugin://plugin.googledrive/?action=listfolder&amp;contenttype=video&amp;driveid=0ABqcOIJGMM79Uk9PVA&amp;itemdriveid=0ABqcOIJGMM79Uk9PVA&amp;itemid=1Vk5XDs8Q7Pa7iCEvmHVMPfQS9Jv2cqz&quot;,return)</favourite>
    <favourite name="24 (2001) Season 2 S02">ActivateWindow(10025,&quot;plugin://plugin.googledrive/?action=listfolder&amp;contenttype=video&amp;driveid=0ABqcOIJGMM79Uk9PVA&amp;itemdriveid=0ABqcOIJGMM79Uk9PVA&amp;itemid=1-ihKgit7dMw--Ixnk-1myOK-XSk1Sv&quot;,return)</favourite>
    <favourite name="24 (2001) Season 4 S04">ActivateWindow(10025,&quot;plugin://plugin.googledrive/?action=listfolder&amp;contenttype=video&amp;driveid=0ABqcOIJGMM79Uk9PVA&amp;itemdriveid=0ABqcOIJGMM79Uk9PVA&amp;itemid=1n-aZcHTltv7trNe7rlVZEXnGDwrBlF4W&quot;,return)</favourite>
    <favourite name="24 (2001) Season 5 S05">ActivateWindow(10025,&quot;plugin://plugin.googledrive/?action=listfolder&amp;contenttype=video&amp;driveid=0ABqcOIJGMM79Uk9PVA&amp;itemdriveid=0ABqcOIJGMM79Uk9PVA&amp;itemid=1kn-0lMkxyXq8Xil2oEYES5vuIuTAxB0n&quot;,return)</favourite>
    <favourite name="24 (2001) Season 6 S06">ActivateWindow(10025,&quot;plugin://plugin.googledrive/?action=listfolder&amp;contenttype=video&amp;driveid=0ABqcOIJGMM79Uk9PVA&amp;itemdriveid=0ABqcOIJGMM79Uk9PVA&amp;itemid=1lUG4-AvCy1Iq-Di9AMesw6dElwnC2sT&quot;,return)</favourite>
    <favourite name="24 (2001) Season 8 S08">ActivateWindow(10025,&quot;plugin://plugin.googledrive/?action=listfolder&amp;contenttype=video&amp;driveid=0ABqcOIJGMM79Uk9PVA&amp;itemdriveid=0ABqcOIJGMM79Uk9PVA&amp;itemid=1llCredF8SuJpuvZl4Jfwo9H6Kt4k-bDx&quot;,return)</favourite>
    <favourite name="Altered Carbon Season 1">ActivateWindow(10025,&quot;plugin://plugin.googledrive/?action=listfolder&amp;contenttype=video&amp;driveid=0ABqcOIJGMM79Uk9PVA&amp;itemdriveid=0ABqcOIJGMM79Uk9PVA&amp;itemid=12wLC26-INcrZDmWlVG47SGNYFK5UIkM&quot;,return)</favourite>
    <favourite name="Altered Carbon (2018) S02">ActivateWindow(10025,&quot;plugin://plugin.googledrive/?action=listfolder&amp;contenttype=video&amp;driveid=0ABqcOIJGMM79Uk9PVA&amp;itemdriveid=0ABqcOIJGMM79Uk9PVA&amp;itemid=1I9I4E88tGt6TbJdGD8cFVntDQ8LVok&quot;,return)</favourite>
    <favourite name="Ancient Aliens - Season 12">ActivateWindow(10025,&quot;plugin://plugin.googledrive/?action=listfolder&amp;contenttype=video&amp;driveid=0ABqcOIJGMM79Uk9PVA&amp;itemdriveid=0ABqcOIJGMM79Uk9PVA&amp;itemid=1igACOXlItMACYzIP3zk8QSK5gftQIZK&quot;,return)</favourite>
    <favourite name="The Big Bang Theory Season 1 - 12">ActivateWindow(10025,&quot;plugin://plugin.googledrive/?action=listfolder&amp;contenttype=video&amp;driveid=0ABqcOIJGMM79Uk9PVA&amp;itemdriveid=0ABqcOIJGMM79Uk9PVA&amp;itemid=14CDbacUuxh-MQy-rkxBIeRe1C8nePoW&quot;,return)</favourite>
    <favourite name="Black Sails Season 1 (S01) Complete ">ActivateWindow(10025,&quot;plugin://plugin.googledrive/?action=listfolder&amp;contenttype=video&amp;driveid=0ABqcOIJGMM79Uk9PVA&amp;itemdriveid=0ABqcOIJGMM79Uk9PVA&amp;itemid=1ZDmrZ668k1L4lwom6iQ-EBvT9PdpYo7M&quot;,return)</favourite>
    <favourite name="Black Sails Season 2 (S02) Complete ">ActivateWindow(10025,&quot;plugin://plugin.googledrive/?action=listfolder&amp;contenttype=video&amp;driveid=0ABqcOIJGMM79Uk9PVA&amp;itemdriveid=0ABqcOIJGMM79Uk9PVA&amp;itemid=1RKAPFlM36NvK3nNWhL4XGZljmzQJ2lZ0&quot;,return)</favourite>
    <favourite name="Black Sails Season 3 (S03) Complete ">ActivateWindow(10025,&quot;plugin://plugin.googledrive/?action=listfolder&amp;contenttype=video&amp;driveid=0ABqcOIJGMM79Uk9PVA&amp;itemdriveid=0ABqcOIJGMM79Uk9PVA&amp;itemid=1HtavX9VSHVWrRRiK6V18AYbChI2vn55Y&quot;,return)</favourite>
    <favourite name="Black Sails (2014) Season 4 S04 + Extras">ActivateWindow(10025,&quot;plugin://plugin.googledrive/?action=listfolder&amp;contenttype=video&amp;driveid=0ABqcOIJGMM79Uk9PVA&amp;itemdriveid=0ABqcOIJGMM79Uk9PVA&amp;itemid=1KVwgjFrvBpLe6Q8pEanGHmkV8yWZOjVS&quot;,return)</favourite>
    <favourite name="Black Sails Season 4 (S04) Complete ">ActivateWindow(10025,&quot;plugin://plugin.googledrive/?action=listfolder&amp;contenttype=video&amp;driveid=0ABqcOIJGMM79Uk9PVA&amp;itemdriveid=0ABqcOIJGMM79Uk9PVA&amp;itemid=1mge3FiLkzXH12urUA7iRFOUuxrbLbl9&quot;,return)</favourite>
    <favourite name="The Forgotten Army Azaadi Ke Liye S01">ActivateWindow(10025,&quot;plugin://plugin.googledrive/?action=listfolder&amp;contenttype=video&amp;driveid=0ABqcOIJGMM79Uk9PVA&amp;itemdriveid=0ABqcOIJGMM79Uk9PVA&amp;itemid=1nBV7xKh0TNl7Q6a2GVU-B3F6rgCyyZep&quot;,return)</favourite>
    <favourite name="Friends Season 9)">ActivateWindow(10025,&quot;plugin://plugin.googledrive/?action=listfolder&amp;contenttype=video&amp;driveid=0ABqcOIJGMM79Uk9PVA&amp;itemdriveid=0ABqcOIJGMM79Uk9PVA&amp;itemid=1kv9UXJq5QZbikgwMdKgfeVy9mGMDLzX&quot;,return)</favourite>
    <favourite name="Friends Season 6)">ActivateWindow(10025,&quot;plugin://plugin.googledrive/?action=listfolder&amp;contenttype=video&amp;driveid=0ABqcOIJGMM79Uk9PVA&amp;itemdriveid=0ABqcOIJGMM79Uk9PVA&amp;itemid=1jv1PdivvlqZm939cflWooF7GVx5BdwR1&quot;,return)</favourite>
    <favourite name="Friends Season 2)">ActivateWindow(10025,&quot;plugin://plugin.googledrive/?action=listfolder&amp;contenttype=video&amp;driveid=0ABqcOIJGMM79Uk9PVA&amp;itemdriveid=0ABqcOIJGMM79Uk9PVA&amp;itemid=14GZHOO7lLLgVFVL6ihpEvUmqIYZlu8Hh&quot;,return)</favourite>
    <favourite name="Friends Season 1)">ActivateWindow(10025,&quot;plugin://plugin.googledrive/?action=listfolder&amp;contenttype=video&amp;driveid=0ABqcOIJGMM79Uk9PVA&amp;itemdriveid=0ABqcOIJGMM79Uk9PVA&amp;itemid=1swSIILv5xPtoHV5DrV70JGjTdE1tzKR1&quot;,return)</favourite>
    <favourite name="Frontier (2016) S01">ActivateWindow(10025,&quot;plugin://plugin.googledrive/?action=listfolder&amp;contenttype=video&amp;driveid=0ABqcOIJGMM79Uk9PVA&amp;itemdriveid=0ABqcOIJGMM79Uk9PVA&amp;itemid=13Gp4fift6DZkvxIld7EMB7-BjPjDdSEH&quot;,return)</favourite>
    <favourite name="Frontier (2016) S02">ActivateWindow(10025,&quot;plugin://plugin.googledrive/?action=listfolder&amp;contenttype=video&amp;driveid=0ABqcOIJGMM79Uk9PVA&amp;itemdriveid=0ABqcOIJGMM79Uk9PVA&amp;itemid=1EPVWy308jhKUCEAtO1j2QV8rn-8ORdJ&quot;,return)</favourite>
    <favourite name="Frontier S03">ActivateWindow(10025,&quot;plugin://plugin.googledrive/?action=listfolder&amp;contenttype=video&amp;driveid=0ABqcOIJGMM79Uk9PVA&amp;itemdriveid=0ABqcOIJGMM79Uk9PVA&amp;itemid=1jw3iP6pBhQuT5tjONNSQ14yvywBWxK32&quot;,return)</favourite>
    <favourite name="Hasmukh S01 E01-10">ActivateWindow(10025,&quot;plugin://plugin.googledrive/?action=listfolder&amp;contenttype=video&amp;driveid=0ABqcOIJGMM79Uk9PVA&amp;itemdriveid=0ABqcOIJGMM79Uk9PVA&amp;itemid=1e3dYbLrJbrZX58lsPQNatG1AhGpHTas&quot;,return)</favourite>
    <favourite name="Hostel Daze S01 (2019)">ActivateWindow(10025,&quot;plugin://plugin.googledrive/?action=listfolder&amp;contenttype=video&amp;driveid=0ABqcOIJGMM79Uk9PVA&amp;itemdriveid=0ABqcOIJGMM79Uk9PVA&amp;itemid=15vTHN59AL1cg40v7f7CeYMEQtBku5D9n&quot;,return)</favourite>
    <favourite name="I Dream of Jeannie 1965-1970">ActivateWindow(10025,&quot;plugin://plugin.googledrive/?action=listfolder&amp;contenttype=video&amp;driveid=0ABqcOIJGMM79Uk9PVA&amp;itemdriveid=0ABqcOIJGMM79Uk9PVA&amp;itemid=1SEtlZ1jMdYUcuEBoElp9x9wovvLsdBuk&quot;,return)</favourite>
    <favourite name="Jerry.Sei eld.23.Hours.To.Kill.2020">ActivateWindow(10025,&quot;plugin://plugin.googledrive/?action=listfolder&amp;contenttype=video&amp;driveid=0ABqcOIJGMM79Uk9PVA&amp;itemdriveid=0ABqcOIJGMM79Uk9PVA&amp;itemid=14BD5QyoPnCJVTHfNlNlI1kNd7aWLKd2&quot;,return)</favourite>
    <favourite name="Mahabharata.1988.(+EngSubs)DVD .E01 to E94 ">ActivateWindow(10025,&quot;plugin://plugin.googledrive/?action=listfolder&amp;contenttype=video&amp;driveid=0ABqcOIJGMM79Uk9PVA&amp;itemdriveid=0ABqcOIJGMM79Uk9PVA&amp;itemid=13wuMQ0l991zbWvCheuBS3fk4KQkKveya&quot;,return)</favourite>
    <favourite name="Marvels.Spider-Man.S01">ActivateWindow(10025,&quot;plugin://plugin.googledrive/?action=listfolder&amp;contenttype=video&amp;driveid=0ABqcOIJGMM79Uk9PVA&amp;itemdriveid=0ABqcOIJGMM79Uk9PVA&amp;itemid=15NyJRLMxlCxqRKdCyaAS8Ar8L3Ba4vA-&quot;,return)</favourite>
    <favourite name="Mash (Complete 1972-1983)">ActivateWindow(10025,&quot;plugin://plugin.googledrive/?action=listfolder&amp;contenttype=video&amp;driveid=0ABqcOIJGMM79Uk9PVA&amp;itemdriveid=0ABqcOIJGMM79Uk9PVA&amp;itemid=1b4XNcToDvt5fmqAtyqKhuGWJ38OMX9&quot;,return)</favourite>
    <favourite name="Money Heist (2020) English S04 Complete">ActivateWindow(10025,&quot;plugin://plugin.googledrive/?action=listfolder&amp;contenttype=video&amp;driveid=0ABqcOIJGMM79Uk9PVA&amp;itemdriveid=0ABqcOIJGMM79Uk9PVA&amp;itemid=1qnd5YCtDe0mTgjgYl7plIzNxU4v3LGi&quot;,return)</favourite>
    <favourite name="The.Plot.Against.America.S01">ActivateWindow(10025,&quot;plugin://plugin.googledrive/?action=listfolder&amp;contenttype=video&amp;driveid=0ABqcOIJGMM79Uk9PVA&amp;itemdriveid=0ABqcOIJGMM79Uk9PVA&amp;itemid=19VLY3EWxcNQ2rBAgmTxETLSBg3btuc63&quot;,return)</favourite>
    <favourite name="Preacher Season 1 Complete ">ActivateWindow(10025,&quot;plugin://plugin.googledrive/?action=listfolder&amp;contenttype=video&amp;driveid=0ABqcOIJGMM79Uk9PVA&amp;itemdriveid=0ABqcOIJGMM79Uk9PVA&amp;itemid=1HBYw6BShVMe5zVhfstrbkYalY7aY9ZLA&quot;,return)</favourite>
    <favourite name="Preacher Season 2 Complete ">ActivateWindow(10025,&quot;plugin://plugin.googledrive/?action=listfolder&amp;contenttype=video&amp;driveid=0ABqcOIJGMM79Uk9PVA&amp;itemdriveid=0ABqcOIJGMM79Uk9PVA&amp;itemid=1dbXrMtioQESD7P43n1NYzcFibejE-1yo&quot;,return)</favourite>
    <favourite name="Preacher Season 3 Complete ">ActivateWindow(10025,&quot;plugin://plugin.googledrive/?action=listfolder&amp;contenttype=video&amp;driveid=0ABqcOIJGMM79Uk9PVA&amp;itemdriveid=0ABqcOIJGMM79Uk9PVA&amp;itemid=1-0ndJAlAYe1J4W0os8LjYgFfTA29Us2M&quot;,return)</favourite>
    <favourite name="Preacher.S04.COMPLETE">ActivateWindow(10025,&quot;plugin://plugin.googledrive/?action=listfolder&amp;contenttype=video&amp;driveid=0ABqcOIJGMM79Uk9PVA&amp;itemdriveid=0ABqcOIJGMM79Uk9PVA&amp;itemid=1oT9g1Gpuj1Lw9OJQKT081CuXVq3oMko&quot;,return)</favourite>
    <favourite name="Ramanand Sagars Ramayana (1986) - All Episodes">ActivateWindow(10025,&quot;plugin://plugin.googledrive/?action=listfolder&amp;contenttype=video&amp;driveid=0ABqcOIJGMM79Uk9PVA&amp;itemdriveid=0ABqcOIJGMM79Uk9PVA&amp;itemid=1D7SP2esJ7QkbGtb7cSRFjCPXH7cmcm0m&quot;,return)</favourite>
    <favourite name="Sei eld.Seasons.01-09">ActivateWindow(10025,&quot;plugin://plugin.googledrive/?action=listfolder&amp;contenttype=video&amp;driveid=0ABqcOIJGMM79Uk9PVA&amp;itemdriveid=0ABqcOIJGMM79Uk9PVA&amp;itemid=117vjwPwJLLho0R9y1HivFTKWAD2VZ1sb&quot;,return)</favourite>
    <favourite name="Rome (2005) Season 1-2 S01-S02 + Extras">ActivateWindow(10025,&quot;plugin://plugin.googledrive/?action=listfolder&amp;contenttype=video&amp;driveid=0ABqcOIJGMM79Uk9PVA&amp;itemdriveid=0ABqcOIJGMM79Uk9PVA&amp;itemid=11ui2i9LsLlDAG5dxe-6FKgTOPd-vLx&quot;,return)</favourite>
    <favourite name="[DragsterPS] The Mandalorian S01 [720p] [HEVC] [Multi-Audio] [Multi-Subs]">ActivateWindow(10025,&quot;plugin://plugin.googledrive/?action=_list_folder&amp;content_type=video&amp;driveid=0ANrkZPFUhkNsUk9PVA&amp;item_driveid=0ANrkZPFUhkNsUk9PVA&amp;item_id=1fEYyhIqH-4W0dD2Niimu-njmw1WkyqJP&quot;,return)</favourite>
    <favourite name="Altered.Carbon.SEASON.01.S01.COMPLETE.720p.10bit.WEBRip.2CH.x265.HEVC-PSA">ActivateWindow(10025,&quot;plugin://plugin.googledrive/?action=_list_folder&amp;content_type=video&amp;driveid=0ANrkZPFUhkNsUk9PVA&amp;item_driveid=0ANrkZPFUhkNsUk9PVA&amp;item_id=1RDEQ-BFJbTlAWVIxyiG9O4XFawdkMqq8&quot;,return)</favourite>
    <favourite name="Altered.Carbon.S02.720p.NF.WEBRip.DDP5.1.Atmos.x264-NTG[rartv]">ActivateWindow(10025,&quot;plugin://plugin.googledrive/?action=_list_folder&amp;content_type=video&amp;driveid=0ANrkZPFUhkNsUk9PVA&amp;item_driveid=0ANrkZPFUhkNsUk9PVA&amp;item_id=1xkZpyM0fn364beyKgkmtow4JW8-cEnx9&quot;,return)</favourite>
    <favourite name="American Dad S01-S11 (2005-)">ActivateWindow(10025,&quot;plugin://plugin.googledrive/?action=_list_folder&amp;content_type=video&amp;driveid=0ANrkZPFUhkNsUk9PVA&amp;item_driveid=0ANrkZPFUhkNsUk9PVA&amp;item_id=18DOVr_HwJz0ktzbLI4QEmhueQuGtvm_M&quot;,return)</favourite>
    <favourite name="Ancient Aliens - Season 1-11 - 720p x265 - Dr3adLoX">ActivateWindow(10025,&quot;plugin://plugin.googledrive/?action=_list_folder&amp;content_type=video&amp;driveid=0ANrkZPFUhkNsUk9PVA&amp;item_driveid=0ANrkZPFUhkNsUk9PVA&amp;item_id=1E3MGW2ygpYgyWVjYVYb9yJ22C76efpuh&quot;,return)</favourite>
    <favourite name="Ancient.Aliens.S15E12.Aliens.and.the.Presidents.720p.WEB.x265.AAC-Dr3adLoX">ActivateWindow(10025,&quot;plugin://plugin.googledrive/?action=_list_folder&amp;content_type=video&amp;driveid=0ANrkZPFUhkNsUk9PVA&amp;item_driveid=0ANrkZPFUhkNsUk9PVA&amp;item_id=1T3uiTCiFQMkHmVgjVeKB2ND9suQHAqBd&quot;,return)</favourite>
    <favourite name="Baghdad Central (2020) S01 (1080p AMZN WEB-DL x265 10bit EAC3 5.1 - HxD) [TAoE]">ActivateWindow(10025,&quot;plugin://plugin.googledrive/?action=_list_folder&amp;content_type=video&amp;driveid=0ANrkZPFUhkNsUk9PVA&amp;item_driveid=0ANrkZPFUhkNsUk9PVA&amp;item_id=18tvI9ehIUqRNOK1HLSPVmOGLdioWO2Uw&quot;,return)</favourite>
    <favourite name="Bewitched">ActivateWindow(10025,&quot;plugin://plugin.googledrive/?action=_list_folder&amp;content_type=video&amp;driveid=0ANrkZPFUhkNsUk9PVA&amp;item_driveid=0ANrkZPFUhkNsUk9PVA&amp;item_id=1QitmIUzN_b5JWdX4F4DvoyC30z0SgL1M&quot;,return)</favourite>
    <favourite name="The Big Bang Theory">ActivateWindow(10025,&quot;plugin://plugin.googledrive/?action=_list_folder&amp;content_type=video&amp;driveid=0ANrkZPFUhkNsUk9PVA&amp;item_driveid=0ANrkZPFUhkNsUk9PVA&amp;item_id=16ICczykDzMaSdhq6FzEywtlXyvs2X-7Q&quot;,return)</favourite>
    <favourite name="Bosch.S01-S06.720p.10bit.WEBRip.2CH.x265.HEVC-PSA">ActivateWindow(10025,&quot;plugin://plugin.googledrive/?action=_list_folder&amp;content_type=video&amp;driveid=0ANrkZPFUhkNsUk9PVA&amp;item_driveid=0ANrkZPFUhkNsUk9PVA&amp;item_id=14Q8stj97Qy7Yhvk996EyzDey-9Dm5DAR&quot;,return)</favourite>
    <favourite name="Breaking Bad">ActivateWindow(10025,&quot;plugin://plugin.googledrive/?action=_list_folder&amp;content_type=video&amp;driveid=0ANrkZPFUhkNsUk9PVA&amp;item_driveid=0ANrkZPFUhkNsUk9PVA&amp;item_id=1Bx3idFqoqrY5P5cumF49pTfdDKTJlREn&quot;,return)</favourite>
    <favourite name="Breaking Bad_Complete Pack_(Season 01-05)_720p BrRip 2CH x265 HEVC-PSA">ActivateWindow(10025,&quot;plugin://plugin.googledrive/?action=_list_folder&amp;content_type=video&amp;driveid=0ANrkZPFUhkNsUk9PVA&amp;item_driveid=0ANrkZPFUhkNsUk9PVA&amp;item_id=1NbWViV0YMpTqO9L0jFgpeF_W-ogzSX4d&quot;,return)</favourite>
    <favourite name="Chacha Vidhayak Hain Humare Season 1 Ep 01 - 06 720p WEB-DL x264 AC3 ESub Hindi 1.70GB [CraZzyBoY]">ActivateWindow(10025,&quot;plugin://plugin.googledrive/?action=_list_folder&amp;content_type=video&amp;driveid=0ANrkZPFUhkNsUk9PVA&amp;item_driveid=0ANrkZPFUhkNsUk9PVA&amp;item_id=1WwXL2kSF9dJWHqSwpMv__IeURFCj6s1v&quot;,return)</favourite>
    <favourite name="churchchills_secret_agents">ActivateWindow(10025,&quot;plugin://plugin.googledrive/?action=_list_folder&amp;content_type=video&amp;driveid=0ANrkZPFUhkNsUk9PVA&amp;item_driveid=0ANrkZPFUhkNsUk9PVA&amp;item_id=10GZEgCuSFsFle1hcnI5AUJIWePsfUNBR&quot;,return)</favourite>
    <favourite name="Coffee.and.Kareem.2020.1080p.WEBRip.x265-RARBG">ActivateWindow(10025,&quot;plugin://plugin.googledrive/?action=_list_folder&amp;content_type=video&amp;driveid=0ANrkZPFUhkNsUk9PVA&amp;item_driveid=0ANrkZPFUhkNsUk9PVA&amp;item_id=1TKN5pQkkh5VIHKSpcnQ8v2hN0DKAFxZM&quot;,return)</favourite>
    <favourite name="The Cosmo Kama Sutra - 99 Mind-Blowing Sex Positions">ActivateWindow(10025,&quot;plugin://plugin.googledrive/?action=_list_folder&amp;content_type=video&amp;driveid=0ANrkZPFUhkNsUk9PVA&amp;item_driveid=0ANrkZPFUhkNsUk9PVA&amp;item_id=1L-zbsRU5yxUdtNVBpiWf-kdlt0BHPLKZ&quot;,return)</favourite>
    <favourite name="Crazy4TV.com - Star.Trek.Enterprise.S01-S04.720p.BluRay.x265-HETeam">ActivateWindow(10025,&quot;plugin://plugin.googledrive/?action=_list_folder&amp;content_type=video&amp;driveid=0ANrkZPFUhkNsUk9PVA&amp;item_driveid=0ANrkZPFUhkNsUk9PVA&amp;item_id=1B-XUJFTh98YrCnSJwwpHV9O2fgETNwUC&quot;,return)</favourite>
    <favourite name="Discovery Series  Middle East">ActivateWindow(10025,&quot;plugin://plugin.googledrive/?action=_list_folder&amp;content_type=video&amp;driveid=0ANrkZPFUhkNsUk9PVA&amp;item_driveid=0ANrkZPFUhkNsUk9PVA&amp;item_id=18tHzyTkeXWCglQYEh_s-PPhhVGqJSujl&quot;,return)</favourite>
    <favourite name="Ek Thi  Begum S1">ActivateWindow(10025,&quot;plugin://plugin.googledrive/?action=_list_folder&amp;content_type=video&amp;driveid=0ANrkZPFUhkNsUk9PVA&amp;item_driveid=0ANrkZPFUhkNsUk9PVA&amp;item_id=1HXet0k6J2rltwW3cjXq71i10o2IVm-QC&quot;,return)</favourite>
    <favourite name="Friends Complete 1080p Bluray AAC 5.1 x265 HEVC-LION[UTR]">ActivateWindow(10025,&quot;plugin://plugin.googledrive/?action=_list_folder&amp;content_type=video&amp;driveid=0ANrkZPFUhkNsUk9PVA&amp;item_driveid=0ANrkZPFUhkNsUk9PVA&amp;item_id=14d0B-8QgQzt2pCVlis0QlNR0v3_jdaGl&quot;,return)</favourite>
    <favourite name="Friends.Complete.Series.720p.BluRay.2CH.x265.HEVC-PSA">ActivateWindow(10025,&quot;plugin://plugin.googledrive/?action=_list_folder&amp;content_type=video&amp;driveid=0ANrkZPFUhkNsUk9PVA&amp;item_driveid=0ANrkZPFUhkNsUk9PVA&amp;item_id=1o9sLwZQQilmFjjlITeagVfV2YJUj7Gtp&quot;,return)</favourite>
    <favourite name="Game of Thrones - Complete Season 6 406p HDTV (mkv)">ActivateWindow(10025,&quot;plugin://plugin.googledrive/?action=_list_folder&amp;content_type=video&amp;driveid=0ANrkZPFUhkNsUk9PVA&amp;item_driveid=0ANrkZPFUhkNsUk9PVA&amp;item_id=10PyZIV34kmwvaPRHw9XAhipzPSZcCHtw&quot;,return)</favourite>
    <favourite name="Game of Thrones [1080p H265][MP3 5.1 Ch]">ActivateWindow(10025,&quot;plugin://plugin.googledrive/?action=_list_folder&amp;content_type=video&amp;driveid=0ANrkZPFUhkNsUk9PVA&amp;item_driveid=0ANrkZPFUhkNsUk9PVA&amp;item_id=1PrlPnh8gca4SXeIGgILE7QpiRgonwDed&quot;,return)</favourite>
    <favourite name="Game Of Thrones Complete Season 1,2,3,4,5,6 406p mkv + English Subs">ActivateWindow(10025,&quot;plugin://plugin.googledrive/?action=_list_folder&amp;content_type=video&amp;driveid=0ANrkZPFUhkNsUk9PVA&amp;item_driveid=0ANrkZPFUhkNsUk9PVA&amp;item_id=1Dy5SnzRUOsaMw2nlhSuWGcvgSXECCOeF&quot;,return)</favourite>
    <favourite name="Gangs.Of.London.S01.720p.AHDTV.x264-FaiLED[rartv]">ActivateWindow(10025,&quot;plugin://plugin.googledrive/?action=_list_folder&amp;content_type=video&amp;driveid=0ANrkZPFUhkNsUk9PVA&amp;item_driveid=0ANrkZPFUhkNsUk9PVA&amp;item_id=1LTP8Mv2tsGzVmLDIdvS7QaaNpsM_3xCU&quot;,return)</favourite>
    <favourite name="Genius 2017 Season 1 Complete 720p HDTV x264 [i_c]">ActivateWindow(10025,&quot;plugin://plugin.googledrive/?action=_list_folder&amp;content_type=video&amp;driveid=0ANrkZPFUhkNsUk9PVA&amp;item_driveid=0ANrkZPFUhkNsUk9PVA&amp;item_id=13b92zJXhz7rAdo8e3bdVSaVb8gfD0GRi&quot;,return)</favourite>
    <favourite name="Genius S02 Picasso (2018 NatGeo 360p re-webrip)">ActivateWindow(10025,&quot;plugin://plugin.googledrive/?action=_list_folder&amp;content_type=video&amp;driveid=0ANrkZPFUhkNsUk9PVA&amp;item_driveid=0ANrkZPFUhkNsUk9PVA&amp;item_id=1BU7vk-CPlr0AKN5NuTYcv_0_X1HzNwcc&quot;,return)</favourite>
    <favourite name="God.Friended.Me.S02E20.720p.HDTV.x265-MiNX[TGx]">ActivateWindow(10025,&quot;plugin://plugin.googledrive/?action=_list_folder&amp;content_type=video&amp;driveid=0ANrkZPFUhkNsUk9PVA&amp;item_driveid=0ANrkZPFUhkNsUk9PVA&amp;item_id=128utbxoH-FEvrJMbWqaACZoBzWPCF_sk&quot;,return)</favourite>
    <favourite name="Godfather.Of.Harlem.S01.COMPLETE.REPACK.720p.AMZN.WEBRip.x264-GalaxyTV[TGx]">ActivateWindow(10025,&quot;plugin://plugin.googledrive/?action=_list_folder&amp;content_type=video&amp;driveid=0ANrkZPFUhkNsUk9PVA&amp;item_driveid=0ANrkZPFUhkNsUk9PVA&amp;item_id=1ykXOm6GeedtFhArWNSyP2l9-7ERCwW-N&quot;,return)</favourite>
    <favourite name="Greatest.Events.of.World.War.II.in.HD.Colour.S01.1080p.WEB.x264-STOUT[rartv]">ActivateWindow(10025,&quot;plugin://plugin.googledrive/?action=_list_folder&amp;content_type=video&amp;driveid=0ANrkZPFUhkNsUk9PVA&amp;item_driveid=0ANrkZPFUhkNsUk9PVA&amp;item_id=1WbuaHOvoQQCYA7bOCvmB-EMh47yE5VB4&quot;,return)</favourite>
    <favourite name="The.Great.S01.1080p.HULU.WEBRip.DDP5.1.x264-MIXED[rartv]">ActivateWindow(10025,&quot;plugin://plugin.googledrive/?action=_list_folder&amp;content_type=video&amp;driveid=0ANrkZPFUhkNsUk9PVA&amp;item_driveid=0ANrkZPFUhkNsUk9PVA&amp;item_id=1hon_R7hDcarJkeEVUOner94ecFkQTzIf&quot;,return)</favourite>
    <favourite name="Hasmukh (2020) Hindi NF Original S01 Complete720p WEBRip DD-5.1 Esub x264 - Shadow">ActivateWindow(10025,&quot;plugin://plugin.googledrive/?action=_list_folder&amp;content_type=video&amp;driveid=0ANrkZPFUhkNsUk9PVA&amp;item_driveid=0ANrkZPFUhkNsUk9PVA&amp;item_id=1tPV8zIkXyUrAbd6iXzOPJzYAwzbfRLNC&quot;,return)</favourite>
    <favourite name="Hostages.S01.Multi.1080p.Hotstar.WEBDL.H264.AAC.2.0.ESUBS.Telly">ActivateWindow(10025,&quot;plugin://plugin.googledrive/?action=_list_folder&amp;content_type=video&amp;driveid=0ANrkZPFUhkNsUk9PVA&amp;item_driveid=0ANrkZPFUhkNsUk9PVA&amp;item_id=1VrqOqe4EXdHtTvsM4czkKrruegehis22&quot;,return)</favourite>
    <favourite name="I love Lucy Seasons 1-9 Complete">ActivateWindow(10025,&quot;plugin://plugin.googledrive/?action=_list_folder&amp;content_type=video&amp;driveid=0ANrkZPFUhkNsUk9PVA&amp;item_driveid=0ANrkZPFUhkNsUk9PVA&amp;item_id=1F6qD0o6VEygCXGrFNgRrLIpGCKAiOnoS&quot;,return)</favourite>
    <favourite name="Illegal (2020) 720p WEB DL - Season 1 - AVC - AAC - E-Subs -  DUSIcTv">ActivateWindow(10025,&quot;plugin://plugin.googledrive/?action=_list_folder&amp;content_type=video&amp;driveid=0ANrkZPFUhkNsUk9PVA&amp;item_driveid=0ANrkZPFUhkNsUk9PVA&amp;item_id=18kvq8ymXTfHPLOMoW5ziUjJz_C5odeSB&quot;,return)</favourite>
    <favourite name="India’s Most Wanted (2019) Hindi 720p HDRip x264 AAC ESubs -UnknownStAr [Telly]">ActivateWindow(10025,&quot;plugin://plugin.googledrive/?action=_list_folder&amp;content_type=video&amp;driveid=0ANrkZPFUhkNsUk9PVA&amp;item_driveid=0ANrkZPFUhkNsUk9PVA&amp;item_id=1mpeNHDkKFlQzYr7neOwaEC8YM9Pwj4Iw&quot;,return)</favourite>
    <favourite name="It.Happened.In.Calcutta.S01.720p.AltBalaji.WEB-DL.2CH.x264-LustestHD.Com">ActivateWindow(10025,&quot;plugin://plugin.googledrive/?action=_list_folder&amp;content_type=video&amp;driveid=0ANrkZPFUhkNsUk9PVA&amp;item_driveid=0ANrkZPFUhkNsUk9PVA&amp;item_id=1rHW3hGlpXiBAfQxavEPDxfLOKlKlIDWY&quot;,return)</favourite>
    <favourite name="Mind The Malhotras 2019 S01 E01-09 WebRip Hindi 720p x264 AAC 5.1 ESub - mkvCinemas [Telly]">ActivateWindow(10025,&quot;plugin://plugin.googledrive/?action=_list_folder&amp;content_type=video&amp;driveid=0ANrkZPFUhkNsUk9PVA&amp;item_driveid=0ANrkZPFUhkNsUk9PVA&amp;item_id=1IV2XkKpF0RsnpC7yLpQ2hhOjX52KSFtZ&quot;,return)</favourite>
    <favourite name="Mirzapur S01 720p Multi AMZN WEB-DL H264 DDP 2.0 - NbT">ActivateWindow(10025,&quot;plugin://plugin.googledrive/?action=_list_folder&amp;content_type=video&amp;driveid=0ANrkZPFUhkNsUk9PVA&amp;item_driveid=0ANrkZPFUhkNsUk9PVA&amp;item_id=1O1wrduWwU97XykBvURK288qIeYrXpTz7&quot;,return)</favourite>
    <favourite name="Paatal Lok Season 1 Complete [Hindi-DD5.1] 720p HDRip ESubs - ExtraMovies">ActivateWindow(10025,&quot;plugin://plugin.googledrive/?action=_list_folder&amp;content_type=video&amp;driveid=0ANrkZPFUhkNsUk9PVA&amp;item_driveid=0ANrkZPFUhkNsUk9PVA&amp;item_id=1PprWJbGlH9ccQ5eteVsHS6zmYG-Vt0w2&quot;,return)</favourite>
    <favourite name="Panchayat S01 2020 720p WEBRip AAC 5.1 x264 - MoviePirate - Telly">ActivateWindow(10025,&quot;plugin://plugin.googledrive/?action=_list_folder&amp;content_type=video&amp;driveid=0ANrkZPFUhkNsUk9PVA&amp;item_driveid=0ANrkZPFUhkNsUk9PVA&amp;item_id=1Q1SJWBN6VFpoEMiMot4ivTebQ7t8pO4i&quot;,return)</favourite>
    <favourite name="Person of Interest">ActivateWindow(10025,&quot;plugin://plugin.googledrive/?action=_list_folder&amp;content_type=video&amp;driveid=0ANrkZPFUhkNsUk9PVA&amp;item_driveid=0ANrkZPFUhkNsUk9PVA&amp;item_id=1UQEG24YYCpoqekdXpiVQO_eD6gbaunJ3&quot;,return)</favourite>
    <favourite name="Prison.Break.S01-S05.1080p.10bit.BluRay.x265.HEVC.6CH-MRN">ActivateWindow(10025,&quot;plugin://plugin.googledrive/?action=_list_folder&amp;content_type=video&amp;driveid=0ANrkZPFUhkNsUk9PVA&amp;item_driveid=0ANrkZPFUhkNsUk9PVA&amp;item_id=188jH2lPXiRuchvTQQUhKlFa4JwXX9rFo&quot;,return)</favourite>
    <favourite name="Prison Break S01 Season 1 720p BluRay x264 AAC[VR56]">ActivateWindow(10025,&quot;plugin://plugin.googledrive/?action=_list_folder&amp;content_type=video&amp;driveid=0ANrkZPFUhkNsUk9PVA&amp;item_driveid=0ANrkZPFUhkNsUk9PVA&amp;item_id=1JkvRxjkMErfiRd3_Gflk0TlrpE5vdyoi&quot;,return)</favourite>
    <favourite name="Prison Break S02 Season 2 720p BluRay ReEnc DeeJayAhmed">ActivateWindow(10025,&quot;plugin://plugin.googledrive/?action=_list_folder&amp;content_type=video&amp;driveid=0ANrkZPFUhkNsUk9PVA&amp;item_driveid=0ANrkZPFUhkNsUk9PVA&amp;item_id=1W_9DJ14jHk1596Mk40JwziJ4b5qmIwmq&quot;,return)</favourite>
    <favourite name="Prison.Break.S04.Season.4.Complete.720p.BluRay.x265-HaxxOr">ActivateWindow(10025,&quot;plugin://plugin.googledrive/?action=_list_folder&amp;content_type=video&amp;driveid=0ANrkZPFUhkNsUk9PVA&amp;item_driveid=0ANrkZPFUhkNsUk9PVA&amp;item_id=1mx4i9-KDSH0a_ZBgEI05Ro76DPtvCIvz&quot;,return)</favourite>
    <favourite name="Prison.Break.S05.1080p.BluRay.x264-ROVERS[rartv]">ActivateWindow(10025,&quot;plugin://plugin.googledrive/?action=_list_folder&amp;content_type=video&amp;driveid=0ANrkZPFUhkNsUk9PVA&amp;item_driveid=0ANrkZPFUhkNsUk9PVA&amp;item_id=10hJS6wlomFxH9N0QAX75Dj0JQZEJ4eP6&quot;,return)</favourite>
    <favourite name="Roswell (1999) Season 1-3 S01-S03 + Extras (576p DVD x265 HEVC 10bit AAC 2.0 MONOLITH)">ActivateWindow(10025,&quot;plugin://plugin.googledrive/?action=_list_folder&amp;content_type=video&amp;driveid=0ANrkZPFUhkNsUk9PVA&amp;item_driveid=0ANrkZPFUhkNsUk9PVA&amp;item_id=13RBVbXenpB6Iusp-aFCmQoWiHskzgyDD&quot;,return)</favourite>
    <favourite name="Seinfeld">ActivateWindow(10025,&quot;plugin://plugin.googledrive/?action=_list_folder&amp;content_type=video&amp;driveid=0ANrkZPFUhkNsUk9PVA&amp;item_driveid=0ANrkZPFUhkNsUk9PVA&amp;item_id=1EKRtmextRFkfMV_0PMyJjCzOf4ne5f0A&quot;,return)</favourite>
    <favourite name="TamilRockers.com - Money Heist Season 1,2,3 (2017-2019) Spanish 720p HDRip x264 ESubs 9.6GB">ActivateWindow(10025,&quot;plugin://plugin.googledrive/?action=_list_folder&amp;content_type=video&amp;driveid=0ANrkZPFUhkNsUk9PVA&amp;item_driveid=0ANrkZPFUhkNsUk9PVA&amp;item_id=1nWci8e_g5Zbsic1NcJ9l9Y-0yFNyCgih&quot;,return)</favourite>
    <favourite name="(PlayHD.ooo) Money Heist Season 1 Complete English HD 720p">ActivateWindow(10025,&quot;plugin://plugin.googledrive/?action=_list_folder&amp;content_type=video&amp;driveid=0ABqcOIJGMM79Uk9PVA&amp;item_driveid=0ABqcOIJGMM79Uk9PVA&amp;item_id=1ThhYI7PMjHEFGChJnOFQZ0fOGGrMMx9g&quot;,return)</favourite>
    <favourite name="(PlayHD.ooo) Money Heist Season 2 Complete English HD 720p">ActivateWindow(10025,&quot;plugin://plugin.googledrive/?action=_list_folder&amp;content_type=video&amp;driveid=0ABqcOIJGMM79Uk9PVA&amp;item_driveid=0ABqcOIJGMM79Uk9PVA&amp;item_id=1qzpyXZLMKhQd58fM5iI1iWMyIDqxvc5P&quot;,return)</favourite>
    <favourite name="Gangs of london">ActivateWindow(10025,&quot;plugin://plugin.video.gdrive/?content_type=video&amp;epath=%2fGangs%20of%20london%2f&amp;folder=14LFbtzAjTucuCftuFDqdF3VMoMViTeHj&amp;instance=gdrive1&amp;mode=index&quot;,return)</favourite>
    <favourite name="Game of thrones 1080 x265 HEVC Tigole">ActivateWindow(10025,&quot;plugin://plugin.video.gdrive/?content_type=video&amp;epath=%2fGame%20of%20thrones%201080%20x265%20HEVC%20Tigole%2f&amp;folder=1Hz2M0bFrOLuewnxKXMPEso-LU4hMn_h2&amp;instance=gdrive1&amp;mode=index&quot;,return)</favourite>
    <favourite name="Modern History of India">ActivateWindow(10025,&quot;plugin://plugin.video.gdrive/?content_type=video&amp;epath=%2fModern%20History%20of%20India%2f&amp;folder=1398C-e53HusX_bd8i1ftc4VpwINsEq73&amp;instance=gdrive1&amp;mode=index&quot;,return)</favourite>
    <favourite name="Monk (2002) Season 1-8 S01-S08 (1080p AMZN WEB-DL x265 HEVC 10bit EAC3 Mixed RZeroX)">ActivateWindow(10025,&quot;plugin://plugin.video.gdrive/?content_type=video&amp;epath=%2fMonk%20(2002)%20Season%201-8%20S01-S08%20(1080p%20AMZN%20WEB-DL%20x265%20HEVC%2010bit%20EAC3%20Mixed%20RZeroX)%2f&amp;folder=1XpcyyARQronVtHL7tpaqQkQrjW_ftlCU&amp;instance=gdrive1&amp;mode=index&quot;,return)</favourite>
    <favourite name="The 100">ActivateWindow(10025,&quot;plugin://plugin.video.gdrive/?content_type=video&amp;epath=%2fThe%20100%2f&amp;folder=1GL8Sanu7-IEWyGv4qOv62X9Xrxs8czvk&amp;instance=gdrive1&amp;mode=index&quot;,return)</favourite>
    <favourite name="TMKOC All Ep (1.4 TB)">ActivateWindow(10025,&quot;plugin://plugin.video.gdrive/?content_type=video&amp;epath=%2fTMKOC%20All%20Ep%20(1.4%20TB)%2f&amp;folder=1gRl7EeA6Ys9BOmP9ggCsphTdIcjBjsHH&amp;instance=gdrive1&amp;mode=index&quot;,return)</favourite>

</favourites>