[ {
        "url": "https://www.hindigeetmala.net/category/philosophical_songs.php",
        "image": "https://www.hindigeetmala.net/images/cat_160x120/philosophical_songs.jpg",
        "name": "Philosophical Songs (350)",
        "mode": "vod_tv_geetm"
    }, {
        "url": "https://www.hindigeetmala.net/category/holi_songs.php",
        "image": "https://www.hindigeetmala.net/images/cat_160x120/holi_songs.jpg",
        "name": "Holi Songs (127)",
        "mode": "vod_tv_geetm"
    }, {
        "url": "https://www.hindigeetmala.net/category/qawwalis.php",
        "image": "https://www.hindigeetmala.net/images/cat_160x120/qawwalis.jpg",
        "name": "Qawwalis (554)",
        "mode": "vod_tv_geetm"
    },
	{
        "url": "https://www.hindigeetmala.net/singer/lata_mangeshkar.php",
        "image": "https://www.hindigeetmala.net/images/singer_160x120/lata_mangeshkar.jpg",
        "name": "Lata Mangeshkar (5617)",
        "mode": "vod_tv_geetm"
    }, {
        "url": "https://www.hindigeetmala.net/singer/mohammed_rafi.php",
        "image": "https://www.hindigeetmala.net/images/singer_160x120/mohammad_rafi.jpg",
        "name": "Mohammed Rafi (4473)",
        "mode": "vod_tv_geetm"
    }, {
        "url": "https://www.hindigeetmala.net/singer/kishore_kumar.php",
        "image": "https://www.hindigeetmala.net/images/singer_160x120/kishore_kumar.jpg",
        "name": "Kishore Kumar (2550)",
        "mode": "vod_tv_geetm"
    }, {
        "url": "https://www.hindigeetmala.net/singer/asha_bhosle.php",
        "image": "https://www.hindigeetmala.net/images/singer_160x120/asha_bhosle.jpg",
        "name": "Asha Bhosle (7658)",
        "mode": "vod_tv_geetm"
    }, {
        "url": "https://www.hindigeetmala.net/singer/alka_yagnik.php",
        "image": "https://www.hindigeetmala.net/images/singer_160x120/alka_yagnik.jpg",
        "name": "Alka Yagnik (2453)",
        "mode": "vod_tv_geetm"
    }, {
        "url": "https://www.hindigeetmala.net/singer/udit_narayan.php",
        "image": "https://www.hindigeetmala.net/images/singer_160x120/udit_narayan.jpg",
        "name": "Udit Narayan (1787)",
        "mode": "vod_tv_geetm"
    }, {
        "url": "https://www.hindigeetmala.net/singer/kumar_sanu.php",
        "image": "https://www.hindigeetmala.net/images/singer_160x120/kumar_sanu.jpg",
        "name": "Kumar Sanu (1686)",
        "mode": "vod_tv_geetm"
    }, {
        "url": "https://www.hindigeetmala.net/singer/anuradha_paudwal.php",
        "image": "https://www.hindigeetmala.net/images/singer_160x120/anuradha_paudwal.jpg",
        "name": "Anuradha Paudwal (1417)",
        "mode": "vod_tv_geetm"
    }, {
        "url": "https://www.hindigeetmala.net/singer/geeta_dutt.php",
        "image": "https://www.hindigeetmala.net/images/singer_160x120/geeta_dutt.jpg",
        "name": "Geeta Dutt (1356)",
        "mode": "vod_tv_geetm"
    }, {
        "url": "https://www.hindigeetmala.net/singer/manna_dey.php",
        "image": "https://www.hindigeetmala.net/images/singer_160x120/manna_dey.jpg",
        "name": "Manna Dey (1339)",
        "mode": "vod_tv_geetm"
    }, {
        "url": "https://www.hindigeetmala.net/singer/sonu_nigam.php",
        "image": "https://www.hindigeetmala.net/images/singer_160x120/sonu_nigam.jpg",
        "name": "Sonu Nigam (1274)",
        "mode": "vod_tv_geetm"
    }, {
        "url": "https://www.hindigeetmala.net/singer/shamshad_begum.php",
        "image": "https://www.hindigeetmala.net/images/singer_160x120/shamshad_begum.jpg",
        "name": "Shamshad Begum (1222)",
        "mode": "vod_tv_geetm"
    }, {
        "url": "https://www.hindigeetmala.net/singer/kavita_krishnamurthy.php",
        "image": "https://www.hindigeetmala.net/images/singer_160x120/kavita_krishnamurthy.jpg",
        "name": "Kavita Krishnamurthy (1197)",
        "mode": "vod_tv_geetm"
    }, {
        "url": "https://www.hindigeetmala.net/singer/sunidhi_chauhan.php",
        "image": "https://www.hindigeetmala.net/images/singer_160x120/sunidhi_chauhan.jpg",
        "name": "Sunidhi Chauhan (1187)",
        "mode": "vod_tv_geetm"
    }, {
        "url": "https://www.hindigeetmala.net/singer/mahendra_kapoor.php",
        "image": "https://www.hindigeetmala.net/images/singer_160x120/mahendra_kapoor.jpg",
        "name": "Mahendra Kapoor (1178)",
        "mode": "vod_tv_geetm"
    }, {
        "url": "https://www.hindigeetmala.net/singer/mukesh.php",
        "image": "https://www.hindigeetmala.net/images/singer_160x120/mukesh.jpg",
        "name": "Mukesh (1013)",
        "mode": "vod_tv_geetm"
    }, {
        "url": "https://www.hindigeetmala.net/singer/shreya_ghoshal.php",
        "image": "https://www.hindigeetmala.net/images/singer_160x120/shreya_ghoshal.jpg",
        "name": "Shreya Ghoshal (822)",
        "mode": "vod_tv_geetm"
    }, {
        "url": "https://www.hindigeetmala.net/singer/shaan.php",
        "image": "https://www.hindigeetmala.net/images/singer_160x120/shaan.jpg",
        "name": "Shaan (810)",
        "mode": "vod_tv_geetm"
    }, {
        "url": "https://www.hindigeetmala.net/singer/suman_kalyanpur.php",
        "image": "https://www.hindigeetmala.net/images/singer_160x120/suman_kalyanpur.jpg",
        "name": "Suman Kalyanpur (791)",
        "mode": "vod_tv_geetm"
    }, {
        "url": "https://www.hindigeetmala.net/singer/jagjit_singh.php",
        "image": "https://www.hindigeetmala.net/images/singer_160x120/jagjit_singh.jpg",
        "name": "Jagjit Singh (775)",
        "mode": "vod_tv_geetm"
    }, {
        "url": "https://www.hindigeetmala.net/singer/sadhana_sargam.php",
        "image": "https://www.hindigeetmala.net/images/singer_160x120/sadhana_sargam.jpg",
        "name": "Sadhana Sargam (764)",
        "mode": "vod_tv_geetm"
    }, {
        "url": "https://www.hindigeetmala.net/singer/mohammed_aziz.php",
        "image": "https://www.hindigeetmala.net/images/singer_160x120/mohammed_aziz.jpg",
        "name": "Mohammed Aziz (749)",
        "mode": "vod_tv_geetm"
    }, {
        "url": "https://www.hindigeetmala.net/singer/amit_kumar.php",
        "image": "https://www.hindigeetmala.net/images/singer_160x120/amit_kumar.jpg",
        "name": "Amit Kumar (723)",
        "mode": "vod_tv_geetm"
    }, {
        "url": "https://www.hindigeetmala.net/singer/suresh_wadkar.php",
        "image": "https://www.hindigeetmala.net/images/singer_160x120/suresh_wadkar.jpg",
        "name": "Suresh Wadkar (704)",
        "mode": "vod_tv_geetm"
    }, {
        "url": "https://www.hindigeetmala.net/singer/abhijeet.php",
        "image": "https://www.hindigeetmala.net/images/singer_160x120/abhijeet.jpg",
        "name": "Abhijeet (638)",
        "mode": "vod_tv_geetm"
    }, {
        "url": "https://www.hindigeetmala.net/singer/usha_mangeshkar.php",
        "image": "https://www.hindigeetmala.net/images/singer_160x120/usha_mangeshkar.jpg",
        "name": "Usha Mangeshkar (634)",
        "mode": "vod_tv_geetm"
    }, {
        "url": "https://www.hindigeetmala.net/singer/sukhwinder_singh.php",
        "image": "https://www.hindigeetmala.net/images/singer_160x120/sukhwinder_singh.jpg",
        "name": "Sukhwinder Singh (567)",
        "mode": "vod_tv_geetm"
    }, {
        "url": "https://www.hindigeetmala.net/singer/talat_mahmood.php",
        "image": "https://www.hindigeetmala.net/images/singer_160x120/talat_mahmood.jpg",
        "name": "Talat Mahmood (520)",
        "mode": "vod_tv_geetm"
    }, {
        "url": "https://www.hindigeetmala.net/singer/hariharan.php",
        "image": "https://www.hindigeetmala.net/images/singer_160x120/hariharan.jpg",
        "name": "Hariharan (506)",
        "mode": "vod_tv_geetm"
    }, {
        "url": "https://www.hindigeetmala.net/singer/k_k.php",
        "image": "https://www.hindigeetmala.net/images/singer_160x120/k_k.jpg",
        "name": "K. K. (491)",
        "mode": "vod_tv_geetm"
    }, {
        "url": "https://www.hindigeetmala.net/singer/pankaj_udhas.php",
        "image": "https://www.hindigeetmala.net/images/singer_160x120/pankaj_udhas.jpg",
        "name": "Pankaj Udhas (473)",
        "mode": "vod_tv_geetm"
    }, {
        "url": "https://www.hindigeetmala.net/singer/vinod_rathod.php",
        "image": "https://www.hindigeetmala.net/images/singer_160x120/vinod_rathod.jpg",
        "name": "Vinod Rathod (440)",
        "mode": "vod_tv_geetm"
    }, {
        "url": "https://www.hindigeetmala.net/singer/shankar_mahadevan.php",
        "image": "https://www.hindigeetmala.net/images/singer_160x120/shankar_mahadevan.jpg",
        "name": "Shankar Mahadevan (401)",
        "mode": "vod_tv_geetm"
    }, {
        "url": "https://www.hindigeetmala.net/singer/rajkumari.php",
        "image": "https://www.hindigeetmala.net/images/singer_160x120/rajkumari.jpg",
        "name": "Rajkumari (387)",
        "mode": "vod_tv_geetm"
    }, {
        "url": "https://www.hindigeetmala.net/singer/kunal_ganjawala.php",
        "image": "https://www.hindigeetmala.net/images/singer_160x120/kunal_ganjawala.jpg",
        "name": "Kunal Ganjawala (372)",
        "mode": "vod_tv_geetm"
    }, {
        "url": "https://www.hindigeetmala.net/singer/bhupinder_singh.php",
        "image": "https://www.hindigeetmala.net/images/singer_160x120/bhupinder_singh.jpg",
        "name": "Bhupinder Singh (365)",
        "mode": "vod_tv_geetm"
    }, {
        "url": "https://www.hindigeetmala.net/singer/s_p_balasubramaniam.php",
        "image": "https://www.hindigeetmala.net/images/singer_160x120/s_p_balasubramaniam.jpg",
        "name": "S P Balasubramaniam (363)",
        "mode": "vod_tv_geetm"
    }, {
        "url": "https://www.hindigeetmala.net/singer/hemant_kumar.php",
        "image": "https://www.hindigeetmala.net/images/singer_160x120/hemant_kumar.jpg",
        "name": "Hemant Kumar (359)",
        "mode": "vod_tv_geetm"
    }, {
        "url": "https://www.hindigeetmala.net/singer/shabbir_kumar.php",
        "image": "https://www.hindigeetmala.net/images/singer_160x120/shabbir_kumar.jpg",
        "name": "Shabbir Kumar (341)",
        "mode": "vod_tv_geetm"
    }, {
        "url": "https://www.hindigeetmala.net/singer/suraiya.php",
        "image": "https://www.hindigeetmala.net/images/singer_160x120/suraiya.jpg",
        "name": "Suraiya (338)",
        "mode": "vod_tv_geetm"
    }, {
        "url": "https://www.hindigeetmala.net/singer/alisha_chinai.php",
        "image": "https://www.hindigeetmala.net/images/singer_160x120/alisha_chinai.jpg",
        "name": "Alisha Chinai (326)",
        "mode": "vod_tv_geetm"
    }, {
        "url": "https://www.hindigeetmala.net/singer/bappi_lahiri.php",
        "image": "https://www.hindigeetmala.net/images/singer_160x120/bappi_lahiri.jpg",
        "name": "Bappi Lahiri (314)",
        "mode": "vod_tv_geetm"
    }, {
        "url": "https://www.hindigeetmala.net/singer/arijit_singh.php",
        "image": "https://www.hindigeetmala.net/images/singer_160x120/arijit_singh.jpg",
        "name": "Arijit Singh (311)",
        "mode": "vod_tv_geetm"
    }, {
        "url": "https://www.hindigeetmala.net/singer/himesh_reshammiya.php",
        "image": "https://www.hindigeetmala.net/images/singer_160x120/himesh_reshammiya.jpg",
        "name": "Himesh Reshammiya (309)",
        "mode": "vod_tv_geetm"
    }, {
        "url": "https://www.hindigeetmala.net/singer/amirbai_karnataki.php",
        "image": "https://www.hindigeetmala.net/images/singer_160x120/amirbai_karnataki.jpg",
        "name": "Amirbai Karnataki (306)",
        "mode": "vod_tv_geetm"
    }, {
        "url": "https://www.hindigeetmala.net/singer/rahat_fateh_ali_khan.php",
        "image": "https://www.hindigeetmala.net/images/singer_160x120/rahat_fateh_ali_khan.jpg",
        "name": "Rahat Fateh Ali Khan (301)",
        "mode": "vod_tv_geetm"
    }, {
        "url": "https://www.hindigeetmala.net/singer/hemlata.php",
        "image": "https://www.hindigeetmala.net/images/singer_160x120/hemlata.jpg",
        "name": "Hemlata (292)",
        "mode": "vod_tv_geetm"
    }, {
        "url": "https://www.hindigeetmala.net/singer/poornima.php",
        "image": "https://www.hindigeetmala.net/images/singer_160x120/poornima.jpg",
        "name": "Poornima (292)",
        "mode": "vod_tv_geetm"
    }, {
        "url": "https://www.hindigeetmala.net/actor/amitabh_bachchan.php",
        "image": "https://www.hindigeetmala.net/images/actor_160x120/amitabh_bachchan.jpg",
        "name": "Amitabh Bachchan (547)",
        "mode": "vod_tv_geetm"
    }, {
        "url": "https://www.hindigeetmala.net/actor/dev_anand.php",
        "image": "https://www.hindigeetmala.net/images/actor_160x120/dev_anand.jpg",
        "name": "Dev Anand (522)",
        "mode": "vod_tv_geetm"
    }, {
        "url": "https://www.hindigeetmala.net/actor/rajesh_khanna.php",
        "image": "https://www.hindigeetmala.net/images/actor_160x120/rajesh_khanna.jpg",
        "name": "Rajesh Khanna (492)",
        "mode": "vod_tv_geetm"
    }, {
        "url": "https://www.hindigeetmala.net/actor/jeetendra.php",
        "image": "https://www.hindigeetmala.net/images/actor_160x120/jeetendra.jpg",
        "name": "Jeetendra (617)",
        "mode": "vod_tv_geetm"
    }, {
        "url": "https://www.hindigeetmala.net/actor/akshay_kumar.php",
        "image": "https://www.hindigeetmala.net/images/actor_160x120/akshay_kumar.jpg",
        "name": "Akshay Kumar (589)",
        "mode": "vod_tv_geetm"
    }, {
        "url": "https://www.hindigeetmala.net/actor/salman_khan.php",
        "image": "https://www.hindigeetmala.net/images/actor_160x120/salman_khan.jpg",
        "name": "Salman Khan (555)",
        "mode": "vod_tv_geetm"
    }, {
        "url": "https://www.hindigeetmala.net/actor/dharmendra.php",
        "image": "https://www.hindigeetmala.net/images/actor_160x120/dharmendra.jpg",
        "name": "Dharmendra (524)",
        "mode": "vod_tv_geetm"
    }, {
        "url": "https://www.hindigeetmala.net/actor/shahrukh_khan.php",
        "image": "https://www.hindigeetmala.net/images/actor_160x120/shahrukh_khan.jpg",
        "name": "Shahrukh Khan (385)",
        "mode": "vod_tv_geetm"
    }, {
        "url": "https://www.hindigeetmala.net/actor/sanjay_dutt.php",
        "image": "https://www.hindigeetmala.net/images/actor_160x120/sanjay_dutt.jpg",
        "name": "Sanjay Dutt (360)",
        "mode": "vod_tv_geetm"
    }, {
        "url": "https://www.hindigeetmala.net/actor/rekha.php",
        "image": "https://www.hindigeetmala.net/images/actor_160x120/rekha.jpg",
        "name": "Rekha (352)",
        "mode": "vod_tv_geetm"
    }, {
        "url": "https://www.hindigeetmala.net/actor/hema_malini.php",
        "image": "https://www.hindigeetmala.net/images/actor_160x120/hema_malini.jpg",
        "name": "Hema Malini (350)",
        "mode": "vod_tv_geetm"
    }, {
        "url": "https://www.hindigeetmala.net/actor/rishi_kapoor.php",
        "image": "https://www.hindigeetmala.net/images/actor_160x120/rishi_kapoor.jpg",
        "name": "Rishi Kapoor (346)",
        "mode": "vod_tv_geetm"
    }, {
        "url": "https://www.hindigeetmala.net/actor/shammi_kapoor.php",
        "image": "https://www.hindigeetmala.net/images/actor_160x120/shammi_kapoor.jpg",
        "name": "Shammi Kapoor (323)",
        "mode": "vod_tv_geetm"
    }, {
        "url": "https://www.hindigeetmala.net/actor/madhuri_dixit.php",
        "image": "https://www.hindigeetmala.net/images/actor_160x120/madhuri_dixit.jpg",
        "name": "Madhuri Dixit (289)",
        "mode": "vod_tv_geetm"
    }, {
        "url": "https://www.hindigeetmala.net/actor/karishma_kapoor.php",
        "image": "https://www.hindigeetmala.net/images/actor_160x120/karishma_kapoor.jpg",
        "name": "Karishma Kapoor (287)",
        "mode": "vod_tv_geetm"
    }, {
        "url": "https://www.hindigeetmala.net/actor/dilip_kumar.php",
        "image": "https://www.hindigeetmala.net/images/actor_160x120/dilip_kumar.jpg",
        "name": "Dilip Kumar (285)",
        "mode": "vod_tv_geetm"
    }, {
        "url": "https://www.hindigeetmala.net/actor/madhubala.php",
        "image": "https://www.hindigeetmala.net/images/actor_160x120/madhubala.jpg",
        "name": "Madhubala (270)",
        "mode": "vod_tv_geetm"
    }, {
        "url": "https://www.hindigeetmala.net/actor/sridevi.php",
        "image": "https://www.hindigeetmala.net/images/actor_160x120/sridevi.jpg",
        "name": "Sridevi (268)",
        "mode": "vod_tv_geetm"
    }, {
        "url": "https://www.hindigeetmala.net/actor/ashok_kumar.php",
        "image": "https://www.hindigeetmala.net/images/actor_160x120/ashok_kumar.jpg",
        "name": "Ashok Kumar (255)",
        "mode": "vod_tv_geetm"
    }, {
        "url": "https://www.hindigeetmala.net/actor/kareena_kapoor.php",
        "image": "https://www.hindigeetmala.net/images/actor_160x120/kareena_kapoor.jpg",
        "name": "Kareena Kapoor (248)",
        "mode": "vod_tv_geetm"
    }, {
        "url": "https://www.hindigeetmala.net/actor/meena_kumari.php",
        "image": "https://www.hindigeetmala.net/images/actor_160x120/meena_kumari.jpg",
        "name": "Meena Kumari (243)",
        "mode": "vod_tv_geetm"
    }, {
        "url": "https://www.hindigeetmala.net/actor/raj_kapoor.php",
        "image": "https://www.hindigeetmala.net/images/actor_160x120/raj_kapoor.jpg",
        "name": "Raj Kapoor (239)",
        "mode": "vod_tv_geetm"
    }, {
        "url": "https://www.hindigeetmala.net/actor/juhi_chawla.php",
        "image": "https://www.hindigeetmala.net/images/actor_160x120/juhi_chawla.jpg",
        "name": "Juhi Chawla (218)",
        "mode": "vod_tv_geetm"
    }, {
        "url": "https://www.hindigeetmala.net/actor/vyjayantimala.php",
        "image": "https://www.hindigeetmala.net/images/actor_160x120/vyjayantimala.jpg",
        "name": "Vyjayantimala (213)",
        "mode": "vod_tv_geetm"
    }, {
        "url": "https://www.hindigeetmala.net/actor/aamir_khan.php",
        "image": "https://www.hindigeetmala.net/images/actor_160x120/aamir_khan.jpg",
        "name": "Aamir Khan (208)",
        "mode": "vod_tv_geetm"
    }, {
        "url": "https://www.hindigeetmala.net/actor/kishore_kumar.php",
        "image": "https://www.hindigeetmala.net/images/actor_160x120/kishore_kumar.jpg",
        "name": "Kishore Kumar (208)",
        "mode": "vod_tv_geetm"
    }, {
        "url": "https://www.hindigeetmala.net/actor/sanjeev_kumar.php",
        "image": "https://www.hindigeetmala.net/images/actor_160x120/sanjeev_kumar.jpg",
        "name": "Sanjeev Kumar (207)",
        "mode": "vod_tv_geetm"
    }, {
        "url": "https://www.hindigeetmala.net/actor/priyanka_chopra.php",
        "image": "https://www.hindigeetmala.net/images/actor_160x120/priyanka_chopra.jpg",
        "name": "Priyanka Chopra (204)",
        "mode": "vod_tv_geetm"
    }, {
        "url": "https://www.hindigeetmala.net/actor/nutan.php",
        "image": "https://www.hindigeetmala.net/images/actor_160x120/nutan.jpg",
        "name": "Nutan (202)",
        "mode": "vod_tv_geetm"
    }, {
        "url": "https://www.hindigeetmala.net/actor/nargis.php",
        "image": "https://www.hindigeetmala.net/images/actor_160x120/nargis.jpg",
        "name": "Nargis (198)",
        "mode": "vod_tv_geetm"
    }, {
        "url": "https://www.hindigeetmala.net/actor/asha_parekh.php",
        "image": "https://www.hindigeetmala.net/images/actor_160x120/asha_parekh.jpg",
        "name": "Asha Parekh (192)",
        "mode": "vod_tv_geetm"
    }, {
        "url": "https://www.hindigeetmala.net/actor/manisha_koirala.php",
        "image": "https://www.hindigeetmala.net/images/actor_160x120/manisha_koirala.jpg",
        "name": "Manisha Koirala (191)",
        "mode": "vod_tv_geetm"
    }, {
        "url": "https://www.hindigeetmala.net/actor/rani_mukherjee.php",
        "image": "https://www.hindigeetmala.net/images/actor_160x120/rani_mukherjee.jpg",
        "name": "Rani Mukherjee (191)",
        "mode": "vod_tv_geetm"
    }, {
        "url": "https://www.hindigeetmala.net/actor/mala_sinha.php",
        "image": "https://www.hindigeetmala.net/images/actor_160x120/mala_sinha.jpg",
        "name": "Mala Sinha (187)",
        "mode": "vod_tv_geetm"
    }, {
        "url": "https://www.hindigeetmala.net/actor/rajendra_kumar.php",
        "image": "https://www.hindigeetmala.net/images/actor_160x120/rajendra_kumar.jpg",
        "name": "Rajendra Kumar (181)",
        "mode": "vod_tv_geetm"
    }, {
        "url": "https://www.hindigeetmala.net/actor/waheeda_rehman.php",
        "image": "https://www.hindigeetmala.net/images/actor_160x120/waheeda_rehman.jpg",
        "name": "Waheeda Rehman (178)",
        "mode": "vod_tv_geetm"
    }, {
        "url": "https://www.hindigeetmala.net/music_director/laxmikant_pyarelal.php",
        "image": "https://www.hindigeetmala.net/images/md_160x120/laxmikant_pyarelal.jpg",
        "name": "Laxmikant Pyarelal (2820)",
        "mode": "vod_tv_geetm"
    }, {
        "url": "https://www.hindigeetmala.net/music_director/bappi_lahiri.php",
        "image": "https://www.hindigeetmala.net/images/md_160x120/bappi_lahiri.jpg",
        "name": "Bappi Lahiri (1956)",
        "mode": "vod_tv_geetm"
    }, {
        "url": "https://www.hindigeetmala.net/music_director/r_d_burman.php",
        "image": "https://www.hindigeetmala.net/images/md_160x120/r_d_burman.jpg",
        "name": "R D Burman (1796)",
        "mode": "vod_tv_geetm"
    }, {
        "url": "https://www.hindigeetmala.net/music_director/anu_malik.php",
        "image": "https://www.hindigeetmala.net/images/md_160x120/anu_malik.jpg",
        "name": "Anu Malik (1704)",
        "mode": "vod_tv_geetm"
    }, {
        "url": "https://www.hindigeetmala.net/music_director/kalyanji_anandji.php",
        "image": "https://www.hindigeetmala.net/images/md_160x120/kalyanji_anandji.jpg",
        "name": "Kalyanji Anandji (1386)",
        "mode": "vod_tv_geetm"
    }, {
        "url": "https://www.hindigeetmala.net/music_director/anand_milind.php",
        "image": "https://www.hindigeetmala.net/images/md_160x120/anand_milind.jpg",
        "name": "Anand Milind (1342)",
        "mode": "vod_tv_geetm"
    }, {
        "url": "https://www.hindigeetmala.net/music_director/shankar_jaikishan.php",
        "image": "https://www.hindigeetmala.net/images/md_160x120/shankar_jaikishan.jpg",
        "name": "Shankar Jaikishan (1276)",
        "mode": "vod_tv_geetm"
    }, {
        "url": "https://www.hindigeetmala.net/music_director/chitragupt.php",
        "image": "https://www.hindigeetmala.net/images/md_160x120/chitragupt.jpg",
        "name": "Chitragupt (1009)",
        "mode": "vod_tv_geetm"
    }, {
        "url": "https://www.hindigeetmala.net/music_director/nadeem_shravan.php",
        "image": "https://www.hindigeetmala.net/images/md_160x120/nadeem_shravan.jpg",
        "name": "Nadeem Shravan (872)",
        "mode": "vod_tv_geetm"
    }, {
        "url": "https://www.hindigeetmala.net/music_director/himesh_reshammiya.php",
        "image": "https://www.hindigeetmala.net/images/md_160x120/himesh_reshammiya.jpg",
        "name": "Himesh Reshammiya (860)",
        "mode": "vod_tv_geetm"
    }, {
        "url": "https://www.hindigeetmala.net/music_director/pritam_chakraborty.php",
        "image": "https://www.hindigeetmala.net/images/md_160x120/pritam_chakraborty.jpg",
        "name": "Pritam Chakraborty (817)",
        "mode": "vod_tv_geetm"
    }, {
        "url": "https://www.hindigeetmala.net/music_director/chitalkar_ramchandra.php",
        "image": "https://www.hindigeetmala.net/images/md_160x120/chitalkar_ramchandra.jpg",
        "name": "Chitalkar Ramchandra (817)",
        "mode": "vod_tv_geetm"
    }, {
        "url": "https://www.hindigeetmala.net/music_director/rajesh_roshan.php",
        "image": "https://www.hindigeetmala.net/images/md_160x120/rajesh_roshan.jpg",
        "name": "Rajesh Roshan (816)",
        "mode": "vod_tv_geetm"
    }, {
        "url": "https://www.hindigeetmala.net/music_director/usha_khanna.php",
        "image": "https://www.hindigeetmala.net/images/md_160x120/usha_khanna.jpg",
        "name": "Usha Khanna (784)",
        "mode": "vod_tv_geetm"
    }, {
        "url": "https://www.hindigeetmala.net/music_director/ravi.php",
        "image": "https://www.hindigeetmala.net/images/md_160x120/ravi.jpg",
        "name": "Ravi (765)",
        "mode": "vod_tv_geetm"
    }, {
        "url": "https://www.hindigeetmala.net/music_director/s_n_tripathi.php",
        "image": "https://www.hindigeetmala.net/images/md_160x120/s_n_tripathi.jpg",
        "name": "S N Tripathi (743)",
        "mode": "vod_tv_geetm"
    }, {
        "url": "https://www.hindigeetmala.net/music_director/a_r_rahman.php",
        "image": "https://www.hindigeetmala.net/images/md_160x120/a_r_rahman.jpg",
        "name": "A R Rahman (727)",
        "mode": "vod_tv_geetm"
    }, {
        "url": "https://www.hindigeetmala.net/music_director/sachin_dev_burman.php",
        "image": "https://www.hindigeetmala.net/images/md_160x120/sachin_dev_burman.jpg",
        "name": "Sachin Dev Burman (700)",
        "mode": "vod_tv_geetm"
    }, {
        "url": "https://www.hindigeetmala.net/music_director/madan_mohan.php",
        "image": "https://www.hindigeetmala.net/images/md_160x120/madan_mohan.jpg",
        "name": "Madan Mohan (673)",
        "mode": "vod_tv_geetm"
    }, {
        "url": "https://www.hindigeetmala.net/music_director/ravindra_jain.php",
        "image": "https://www.hindigeetmala.net/images/md_160x120/ravindra_jain.jpg",
        "name": "Ravindra Jain (638)",
        "mode": "vod_tv_geetm"
    }, {
        "url": "https://www.hindigeetmala.net/music_director/naushad.php",
        "image": "https://www.hindigeetmala.net/images/md_160x120/naushad.jpg",
        "name": "Naushad (634)",
        "mode": "vod_tv_geetm"
    }, {
        "url": "https://www.hindigeetmala.net/music_director/bulo_c_rani.php",
        "image": "https://www.hindigeetmala.net/images/md_160x120/bulo_c_rani.jpg",
        "name": "Bulo C Rani (607)",
        "mode": "vod_tv_geetm"
    }, {
        "url": "https://www.hindigeetmala.net/music_director/o_p_nayyar.php",
        "image": "https://www.hindigeetmala.net/images/md_160x120/o_p_nayyar.jpg",
        "name": "O P Nayyar (598)",
        "mode": "vod_tv_geetm"
    }, {
        "url": "https://www.hindigeetmala.net/music_director/anil_biswas.php",
        "image": "https://www.hindigeetmala.net/images/md_160x120/anil_biswas.jpg",
        "name": "Anil Biswas (585)",
        "mode": "vod_tv_geetm"
    }, {
        "url": "https://www.hindigeetmala.net/music_director/anand_raj_anand.php",
        "image": "https://www.hindigeetmala.net/images/md_160x120/anand_raj_anand.jpg",
        "name": "Anand Raj Anand (549)",
        "mode": "vod_tv_geetm"
    }, {
        "url": "https://www.hindigeetmala.net/music_director/hansraj_behl.php",
        "image": "https://www.hindigeetmala.net/images/md_160x120/hansraj_behl.jpg",
        "name": "Hansraj Behl (522)",
        "mode": "vod_tv_geetm"
    }, {
        "url": "https://www.hindigeetmala.net/music_director/jatin_lalit.php",
        "image": "https://www.hindigeetmala.net/images/md_160x120/jatin_lalit.jpg",
        "name": "Jatin Lalit (490)",
        "mode": "vod_tv_geetm"
    }, {
        "url": "https://www.hindigeetmala.net/music_director/shankar_ehsaan_loy.php",
        "image": "https://www.hindigeetmala.net/images/md_160x120/shankar_ehsaan_loy.jpg",
        "name": "Shankar Ehsaan Loy (484)",
        "mode": "vod_tv_geetm"
    }, {
        "url": "https://www.hindigeetmala.net/music_director/hemant_kumar.php",
        "image": "https://www.hindigeetmala.net/images/md_160x120/hemant_kumar.jpg",
        "name": "Hemant Kumar (473)",
        "mode": "vod_tv_geetm"
    }, {
        "url": "https://www.hindigeetmala.net/music_director/jagjit_singh.php",
        "image": "https://www.hindigeetmala.net/images/md_160x120/jagjit_singh.jpg",
        "name": "Jagjit Singh (455)",
        "mode": "vod_tv_geetm"
    }, {
        "url": "https://www.hindigeetmala.net/music_director/gyan_dutt.php",
        "image": "https://www.hindigeetmala.net/images/md_160x120/gyan_dutt.jpg",
        "name": "Gyan Dutt (447)",
        "mode": "vod_tv_geetm"
    }, {
        "url": "https://www.hindigeetmala.net/music_director/sonik_omi.php",
        "image": "https://www.hindigeetmala.net/images/md_160x120/sonik_omi.jpg",
        "name": "Sonik Omi (443)",
        "mode": "vod_tv_geetm"
    }, {
        "url": "https://www.hindigeetmala.net/music_director/husnlal_bhagatram.php",
        "image": "https://www.hindigeetmala.net/images/md_160x120/husnlal_bhagatram.jpg",
        "name": "Husnlal Bhagatram (441)",
        "mode": "vod_tv_geetm"
    }, {
        "url": "https://www.hindigeetmala.net/music_director/vishal_shekhar.php",
        "image": "https://www.hindigeetmala.net/images/md_160x120/vishal_shekhar.jpg",
        "name": "Vishal Shekhar (437)",
        "mode": "vod_tv_geetm"
    }, {
        "url": "https://www.hindigeetmala.net/music_director/roshan.php",
        "image": "https://www.hindigeetmala.net/images/md_160x120/roshan.jpg",
        "name": "Roshan (431)",
        "mode": "vod_tv_geetm"
    }, {
        "url": "https://www.hindigeetmala.net/music_director/aadesh_shrivastava.php",
        "image": "https://www.hindigeetmala.net/images/md_160x120/aadesh_shrivastava.jpg",
        "name": "Aadesh Shrivastava (421)",
        "mode": "vod_tv_geetm"
    }, {
        "url": "https://www.hindigeetmala.net/lyricist/sameer.php",
        "image": "https://www.hindigeetmala.net/images/lyricist_160x120/sameer.jpg",
        "name": "Sameer (4054)",
        "mode": "vod_tv_geetm"
    }, {
        "url": "https://www.hindigeetmala.net/lyricist/anand_bakshi.php",
        "image": "https://www.hindigeetmala.net/images/lyricist_160x120/anand_bakshi.jpg",
        "name": "Anand Bakshi (3432)",
        "mode": "vod_tv_geetm"
    }, {
        "url": "https://www.hindigeetmala.net/lyricist/majrooh_sultanpuri.php",
        "image": "https://www.hindigeetmala.net/images/lyricist_160x120/majrooh_sultanpuri.jpg",
        "name": "Majrooh Sultanpuri (2025)",
        "mode": "vod_tv_geetm"
    }, {
        "url": "https://www.hindigeetmala.net/lyricist/indeevar.php",
        "image": "https://www.hindigeetmala.net/images/lyricist_160x120/indeevar.jpg",
        "name": "Indeevar (1646)",
        "mode": "vod_tv_geetm"
    }, {
        "url": "https://www.hindigeetmala.net/lyricist/rajinder_krishan.php",
        "image": "https://www.hindigeetmala.net/images/lyricist_160x120/rajinder_krishan.jpg",
        "name": "Rajinder Krishan (1399)",
        "mode": "vod_tv_geetm"
    }, {
        "url": "https://www.hindigeetmala.net/lyricist/anjaan.php",
        "image": "https://www.hindigeetmala.net/images/lyricist_160x120/anjaan.jpg",
        "name": "Anjaan (1223)",
        "mode": "vod_tv_geetm"
    }, {
        "url": "https://www.hindigeetmala.net/lyricist/hasrat_jaipuri.php",
        "image": "https://www.hindigeetmala.net/images/lyricist_160x120/hasrat_jaipuri.jpg",
        "name": "Hasrat Jaipuri (1140)",
        "mode": "vod_tv_geetm"
    }, {
        "url": "https://www.hindigeetmala.net/lyricist/bharat_vyas.php",
        "image": "https://www.hindigeetmala.net/images/lyricist_160x120/bharat_vyas.jpg",
        "name": "Bharat Vyas (1135)",
        "mode": "vod_tv_geetm"
    }, {
        "url": "https://www.hindigeetmala.net/lyricist/javed_akhtar.php",
        "image": "https://www.hindigeetmala.net/images/lyricist_160x120/javed_akhtar.jpg",
        "name": "Javed Akhtar (1092)",
        "mode": "vod_tv_geetm"
    }, {
        "url": "https://www.hindigeetmala.net/lyricist/prem_dhawan.php",
        "image": "https://www.hindigeetmala.net/images/lyricist_160x120/prem_dhawan.jpg",
        "name": "Prem Dhawan (869)",
        "mode": "vod_tv_geetm"
    }, {
        "url": "https://www.hindigeetmala.net/lyricist/gulzar.php",
        "image": "https://www.hindigeetmala.net/images/lyricist_160x120/gulzar.jpg",
        "name": "Gulzar (861)",
        "mode": "vod_tv_geetm"
    }, {
        "url": "https://www.hindigeetmala.net/lyricist/shailendra.php",
        "image": "https://www.hindigeetmala.net/images/lyricist_160x120/shailendra.jpg",
        "name": "Shailendra (838)",
        "mode": "vod_tv_geetm"
    }, {
        "url": "https://www.hindigeetmala.net/lyricist/sahir_ludhianvi.php",
        "image": "https://www.hindigeetmala.net/images/lyricist_160x120/sahir_ludhianvi.jpg",
        "name": "Sahir Ludhianvi (767)",
        "mode": "vod_tv_geetm"
    }, {
        "url": "https://www.hindigeetmala.net/lyricist/shakeel_badayuni.php",
        "image": "https://www.hindigeetmala.net/images/lyricist_160x120/shakeel_badayuni.jpg",
        "name": "Shakeel Badayuni (755)",
        "mode": "vod_tv_geetm"
    }, {
        "url": "https://www.hindigeetmala.net/lyricist/pandit_indra.php",
        "image": "https://www.hindigeetmala.net/images/lyricist_160x120/pandit_indra.jpg",
        "name": "Pandit Indra (736)",
        "mode": "vod_tv_geetm"
    }, {
        "url": "https://www.hindigeetmala.net/lyricist/qamar_jalalabadi.php",
        "image": "https://www.hindigeetmala.net/images/lyricist_160x120/qamar_jalalabadi.jpg",
        "name": "Qamar Jalalabadi (696)",
        "mode": "vod_tv_geetm"
    }, {
        "url": "https://www.hindigeetmala.net/lyricist/kumaar.php",
        "image": "https://www.hindigeetmala.net/images/lyricist_160x120/kumaar.jpg",
        "name": "Kumaar (688)",
        "mode": "vod_tv_geetm"
    }, {
        "url": "https://www.hindigeetmala.net/lyricist/d_n_madhok.php",
        "image": "https://www.hindigeetmala.net/images/lyricist_160x120/d_n_madhok.jpg",
        "name": "D N Madhok (680)",
        "mode": "vod_tv_geetm"
    }, {
        "url": "https://www.hindigeetmala.net/lyricist/dev_kohli.php",
        "image": "https://www.hindigeetmala.net/images/lyricist_160x120/dev_kohli.jpg",
        "name": "Dev Kohli (646)",
        "mode": "vod_tv_geetm"
    }, {
        "url": "https://www.hindigeetmala.net/lyricist/ravindra_jain.php",
        "image": "https://www.hindigeetmala.net/images/lyricist_160x120/ravindra_jain.jpg",
        "name": "Ravindra Jain (534)",
        "mode": "vod_tv_geetm"
    }, {
        "url": "https://www.hindigeetmala.net/lyricist/asad_bhopali.php",
        "image": "https://www.hindigeetmala.net/images/lyricist_160x120/picture_not_available.jpg",
        "name": "Asad Bhopali (493)",
        "mode": "vod_tv_geetm"
    }, {
        "url": "https://www.hindigeetmala.net/lyricist/irshad_kamil.php",
        "image": "https://www.hindigeetmala.net/images/lyricist_160x120/picture_not_available.jpg",
        "name": "Irshad Kamil (479)",
        "mode": "vod_tv_geetm"
    }, {
        "url": "https://www.hindigeetmala.net/lyricist/verma_malik.php",
        "image": "https://www.hindigeetmala.net/images/lyricist_160x120/picture_not_available.jpg",
        "name": "Verma Malik (476)",
        "mode": "vod_tv_geetm"
    }, {
        "url": "https://www.hindigeetmala.net/lyricist/raja_mehdi_ali_khan.php",
        "image": "https://www.hindigeetmala.net/images/lyricist_160x120/raja_mehdi_ali_khan.jpg",
        "name": "Raja Mehdi Ali Khan (469)",
        "mode": "vod_tv_geetm"
    }, {
        "url": "https://www.hindigeetmala.net/category/romantic_songs.php",
        "image": "https://www.hindigeetmala.net/images/cat_160x120/romantic_songs.jpg",
        "name": "Romantic Songs (7105)",
        "mode": "vod_tv_geetm"
    }, {
        "url": "https://www.hindigeetmala.net/category/ghazals.php",
        "image": "https://www.hindigeetmala.net/images/cat_160x120/ghazals.jpg",
        "name": "Ghazals (1949)",
        "mode": "vod_tv_geetm"
    }, {
        "url": "https://www.hindigeetmala.net/category/patriotic_songs.php",
        "image": "https://www.hindigeetmala.net/images/cat_160x120/patriotic_songs.jpg",
        "name": "Patriotic Songs (309)",
        "mode": "vod_tv_geetm"
    }, {
        "url": "https://www.hindigeetmala.net/category/motivational_songs.php",
        "image": "https://www.hindigeetmala.net/images/cat_160x120/motivational_songs.jpg",
        "name": "Motivational Songs (233)",
        "mode": "vod_tv_geetm"
    }, {
        "url": "https://www.hindigeetmala.net/category/sad_songs.php",
        "image": "https://www.hindigeetmala.net/images/cat_160x120/sad_songs.jpg",
        "name": "Sad Songs (3800)",
        "mode": "vod_tv_geetm"
    }, {
        "url": "https://www.hindigeetmala.net/category/happy_songs.php",
        "image": "https://www.hindigeetmala.net/images/cat_160x120/happy_songs.jpg",
        "name": "Happy Songs (1066)",
        "mode": "vod_tv_geetm"
    }, {
        "url": "https://www.hindigeetmala.net/category/religious_songs.php",
        "image": "https://www.hindigeetmala.net/images/cat_160x120/religious_songs.jpg",
        "name": "Religious Songs (928)",
        "mode": "vod_tv_geetm"
    }, {
        "url": "https://www.hindigeetmala.net/category/tareef_songs.php",
        "image": "https://www.hindigeetmala.net/images/cat_160x120/tareef_songs.jpg",
        "name": "Tareef Songs (440)",
        "mode": "vod_tv_geetm"
    }, {
        "url": "https://www.hindigeetmala.net/category/classical_songs.php",
        "image": "https://www.hindigeetmala.net/images/cat_160x120/classical_songs.jpg",
        "name": "Classical Songs (228)",
        "mode": "vod_tv_geetm"
    }, {
        "url": "https://www.hindigeetmala.net/search.php?type=1&value=",
        "image": "special://home/addons/plugin.video.infinite/resources/lib/indexers/hindi/h_icon/search-icon.png",
        "name": "Search by Singer",
        "mode": "vod_tv_geetm"
    }, {
        "url": "https://www.hindigeetmala.net/search.php?type=2&value=",
        "image": "special://home/addons/plugin.video.infinite/resources/lib/indexers/hindi/h_icon/search-icon.png",
        "name": "Search by Composer",
        "mode": "vod_tv_geetm"
    }, {
        "url": "https://www.hindigeetmala.net/search.php?type=3&value=",
        "image": "special://home/addons/plugin.video.infinite/resources/lib/indexers/hindi/h_icon/search-icon.png",
        "name": "Search by Movie",
        "mode": "vod_tv_geetm"
    }, {
        "url": "https://www.hindigeetmala.net/search.php?type=8&value=",
        "image": "special://home/addons/plugin.video.infinite/resources/lib/indexers/hindi/h_icon/search-icon.png",
        "name": "Search by Song",
        "mode": "vod_tv_geetm"
    }
]
