[{"title": "News18 Lokmat", "url": "https://news18lokmat-lh.akamaihd.net/i/n18lokmat_1@178974/index_5_av-p.m3u8", "poster": "https://i.imgur.com/QqwX8Ye.jpg", "action": "ltp_pluto", "tvg_id": "", "tvg_name": "", "group_title": "INDIA"}, {"title": "SAAM Marathi", "url": "https://8ovgdkm5rmpw-hls-live.wmncdn.net:443/saam/live.stream/chunks.m3u8", "poster": "https://gumlet.assettype.com/saamtv/2021-06/147be8c3-59eb-4715-92db-47de06f2f545/saamtv_logo.png", "action": "ltp_pluto"}, {"title": "Lokshahi News", "url": "https://see.lokshahi.live/live/index.m3u8", "poster": "https://see.lokshahi.live/poster.jpg", "action": "ltp_pluto"}, {"title": "ZoomOn News", "url": "http://i-player.in:1935/zoom/live2/playlist.m3u8", "poster": "http://visuallive.tv/upload/source/Zoomon%20Marathi%20Logo.png", "action": "ltp_pluto"}, {"title": "TV9 Marathi", "url": "https://vidcdn.vidgyor.com/tv9marathi-origin/live/tv9marathi-origin/live1/chunks.m3u8", "poster": "https://d282wbz2keffpz.cloudfront.net/wp-content/uploads/2018/04/16001830/TV9_MARATHI-wecompress.com_.png", "action": "ltp_pluto"}, {"title": "ABP Majha", "url": "https://abp-i.akamaihd.net/hls/live/765531/abpmajha/master_764.m3u8", "poster": "https://static.abplive.com/wp-content/themes/abp-majha/images/majha-desktop.png", "action": "ltp_pluto"}, {"title": "News 18 India", "url": "https://news18india-lh.akamaihd.net/i/news18india_1@174951/index_4_av-p.m3u8", "poster": "https://static.hindi.news18.com/ibnkhabar/uploads/2018/03/News18-INDIA_LOGO_WEB_NEW_2.png", "action": "ltp_pluto", "tvg_id": "", "tvg_name": "", "group_title": "INDIA"}, {"title": "India TV", "url": "https://live-indiatvnews.akamaized.net/indiatv-origin/liveabr/playlist.m3u8", "poster": "https://static.indiatv.in/khabar-global/images/india-tv-in.png", "action": "ltp_pluto", "tvg_id": "", "tvg_name": "", "group_title": "Findi"}, {"title": "News Nation", "url": "https://m-c02-j2apps.s.llnwi.net/hls/1062.NewsNation.in_480p/index.m3u8", "poster": "https://static.newsnation.in/livetv-logo/newsnation-player-logo-640x360.jpg", "action": "ltp_pluto"}, {"title": "ABP News", "url": "https://abp-i.akamaihd.net:443/hls/live/765529/abphindi/master_1564.m3u8", "poster": "https://static.abplive.in/wp-content/themes/abp-hindi/images/logo/hindiLogoD.png", "action": "ltp_pluto", "tvg_id": "", "tvg_name": "", "group_title": "Hindi"}, {"title": "India News", "url": "https://m-c036-j2apps.s.llnwi.net/hls/0442.IndiaNews.in_480p/index.m3u8", "poster": "https://qqcdnpicweb.mxplay.com/media/images/0442.IndiaNews.in/1x1/5x/test_pic1552315699798.jpg", "action": "ltp_pluto"}, {"title": "Zee News", "url": "https://d233nwklwv8p4.cloudfront.net/out/v1/860cb318d23a4c64b58c9d625281170c/index_3.m3u8", "poster": "https://english.cdn.zeenews.com/images/logo/zeenewslogo_footer.png", "action": "ltp_pluto"}, {"title": "AajTak", "url": "https://aajtaklive-amd.akamaized.net/hls/live/2014416/aajtak/aajtaklive/aajtak_5/chunklist.m3u8", "poster": "https://smedia2.intoday.in/aajtak/at_4.130220/resources/theme_v2/common/images/homeLogo.png", "action": "ltp_pluto", "group_title": "", "tvg_id": "", "tvg_name": ""}, {"title": "Good News Today", "url": "https://tezlive-amd.akamaized.net/hls/live/2016145/tez/tezlive/tez_3/chunklist.m3u8", "poster": "https://akm-img-a-in.tosshub.com/aajtak/resource/img/gnttv-logo.png", "action": "ltp_pluto"}, {"title": "NDTV India", "url": "https://ndtvindiaelemarchana.akamaized.net/hls/live/2003679/ndtvindia/masterp_480p@3.m3u8", "poster": "http://drop.ndtv.com/albums/GADGETS/indianapps/ndtvapp.jpg", "action": "ltp_pluto", "tvg_id": "", "tvg_name": "", "group_title": "INDIA"}, {"title": "TV9 Bharatvarsh", "url": "https://vidcdn.vidgyor.com/tv9bharatvarsh-origin/live/tv9bharatvarsh-origin/live3/chunks.m3u8", "poster": "https://www.tv9bharatvarsh.com/wp-content/uploads/2020/01/BHARATVARSH-logo-1.png", "action": "ltp_pluto"}, {"title": "Republic Bharat", "url": "plugin://plugin.video.youtube/play/?video_id=9fs7L2rNUEk", "poster": "https://bharat.republicworld.com/assets/images/rbharat-logo.jpg", "action": "ltp_pluto"}, {"title": "Times Now Navbharat", "url": "https://pubads.g.doubleclick.net/ssai/event/nRWQsGoJSzmcErJFgAy67g/master.m3u8", "poster": "icon.png", "action": "ltp_pluto"}, {"title": "News India", "url": "https://m-c16-j2apps.s.llnwi.net/hls/3240.NewsIndia24X7.in_480p/index.m3u8", "poster": "https://content3.jdmagicbox.com/comp/jaipur/j3/0141px141.x141.170401153009.s2j3/catalogue/news-india-chandwaji-jaipur-26azxrg.jpg", "action": "ltp_pluto"}, {"title": "News 1 India", "url": "https://m-c18-j2apps.s.llnwi.net/hls/7043.News1India.in_480p/index.m3u8", "poster": "https://news1india.in/wp-content/uploads/2021/04/logo-news1india.png", "action": "ltp_pluto"}, {"title": "Khabrain Abhi Tak", "url": "https://vidcdn.vidgyor.com/kat-origin/liveabr/playlist.m3u8", "poster": "https://www.khabrainabhitak.org/wp-content/uploads/2018/04/logo-website.jpg", "action": "ltp_pluto", "group_title": "\u0928\u094d\u092f\u0942\u091c\u093c"}, {"title": "News 24", "url": "https://vidcdn.vidgyor.com/news24-origin/liveabr/news24-origin/live2/chunks.m3u8", "poster": "https://storage.googleapis.com/bag_media_store/static_dev/static_root/images/logo.png", "action": "ltp_pluto"}, {"title": "Janata TV", "url": "https://m-c18-j2apps.s.llnwi.net/hls/1604.JantaTV.in_480p/index.m3u8", "poster": "https://www.jantatv.com/images/logos/logo.png", "action": "ltp_pluto"}, {"title": "1st News", "url": "https://xlbor37ydvaj-hls-live.wmncdn.net/firstindianewstv1/live.stream/index.m3u8", "poster": "https://firstindianews.com/images/logo.png", "action": "ltp_pluto"}, {"title": "Jan TV", "url": "http://jantvstream.in:1935/edge1/sc1jantv.stream_aac/chunklist_w111567474.m3u8", "poster": "http://www.jantv.in/Images/jantv_logo.jpeg", "action": "ltp_pluto", "group_title": "\u0928\u094d\u092f\u0942\u091c\u093c"}, {"title": "K News India", "url": "https://knews.livebox.co.in/youtubehls/live.m3u8", "poster": "https://www.knews.in/assets/front_panel/images/logo.png", "action": "ltp_pluto", "group_title": "\u0928\u094d\u092f\u0942\u091c\u093c"}, {"title": "DD News", "url": "https://m-c048-j2apps.s.llnwi.net/hls/0182.DDNews.in_480p/index.m3u8", "poster": "https://ddnews.gov.in/sites/all/themes/cmf/logo.png", "action": "ltp_pluto"}, {"title": "Sansad TV", "url": "https://playhls.media.nic.in/live/rstv-360p/index.m3u8", "poster": "https://rstv.nic.in/wp-content/uploads/2016/12/rstv-logo.jpg", "action": "ltp_pluto"}, {"title": "Mirror Now", "url": "http://mbnowweb-lh.akamaihd.net/i/MRN_1@346545/index_576_av-p.m3u8", "poster": "https://iks.timesnownews.com/s/v1/img/logo/d_mrnowlogo.jpg", "action": "ltp_pluto"}, {"title": "Times Now", "url": "https://timesnow-lh.akamaihd.net/i/TNHD_1@129288/index_480_av-p.m3u8", "poster": "https://iks.timesnownews.com/s/v1/img/c_livetvbg.png", "action": "ltp_pluto"}, {"title": "Republic TV", "url": "plugin://plugin.video.youtube/play/?video_id=xtoOK86mW8Y", "poster": "https://img.republicworld.com/republic-prod/logo/tr:w-173,h-34/r-logo-web.png", "action": "ltp_pluto", "tvg_id": "", "tvg_name": "", "group_title": "India(English)"}, {"title": "NDTV 24x7", "url": "https://ndtv24x7elemarchana.akamaized.net/hls/live/2003678/ndtv24x7/masterp_480p@1.m3u8", "poster": "http://singteltv.com.sg/_channels/pic_ch678.jpg", "action": "ltp_pluto", "tvg_id": "", "tvg_name": "", "group_title": "India-WebTV"}, {"title": "India Today", "url": "https://indiatodaylive.akamaized.net/hls/live/2014320/indiatoday/indiatodaylive/indiatoday_4/chunklist.m3u8", "poster": "https://akm-img-a-in.tosshub.com/sites/all/themes/itg/logo.png", "action": "ltp_pluto", "tvg_id": "", "tvg_name": "", "group_title": "India(English)"}, {"title": "CNN News 18", "url": "https://cnnnews18-lh.akamaihd.net/i/cnnnews18_1@174950/index_5_av-p.m3u8", "poster": "https://images.news18.com/static_news18/pix/ibnhome/news18/footer-images/cnnnews18.png", "action": "ltp_pluto"}, {"title": "Aljazeera News", "url": "https://live-hls-web-aje.getaj.net/AJE/01.m3u8", "poster": "icon.png", "action": "ltp_pluto", "tvg_id": "", "tvg_name": "", "group_title": "English"}, {"title": "BBC World", "url": "http://103.199.161.254/Content/bbcworld/Live/Channel(BBCworld)/index.m3u8", "poster": "http://static.bbcverticals.com/wwfeatures/tv/assets/logos/16x9/bbc-world-news.png", "action": "ltp_pluto"}, {"title": "CNN", "url": "https://cnn-cnninternational-1-de.samsung.wurl.com/manifest/playlist.m3u8", "poster": "icon.png", "action": "ltp_pluto", "subtitles": "000"}, {"title": "CNBC Awaaz", "url": "https://cnbcawaaz-lh.akamaihd.net/i/cnbcawaaz_1@174872/index_5_av-p.m3u8", "poster": "https://upload.wikimedia.org/wikipedia/en/a/a7/CNBC_Awaaz_2010.png", "action": "ltp_pluto", "tvg_id": "", "tvg_name": "", "group_title": "Hindi"}, {"title": "CNBC TV 18", "url": "https://cnbctv18-lh.akamaihd.net/i/cnbctv18_1@174868/index_5_av-p.m3u8?sd=10", "poster": "https://static.cnbctv18.com/assets/images/cnbc-logo.png?v=1.png", "action": "ltp_pluto", "tvg_id": "", "tvg_name": "", "group_title": "India(English)"}, {"title": "ET Now", "url": "https://etnowweblive-lh.akamaihd.net/i/ETN_1@348070/index_576_av-b.m3u8", "poster": "icon.png", "action": "ltp_pluto"}, {"title": "DD National", "url": "https://m-c036-j2apps.s.llnwi.net/hls/0098.DDNational.in_480p/index.m3u8", "poster": "https://static.epg.best/in/DDNational.in.png", "action": "ltp_pluto"}, {"title": "EPIC", "url": "https://m-c03-j2apps.s.llnwi.net/hls/2639.Epic.in_480p/index.m3u8", "poster": "https://exchange4media.gumlet.io/news-photo/fs_69301.jpg", "action": "ltp_pluto"}, {"title": "9X Jalwa", "url": "http://14.199.164.20:4001/play/a0nc/index.m3u8", "poster": "icon.png", "action": "ltp_pluto"}, {"title": "9X Jhakaas", "url": "http://14.199.164.20:4001/play/a0mx/index.m3u8", "poster": "icon.png", "action": "ltp_pluto"}, {"title": "Dil Se", "url": "https://live.hungama.com:443/linear/dil-se/playlist_480p/index.m3u8", "poster": "https://i.imgur.com/TCF8nBO.jpg", "action": "ltp_pluto", "tvg_id": "", "tvg_name": "", "tvg_language": "Hindi", "group_title": ""}, {"title": "Pop Pataka", "url": "https://live.hungama.com:443/linear/pop-pataka/playlist_480p/index.m3u8", "poster": "https://www.hungama.com/assets/images/logo.png", "action": "ltp_pluto", "tvg_id": "", "tvg_name": "", "tvg_language": "Hindi", "group_title": ""}, {"title": "Artist Aloud", "url": "https://live.hungama.com:443/linear/artist-aloud/playlist_480p/index.m3u8", "poster": "https://www.hungama.org/wp-content/uploads/2019/06/logo.png", "action": "ltp_pluto", "group_title": "\u0938\u0902\u0917\u0940\u0924"}, {"title": "Boogle Bollywood", "url": "http://live.agmediachandigarh.com/booglebollywood/774e3ea9f3fa9bcdac47f445b83b6653.sdp/index.m3u8", "poster": "http://booglebollywood.com/wp-content/uploads/2018/02/boogle-bollywood-final_2-300x96.png", "action": "ltp_pluto", "tvg_id": "", "tvg_name": "", "tvg_language": "Hindi", "tvg_country": "IN", "tvg_url": "", "group_title": "Hindi"}, {"title": "Steelbird Music", "url": "http://cdn25.live247stream.com/steelbirdmusic/tv/playlist.m3u8", "poster": "https://i.imgur.com/nwxCDxG.png", "action": "ltp_pluto", "tvg_id": "", "tvg_name": "", "tvg_language": "Hindi", "group_title": ""}, {"title": "Shemaroo Hindi", "url": "https://livechannel.shemaroome.com/linearplayout/02-bollywood-classic/chunklist_1920x1080_cf.m3u8", "poster": "https://shopping.shemaroo.com/India/images/logo.png", "action": "ltp_pluto", "group_title": "Movies"}, {"title": "Shemaroo Bollywood Premier", "url": "https://livechannel.shemaroome.com/linearplayout/bollywood-premier-channel/chunklist_1920x1080_cf.m3u8", "poster": "https://shopping.shemaroo.com/India/images/logo.png", "action": "ltp_pluto", "group_title": "Movies"}, {"title": "Swamiji TV", "url": "http://stream.swamiji.tv/YogaIPTV/smil:YogaStream.smil/playlist.m3u8", "poster": "icon.png", "action": "ltp_pluto", "tvg_id": "", "tvg_name": "", "group_title": "India-WebTV"}, {"title": "DD Sports", "url": "http://103.199.161.254/Content/ddsports/Live/Channel(DDSPORTS)/Stream(02)/index.m3u8", "poster": "http://www.livenewsmag.com/wp-content/uploads/2017/03/DD-Sports-TV.jpg", "action": "ltp_pluto", "tvg_id": "", "tvg_name": "", "group_title": "Sport"}, {"title": "DSport", "url": "http://jiocgehub.jio.ril.com/Dsports_HD/Dsports_HD_800.m3u8", "poster": "https://upload.wikimedia.org/wikipedia/en/thumb/e/eb/DSport_logo.png/300px-DSport_logo.png", "action": "ltp_pluto", "tvg_id": "", "tvg_name": "", "group_title": "Sport"}, {"title": "92 News", "url": "http://92news.vdn.dstreamone.net/92newshd/92hd/playlist.m3u8", "poster": "icon.png", "action": "ltp_pluto", "tvg_id": "", "tvg_name": "", "group_title": "Paki"}, {"title": "Sony YAY", "url": "http://70.39.83.58:8278/sonyyayhindikdin/playlist.m3u8", "poster": "https://origindev-static.sonyliv.com/UI_icons/Sony_Yay.png", "action": "ltp_pluto", "group_title": "Kids"}, {"title": "Nick Hindi", "url": "http://pkr.cinepex.tv:8278/nickhindikdin/playlist.m3u8", "poster": "https://www.tvchannelpricelist.com/wp-content/uploads/channels-logo-300/nicks-hd-plus-logo-300x300.jpg", "action": "ltp_pluto", "tvg_name": "Nick", "group_title": "Kids"}, {"title": "Sonic Nickeloden", "url": "http://70.39.83.58:8278/sonichindikdin/playlist.m3u8", "poster": "https://i.imgur.com/dlL02Rv.png", "action": "ltp_pluto", "group_title": "Kids"}, {"title": "Hungama Tv", "url": "http://70.39.83.58:8278/hungamahindikdin/playlist.m3u8", "poster": "https://i.imgur.com/t0Ecro6.png", "action": "ltp_pluto", "group_title": "Kids"}, {"title": "Cartoon Network", "url": "http://70.39.83.58:8278/cartoonnetworkhindikdin/playlist.m3u8", "poster": "https://i.imgur.com/M9Z5cfD.png", "action": "ltp_pluto", "group_title": "Kids"}, {"title": "CN HD+", "url": "http://198.16.106.62:8278/streams/d/Cn/playlist.m3u8", "poster": "https://1.bp.blogspot.com/-8gnLKuPOoAo/YNPUZLIpFII/AAAAAAAAACc/eqvkNxSMvuMb1tzJoTKbgn50R3dOVWFHwCLcBGAsYHQ/s320/1811px-Cartoon_Network_HD_logo.svg.png", "action": "ltp_pluto", "group_title": "Kids"}, {"title": "Disney Channel", "url": "http://stream.tvtap.live:8081/live/disney.stream/chunks.m3u8", "poster": "https://www.vhv.rs/dpng/d/466-4667900_disney-channel-logo-png-disney-channel-logo-transparent.png", "action": "ltp_pluto", "group_title": "Kids"}, {"title": "Big Magic", "url": "https://f8e7y4c6.ssl.hwcdn.net/bigmagic/tracks-v1a1/index.m3u8x", "poster": "https://akamaividz.zee5.com/resources/0-9-bigmagic_1786965389/list/386x386/09bigmagic_1786965389bigma.png", "action": "ltp_pluto", "group_title": "Kids"}, {"title": "Shemaroo Kids", "url": "https://livechannel.shemaroome.com/linearplayout/kids-linear-channel/chunklist_640x360_cf.m3u8", "poster": "icon.png", "action": "ltp_pluto"}, {"title": "Food Food", "url": "https://m-c07-j2apps.s.llnwi.net/hls/7005.FoodFoodChannel.in.m3u8", "poster": "icon.png", "action": "ltp_pluto", "group_title": "Documentery"}, {"title": "TLC", "url": "http://jo123.biz:80/jweb/m3u8.php?c=TLC_Hindi&=800&e=.m3u8", "poster": "https://i.imgur.com/iXwGMoe.png", "action": "ltp_pluto", "group_title": "Documentery"}, {"title": "Animal Planet", "url": "https://idvd.multitvsolution.com/idvo/aphdhindi_540p/index.m3u8", "poster": "https://upload.wikimedia.org/wikipedia/commons/thumb/2/20/2018_Animal_Planet_logo.svg/220px-2018_Animal_Planet_logo.svg.png", "action": "ltp_pluto", "group_title": "Documentery"}, {"title": "Discovery Hindi", "url": "https://idvd.multitvsolution.com:443/idvo/discoveryhindi_540p/index.m3u8", "poster": "https://i.imgur.com/ESeGnT2.jpg", "action": "ltp_pluto", "group_title": "Documentery"}, {"title": "Discovery Science Hindi", "url": "https://idvd.multitvsolution.com:443/idvo/discoversciencehindi_540p/index.m3u8", "poster": "https://encrypted-tbn0.gstatic.com/images?q=tbn:ANd9GcQT4IXdzztVTiAlJyXMeOXXONdpUWawc21Y_A&usqp=CAU", "action": "ltp_pluto", "group_title": "Documentery"}, {"title": "Discovery Turbo", "url": "https://idvd.multitvsolution.com:443/idvo/turboeng_540p/index.m3u8", "poster": "https://bestmediainfo.com/uploads/2014/11/Turbo-logo-Black-top.jpg", "action": "ltp_pluto", "group_title": "Documentery"}, {"title": "BBC Earth", "url": "https://feed.play.mv/live/10005200/7EsSDh7aX6/master.m3u8", "poster": "https://upload.wikimedia.org/wikipedia/en/4/44/BBC_Earth_logo.png", "action": "ltp_pluto", "group_title": "Documentery"}, {"title": "Travel XP English", "url": "https://travelxp-travelxp-1-au.samsung.wurl.com/manifest/playlist.m3u8", "poster": "https://static.wikia.nocookie.net/logopedia/images/2/23/Travel_xp_hd.png", "action": "ltp_pluto", "group_title": "Documentery"}, {"title": "Nasa TV", "url": "https://ntv1.akamaized.net/hls/live/2014075/NASA-NTV1-HLS/master_2000.m3u8", "poster": "https://www.nasa.gov/sites/default/files/files/tv_share.jpg", "action": "ltp_pluto", "group_title": "Documentery"}, {"title": "Love Nature", "url": "https://bamus-eng-roku.amagi.tv/playlist.m3u8", "poster": "https://mms.businesswire.com/media/20160221005243/en/510305/5/LoveNature_TypeMask_FINAL_highres.jpg", "action": "ltp_pluto", "group_title": "Documentery"}, {"title": "Popular Science", "url": "https://a.jsrdn.com/broadcast/447912f76b/+0000/high/c.m3u8", "poster": "https://www.tillerdesign.com/wp-content/uploads/2019/07/popular-science-magazine_610_407_80.jpg", "action": "ltp_pluto", "group_title": "Documentery"}, {"title": "4K Nature", "url": "http://stirr.ott-channels.stingray.com/naturescape/master_1920x1080_4500kbps.m3u8", "poster": "https://toppng.com/uploads/preview/logo-4k-11551060322xmawyydci2.png", "action": "ltp_pluto", "group_title": "Documentery"}, {"title": "Hungama -Hot New Bollywood", "url": "http://103.16.47.70:7222/;", "poster": "icon.png", "action": "ltp_pluto", "group_title": "radio", "radio": "true"}, {"title": "Hungama- 90s Once Again", "url": "http://103.16.47.70:7444/;", "poster": "icon.png", "action": "ltp_pluto", "group_title": "radio", "radio": "true"}, {"title": "Radio BollyFM", "url": "http://stream.radiobollyfm.in:8201/hd?t=1526570335", "poster": "icon.png", "action": "ltp_pluto", "group_title": "radio", "radio": "true"}, {"title": "Radio Mirchi (peridot)", "url": "http://peridot.streamguys.com:7150/Mirchi", "poster": "icon.png", "action": "ltp_pluto", "group_title": "radio", "radio": "true"}, {"title": "92.7 Big FM Mumbai", "url": "http://sc-bb.1.fm:8017/", "poster": "icon.png", "action": "ltp_pluto", "group_title": "radio", "radio": "true"}, {"title": "Radio Hindi International", "url": "http://radio.bongonet.net:8012/rhi", "poster": "icon.png", "action": "ltp_pluto", "group_title": "radio", "radio": "true"}, {"title": "Bollywood Radio and Beyond", "url": "http://185.80.220.12:8046/stream", "poster": "icon.png", "action": "ltp_pluto", "group_title": "radio", "radio": "true"}, {"title": "Non Stop Hindi Radio", "url": "http://198.178.123.14:8216/;", "poster": "icon.png", "action": "ltp_pluto", "group_title": "radio", "radio": "true"}, {"title": "Mirchi Love", "url": "https://mirchilove-lh.akamaihd.net/i/MIRCHILOVE_1@32886/master.m3u8", "poster": "icon.png", "action": "ltp_pluto", "group_title": "radio", "radio": "true"}, {"title": "Club Mirchi", "url": "https://clubmirchihdlive-lh.akamaihd.net/i/ClubMirchiHDLive_1_1@336269/master.m3u8", "poster": "icon.png", "action": "ltp_pluto", "group_title": "radio", "radio": "true"}, {"title": "Mirchi Drive Radio", "url": "https://driveradio-lh.akamaihd.net/i/DriveRadio_1@793591/master.m3u8", "poster": "icon.png", "action": "ltp_pluto", "group_title": "radio", "radio": "true"}, {"title": "Pehla Nasha", "url": "https://pehlanashahdlive-lh.akamaihd.net/i/PehlaNashaHDLive_1@335229/master.m3u8", "poster": "icon.png", "action": "ltp_pluto", "group_title": "radio", "radio": "true"}, {"title": "River of Calm", "url": "https://listen.radioking.com/radio/49831/stream/86743", "poster": "icon.png", "action": "ltp_pluto", "group_title": "radio", "radio": "true"}, {"title": "Hungama-Mehfil Row", "url": "http://103.16.47.70:9666/;", "poster": "icon.png", "action": "ltp_pluto", "group_title": "radio", "radio": "true"}, {"title": "Devraag Radio Devotional", "url": "https://devraaghdlive-lh.akamaihd.net/i/DevraagHDLive_1_1@336268/master.m3u8", "poster": "icon.png", "action": "ltp_pluto", "group_title": "radio", "radio": "true"}, {"title": "International Hits", "url": "https://hitzhls-lh.akamaihd.net/i/Hitz_HLS_1@177017/master.m3u8", "poster": "icon.png", "action": "ltp_pluto", "group_title": "radio", "radio": "true"}, {"title": "BBC Asian Network (bbci)", "url": "http://a.files.bbci.co.uk/media/live/manifesto/audio/simulcast/hls/nonuk/sbr_vlow/ak/bbc_asian_network.m3u8", "poster": "icon.png", "action": "ltp_pluto", "group_title": "radio", "radio": "true"}]