[{"ch_no": 1, "title": "FoxNews", "url": "https://ustvgo.tv/fox-news-live-streaming-free/", "poster": "https://upload.wikimedia.org/wikipedia/commons/thumb/6/67/Fox_News_Channel_logo.svg/300px-Fox_News_Channel_logo.svg.png", "action": "ltp_ustv", "vid_url": "https://%s/FoxNews/myStream/playlist.m3u8?wmsAuthSign=%s"}, {"ch_no": 2, "title": "FoxBusiness", "url": "https://ustvgo.tv/fox-business-live-streaming-free/", "poster": "https://upload.wikimedia.org/wikipedia/commons/thumb/a/a4/Fox_Business_Logo.svg/320px-Fox_Business_Logo.svg.png", "action": "ltp_ustv", "vid_url": "https://%s/FoxBusiness/myStream/playlist.m3u8?wmsAuthSign=%s"}, {"ch_no": 2, "title": "Freeform", "url": "https://ustvgo.tv/freeform-channel-live-free/", "poster": "https://github.com/jewbmx/resource.images.studios.white/blob/master/resources/Freeform.png?raw=true", "action": "ltp_ustv", "vid_url": "https://%s/Freeform/myStream/playlist.m3u8?wmsAuthSign=%s"}, {"ch_no": 3, "title": "Fox Sports 1 (FS1)", "url": "https://ustvgo.tv/fox-sports-1/", "poster": "https://upload.wikimedia.org/wikipedia/commons/thumb/3/37/2015_Fox_Sports_1_logo.svg/400px-2015_Fox_Sports_1_logo.svg.png", "action": "ltp_ustv", "vid_url": "https://%s/FS1/myStream/playlist.m3u8?wmsAuthSign=%s"}, {"ch_no": 4, "title": "ABC", "url": "https://ustvgo.tv/abc-live-streaming-free/", "poster": "https://github.com/jewbmx/resource.images.studios.white/blob/master/resources/ABC.png?raw=true", "action": "ltp_ustv", "vid_url": "https://%s/ABC/myStream/playlist.m3u8?wmsAuthSign=%s"}, {"ch_no": 4, "title": "Fox Sports 2 (FS2)", "url": "https://ustvgo.tv/fox-sports-2/", "poster": "https://upload.wikimedia.org/wikipedia/commons/thumb/3/38/FS2_logo_2015.svg/400px-FS2_logo_2015.svg.png", "action": "ltp_ustv", "vid_url": "https://%s/FS2/myStream/playlist.m3u8?wmsAuthSign=%s"}, {"ch_no": 5, "title": "ACC Network", "url": "https://ustvgo.tv/acc-network/", "poster": "https://dbukjj6eu5tsf.cloudfront.net/sidearm.sites/acc.sidearmsports.com/images/responsive_2019/svg/logo_main.svg", "action": "ltp_ustv", "vid_url": "https://%s/ACCN/myStream/playlist.m3u8?wmsAuthSign=%s"}, {"ch_no": 5, "title": "FX", "url": "https://ustvgo.tv/fx-channel-live/", "poster": "https://github.com/jewbmx/resource.images.studios.white/blob/master/resources/FX.png?raw=true", "action": "ltp_ustv", "vid_url": "https://%s/FX/myStream/playlist.m3u8?wmsAuthSign=%s"}, {"ch_no": 6, "title": "AE", "url": "https://ustvgo.tv/ae-networks-live-streaming-free/", "poster": "https://github.com/jewbmx/resource.images.studios.white/blob/master/resources/A&E.png?raw=true", "action": "ltp_ustv", "vid_url": "https://%s/AE/myStream/playlist.m3u8?wmsAuthSign=%s"}, {"ch_no": 6, "title": "FX Movie Channel", "url": "https://ustvgo.tv/fxm/", "poster": "https://upload.wikimedia.org/wikipedia/commons/thumb/e/e7/FXM_Logo.svg/400px-FXM_Logo.svg.png", "action": "ltp_ustv", "vid_url": "https://%s/FXMovie/myStream/playlist.m3u8?wmsAuthSign=%s"}, {"ch_no": 7, "title": "AMC", "url": "https://ustvgo.tv/amc-live/", "poster": "https://github.com/jewbmx/resource.images.studios.white/blob/master/resources/AMC.png?raw=true", "action": "ltp_ustv", "vid_url": "https://%s/AMC/myStream/playlist.m3u8?wmsAuthSign=%s"}, {"ch_no": 7, "title": "FXX", "url": "https://ustvgo.tv/fxx/", "poster": "https://github.com/jewbmx/resource.images.studios.white/blob/master/resources/FXX.png?raw=true", "action": "ltp_ustv", "vid_url": "https://%s/FXX/myStream/playlist.m3u8?wmsAuthSign=%s"}, {"ch_no": 8, "title": "Animal Planet", "url": "https://ustvgo.tv/animal-planet-live/", "poster": "https://github.com/jewbmx/resource.images.studios.white/blob/master/resources/Animalplanet.png?raw=true", "action": "ltp_ustv", "vid_url": "https://%s/Animal/myStream/playlist.m3u8?wmsAuthSign=%s"}, {"ch_no": 8, "title": "Golf Channel", "url": "https://ustvgo.tv/golf-channel-live-free/", "poster": "https://github.com/jewbmx/resource.images.studios.white/blob/master/resources/Golf.png?raw=true", "action": "ltp_ustv", "vid_url": "https://%s/GOLF/myStream/playlist.m3u8?wmsAuthSign=%s%s"}, {"ch_no": 9, "title": "BBCAmerica", "url": "https://ustvgo.tv/bbc-america-live/", "poster": "https://github.com/jewbmx/resource.images.studios.white/blob/master/resources/BBC%20America.png?raw=true", "action": "ltp_ustv", "vid_url": "https://%s/BBCAmerica/myStream/playlist.m3u8?wmsAuthSign=%s"}, {"ch_no": 9, "title": "Game Show Network", "url": "https://ustvgo.tv/gsn/", "poster": "https://github.com/jewbmx/resource.images.studios.white/blob/master/resources/Game%20Show%20Network.png?raw=true", "action": "ltp_ustv", "vid_url": "https://%s/GSN/myStream/playlist.m3u8?wmsAuthSign=%s"}, {"ch_no": 10, "title": "Big Ten Network", "url": "https://ustvgo.tv/big-ten-network/", "poster": "https://upload.wikimedia.org/wikipedia/en/thumb/3/39/Big_Ten_Network_Logo.svg/320px-Big_Ten_Network_Logo.svg.png", "action": "ltp_ustv", "vid_url": "https://%s/BTV/myStream/playlist.m3u8?wmsAuthSign=%s"}, {"ch_no": 10, "title": "Hallmark Channel", "url": "https://ustvgo.tv/hallmark-channel-live-streaming-free/", "poster": "https://upload.wikimedia.org/wikipedia/commons/thumb/4/43/Hallmark_movies_mysteries.png/220px-Hallmark_movies_mysteries.png", "action": "ltp_ustv", "vid_url": "https://%s/Hallmark/myStream/playlist.m3u8?wmsAuthSign=%s"}, {"ch_no": 11, "title": "BET", "url": "https://ustvgo.tv/bet/", "poster": "https://github.com/jewbmx/resource.images.studios.white/blob/master/resources/Bet.png?raw=true", "action": "ltp_ustv", "vid_url": "https://%s/BET/myStream/playlist.m3u8?wmsAuthSign=%s"}, {"ch_no": 11, "title": "HBO", "url": "https://ustvgo.tv/hbo/", "poster": "https://github.com/jewbmx/resource.images.studios.white/blob/master/resources/HBO.png?raw=true", "action": "ltp_ustv", "vid_url": "https://%s/HBO/myStream/playlist.m3u8?wmsAuthSign=%s"}, {"ch_no": 12, "title": "Boomerang", "url": "https://ustvgo.tv/boomerang/", "poster": "https://github.com/jewbmx/resource.images.studios.white/blob/master/resources/Boomerang.png?raw=true", "action": "ltp_ustv", "vid_url": "https://%s/Boomerang/myStream/playlist.m3u8?wmsAuthSign=%s"}, {"ch_no": 12, "title": "HGTV", "url": "https://ustvgo.tv/hgtv-live-streaming-free/", "poster": "https://upload.wikimedia.org/wikipedia/commons/c/c3/HGTV_2010.png", "action": "ltp_ustv", "vid_url": "https://%s/HGTV/myStream/playlist.m3u8?wmsAuthSign=%s"}, {"ch_no": 13, "title": "Bravo", "url": "https://ustvgo.tv/bravo-channel-live-free/", "poster": "https://github.com/jewbmx/resource.images.studios.white/blob/master/resources/Bravo.png?raw=true", "action": "ltp_ustv", "vid_url": "https://%s/Bravo/myStream/playlist.m3u8?wmsAuthSign=%s"}, {"ch_no": 13, "title": "History", "url": "https://ustvgo.tv/history-channel-live/", "poster": "https://github.com/jewbmx/resource.images.studios.white/blob/master/resources/History.png?raw=true", "action": "ltp_ustv", "vid_url": "https://%s/History/myStream/playlist.m3u8?wmsAuthSign=%s"}, {"ch_no": 14, "title": "CBS", "url": "https://ustvgo.tv/cbs-live-streaming-free/", "poster": "https://github.com/jewbmx/resource.images.studios.white/blob/master/resources/CBS.png?raw=true", "action": "ltp_ustv", "vid_url": "https://%s/CBS/myStream/playlist.m3u8?wmsAuthSign=%s"}, {"ch_no": 14, "title": "HLN", "url": "https://ustvgo.tv/hln/", "poster": "https://upload.wikimedia.org/wikipedia/en/thumb/4/4f/HLN_%28TV_network%29_2017_logo.svg/300px-HLN_%28TV_network%29_2017_logo.svg.png", "action": "ltp_ustv", "vid_url": "https://%s/HLN/myStream/playlist.m3u8?wmsAuthSign=%s"}, {"ch_no": 15, "title": "CBS Sports Network", "url": "https://ustvgo.tv/cbs-sports-network/", "poster": "https://upload.wikimedia.org/wikipedia/commons/c/c5/CBS_Sports_Network_Logo.png", "action": "ltp_ustv", "vid_url": "https://%s/CBSSN/myStream/playlist.m3u8?wmsAuthSign=%s"}, {"ch_no": 15, "title": "Hallmark Movies & Mysteries", "url": "https://ustvgo.tv/hallmark-movies-mysteries-live-streaming-free/", "poster": "https://upload.wikimedia.org/wikipedia/commons/thumb/4/43/Hallmark_movies_mysteries.png/220px-Hallmark_movies_mysteries.png", "action": "ltp_ustv", "vid_url": "https://%s/HMM/myStream/playlist.m3u8?wmsAuthSign=%s"}, {"ch_no": 16, "title": "Cinemax", "url": "https://ustvgo.tv/cinemax/", "poster": "https://www.tvinsider.com/wp-content/uploads/2017/06/cinemaxlogo.jpg", "action": "ltp_ustv", "vid_url": "https://%s/Cinemax/myStream/playlist.m3u8?wmsAuthSign=%s"}, {"ch_no": 16, "title": "Investigation Discovery", "url": "https://ustvgo.tv/investigation-discovery-live-streaming-free/", "poster": "https://github.com/jewbmx/resource.images.studios.white/blob/master/resources/Investigation%20Discovery.png?raw=true", "action": "ltp_ustv", "vid_url": "https://%s/ID/myStream/playlist.m3u8?wmsAuthSign=%s"}, {"ch_no": 17, "title": "CMT", "url": "https://ustvgo.tv/cmt/", "poster": "https://github.com/jewbmx/resource.images.studios.white/blob/master/resources/CMT%20Films.png?raw=true", "action": "ltp_ustv", "vid_url": "https://%s/CMT/myStream/playlist.m3u8?wmsAuthSign=%s"}, {"ch_no": 17, "title": "Lifetime", "url": "https://ustvgo.tv/lifetime-channel-live/", "poster": "https://github.com/jewbmx/resource.images.studios.white/blob/master/resources/Lifetime%20Networks.png?raw=true", "action": "ltp_ustv", "vid_url": "https://%s/Lifetime/myStream/playlist.m3u8?wmsAuthSign=%s"}, {"ch_no": 18, "title": "Cartoon Network", "url": "https://ustvgo.tv/cartoon-network/", "poster": "https://upload.wikimedia.org/wikipedia/commons/thumb/8/80/Cartoon_Network_2010_logo.svg/512px-Cartoon_Network_2010_logo.svg.png", "action": "ltp_ustv", "vid_url": "https://%s/CN/myStream/playlist.m3u8?wmsAuthSign=%s"}, {"ch_no": 18, "title": "Lifetime Movie Network", "url": "https://ustvgo.tv/lifetime-movies/", "poster": "https://github.com/jewbmx/resource.images.studios.white/blob/master/resources/Lifetime%20Networks.png?raw=true", "action": "ltp_ustv", "vid_url": "https://%s/LifetimeM/myStream/playlist.m3u8?wmsAuthSign=%s"}, {"ch_no": 19, "title": "CNBC", "url": "https://ustvgo.tv/cnbc-live-streaming-free/", "poster": "https://github.com/jewbmx/resource.images.studios.white/blob/master/resources/CNBC.png?raw=true", "action": "ltp_ustv", "vid_url": "https://%s/CNBC/myStream/playlist.m3u8?wmsAuthSign=%s"}, {"ch_no": 19, "title": "MLB Network", "url": "https://ustvgo.tv/mlb-network/", "poster": "https://upload.wikimedia.org/wikipedia/en/thumb/a/ac/MLBNetworkLogo.svg/280px-MLBNetworkLogo.svg.png", "action": "ltp_ustv", "vid_url": "https://%s/MLB/myStream/playlist.m3u8?wmsAuthSign=%s"}, {"ch_no": 20, "title": "CNN", "url": "https://ustvgo.tv/cnn-live-streaming-free/", "poster": "https://github.com/jewbmx/resource.images.studios.white/blob/master/resources/CNN.png?raw=true", "action": "ltp_ustv", "vid_url": "https://%s/CNN/myStream/playlist.m3u8?wmsAuthSign=%s"}, {"ch_no": 20, "title": "Motor Trend", "url": "https://ustvgo.tv/motortrend/", "poster": "https://upload.wikimedia.org/wikipedia/en/thumb/5/5a/Motor_Trend.svg/400px-Motor_Trend.svg.png", "action": "ltp_ustv", "vid_url": "https://%s/MotorTrend/myStream/playlist.m3u8?wmsAuthSign=%s"}, {"ch_no": 21, "title": "Comedy", "url": "https://ustvgo.tv/comedy-central-live-free/", "poster": "https://github.com/jewbmx/resource.images.studios.white/blob/master/resources/Comedy%20Central.png?raw=true", "action": "ltp_ustv", "vid_url": "https://%s/Comedy/myStream/playlist.m3u8?wmsAuthSign=%s"}, {"ch_no": 21, "title": "MSNBC", "url": "https://ustvgo.tv/msnbc-live-streaming-free/", "poster": "https://upload.wikimedia.org/wikipedia/commons/thumb/8/83/MSNBC_2021.svg/320px-MSNBC_2021.svg.png", "action": "ltp_ustv", "vid_url": "https://%s/MSNBC/myStream/playlist.m3u8?wmsAuthSign=%s"}, {"ch_no": 22, "title": "The CW", "url": "https://ustvgo.tv/the-cw-live-streaming-free/", "poster": "https://github.com/jewbmx/resource.images.studios.white/blob/master/resources/The%20CW.png?raw=true", "action": "ltp_ustv", "vid_url": "https://%s/CW/myStream/playlist.m3u8?wmsAuthSign=%s"}, {"ch_no": 22, "title": "MTV", "url": "https://ustvgo.tv/mtv/", "poster": "https://github.com/jewbmx/resource.images.studios.white/blob/master/resources/MTV.png?raw=true", "action": "ltp_ustv", "vid_url": "https://%s/MTV/myStream/playlist.m3u8?wmsAuthSign=%s"}, {"ch_no": 23, "title": "Destination America", "url": "https://ustvgo.tv/destination-america/", "poster": "https://upload.wikimedia.org/wikipedia/commons/thumb/5/57/Destination_America_logo.svg/400px-Destination_America_logo.svg.png", "action": "ltp_ustv", "vid_url": "https://%s/DA/myStream/playlist.m3u8?wmsAuthSign=%s"}, {"ch_no": 23, "title": "National Geographic", "url": "https://ustvgo.tv/national-geographic-live/", "poster": "https://github.com/jewbmx/resource.images.studios.white/blob/master/resources/National%20Geographic.png?raw=true", "action": "ltp_ustv", "vid_url": "https://%s/NatGEO/myStream/playlist.m3u8?wmsAuthSign=%s"}, {"ch_no": 24, "title": "Discovery", "url": "https://ustvgo.tv/discovery-channel-live/", "poster": "https://github.com/jewbmx/resource.images.studios.white/blob/master/resources/Discovery%20Channel.png?raw=true", "action": "ltp_ustv", "vid_url": "https://%s/Discovery/myStream/playlist.m3u8?wmsAuthSign=%s"}, {"ch_no": 24, "title": "Nat Geo Wild", "url": "https://ustvgo.tv/nat-geo-wild-live/", "poster": "https://github.com/jewbmx/resource.images.studios.white/blob/master/resources/National%20Geographic.png?raw=true", "action": "ltp_ustv", "vid_url": "https://%s/NatGEOWild/myStream/playlist.m3u8?wmsAuthSign=%s"}, {"ch_no": 25, "title": "Disney", "url": "https://ustvgo.tv/disney-channel-live-streaming-free/", "poster": "https://github.com/jewbmx/resource.images.studios.white/blob/master/resources/Disney%20Channel.png?raw=true", "action": "ltp_ustv", "vid_url": "https://%s/Disney/myStream/playlist.m3u8?wmsAuthSign=%s"}, {"ch_no": 25, "title": "NBA TV", "url": "https://ustvgo.tv/nba-tv/", "poster": "https://upload.wikimedia.org/wikipedia/en/thumb/d/d2/NBA_TV.svg/300px-NBA_TV.svg.png", "action": "ltp_ustv", "vid_url": "https://%s/NBA/myStream/playlist.m3u8?wmsAuthSign=%s"}, {"ch_no": 26, "title": "DisneyJr", "url": "https://ustvgo.tv/disneyjr/", "poster": "https://github.com/jewbmx/resource.images.studios.white/blob/master/resources/Disney%20Junior.png?raw=true", "action": "ltp_ustv", "vid_url": "https://%s/DisneyJr/myStream/playlist.m3u8?wmsAuthSign=%s"}, {"ch_no": 26, "title": "NBC", "url": "https://ustvgo.tv/nbc/", "poster": "https://github.com/jewbmx/resource.images.studios.white/blob/master/resources/NBCSN.png?raw=true", "action": "ltp_ustv", "vid_url": "https://%s/NBC/myStream/playlist.m3u8?wmsAuthSign=%s"}, {"ch_no": 26, "title": "MSNBC Live Streaming Free", "url": "https://ustvgo.tv/nbc/", "poster": "https://github.com/jewbmx/resource.images.studios.white/blob/master/resources/MSNBC.png?raw=true", "action": "ltp_ustv", "vid_url": "https://%s/MSNBC/myStream/playlist.m3u8?wmsAuthSign=%s"}, {"ch_no": 27, "title": "DisneyXD", "url": "https://ustvgo.tv/disneyxd/", "poster": "https://github.com/jewbmx/resource.images.studios.white/blob/master/resources/Disney%20XD.png?raw=true", "action": "ltp_ustv", "vid_url": "https://%s/DisneyXD/myStream/playlist.m3u8?wmsAuthSign=%s"}, {"ch_no": 27, "title": "NBC Sports ( NBCSN )", "url": "https://ustvgo.tv/nbc-sports/", "poster": "https://github.com/jewbmx/resource.images.studios.white/blob/master/resources/NBCSN.png?raw=true", "action": "ltp_ustv", "vid_url": "https://%s/NBCSN/myStream/playlist.m3u8?wmsAuthSign=%s"}, {"ch_no": 28, "title": "Do it yourself ( DIY )", "url": "https://ustvgo.tv/diy/", "poster": "https://github.com/jewbmx/resource.images.studios.white/blob/master/resources/DIY.png?raw=true", "action": "ltp_ustv", "vid_url": "https://%s/DIY/myStream/playlist.m3u8?wmsAuthSign=%s"}, {"ch_no": 28, "title": "NFL Network", "url": "https://ustvgo.tv/nfl-network-live-free/", "poster": "https://upload.wikimedia.org/wikipedia/en/thumb/8/8f/NFL_Network_logo.svg/450px-NFL_Network_logo.svg.png", "action": "ltp_ustv", "vid_url": "https://%s/NFL/myStream/playlist.m3u8?wmsAuthSign=%s"}, {"ch_no": 29, "title": "E!", "url": "https://ustvgo.tv/eonline/", "poster": "https://github.com/jewbmx/resource.images.studios.white/blob/master/resources/E!.png?raw=true", "action": "ltp_ustv", "vid_url": "https://%s/E/myStream/playlist.m3u8?wmsAuthSign=%s"}, {"ch_no": 29, "title": "Nickelodeon", "url": "https://ustvgo.tv/nickelodeon-live-streaming-free/", "poster": "https://github.com/jewbmx/resource.images.studios.white/blob/master/resources/Nickelodeon.png?raw=true", "action": "ltp_ustv", "vid_url": "https://%s/Nickelodeon/myStream/playlist.m3u8?wmsAuthSign=%s"}, {"ch_no": 30, "title": "ESPN", "url": "https://ustvgo.tv/espn-live/", "poster": "https://github.com/jewbmx/resource.images.studios.white/blob/master/resources/ESPN.png?raw=true", "action": "ltp_ustv", "vid_url": "https://%s/ESPN/myStream/playlist.m3u8?wmsAuthSign=%s"}, {"ch_no": 30, "title": "Nicktoons", "url": "https://ustvgo.tv/nicktoons/", "poster": "https://github.com/jewbmx/resource.images.studios.white/blob/master/resources/NickToons.png?raw=true", "action": "ltp_ustv", "vid_url": "https://%s/Nicktoons/myStream/playlist.m3u8?wmsAuthSign=%s"}, {"ch_no": 31, "title": "ESPN2", "url": "https://ustvgo.tv/espn2/", "poster": "https://github.com/jewbmx/resource.images.studios.white/blob/master/resources/ESPN.png?raw=true", "action": "ltp_ustv", "vid_url": "https://%s/ESPN2/myStream/playlist.m3u8?wmsAuthSign=%s"}, {"ch_no": 31, "title": "One America News Network", "url": "https://ustvgo.tv/one-america-news-network/", "poster": "https://upload.wikimedia.org/wikipedia/en/thumb/1/17/OANN.jpg/230px-OANN.jpg", "action": "ltp_ustv", "vid_url": "https://%s/OAN/myStream/playlist.m3u8?wmsAuthSign=%s"}, {"ch_no": 32, "title": "ESPNU", "url": "https://ustvgo.tv/espnu/", "poster": "https://upload.wikimedia.org/wikipedia/commons/thumb/c/ca/ESPN_U_logo.svg/240px-ESPN_U_logo.svg.png", "action": "ltp_ustv", "vid_url": "https://%s/ESPNU/myStream/playlist.m3u8?wmsAuthSign=%s"}, {"ch_no": 32, "title": "Oprah Winfrey Network (OWN)", "url": "https://ustvgo.tv/own/", "poster": "https://github.com/jewbmx/resource.images.studios.white/blob/master/resources/OWN.png?raw=true", "action": "ltp_ustv", "vid_url": "https://%s/OWN/myStream/playlist.m3u8?wmsAuthSign=%s"}, {"ch_no": 33, "title": "ESPNews", "url": "https://ustvgo.tv/espnews/", "poster": "https://upload.wikimedia.org/wikipedia/commons/thumb/1/1b/ESPNews.svg/320px-ESPNews.svg.png", "action": "ltp_ustv", "vid_url": "https://%s/ESPNews/myStream/playlist.m3u8?wmsAuthSign=%s"}, {"ch_no": 33, "title": "Olympic Channel", "url": "https://ustvgo.tv/olympic-channel/", "poster": "https://upload.wikimedia.org/wikipedia/commons/thumb/a/a4/Olympic_Channel_logo.png/320px-Olympic_Channel_logo.png", "action": "ltp_ustv", "vid_url": "https://%s/OLY/myStream/playlist.m3u8?wmsAuthSign=%s"}, {"ch_no": 34, "title": "FoodNetwork", "url": "https://ustvgo.tv/food-network-live-free/", "poster": "https://github.com/jewbmx/resource.images.studios.white/blob/master/resources/Food%20Network.png?raw=true", "action": "ltp_ustv", "vid_url": "https://%s/FoodNetwork/myStream/playlist.m3u8?wmsAuthSign=%s"}, {"ch_no": 34, "title": "Oxygen", "url": "https://ustvgo.tv/oxygen/", "poster": "https://github.com/jewbmx/resource.images.studios.white/blob/master/resources/Oxygen.png?raw=true", "action": "ltp_ustv", "vid_url": "https://%s/Oxygen/myStream/playlist.m3u8?wmsAuthSign=%s"}, {"ch_no": 35, "title": "FOX", "url": "https://ustvgo.tv/fox-hd-live-streaming/", "poster": "https://upload.wikimedia.org/wikipedia/commons/thumb/3/37/2015_Fox_Sports_1_logo.svg/400px-2015_Fox_Sports_1_logo.svg.png", "action": "ltp_ustv", "vid_url": "https://%s/FOX/myStream/playlist.m3u8?wmsAuthSign=%s"}, {"ch_no": 35, "title": "Paramount", "url": "https://ustvgo.tv/paramount-network/", "poster": "https://github.com/jewbmx/resource.images.studios.white/blob/master/resources/Paramount%20Network.png?raw=true", "action": "ltp_ustv", "vid_url": "https://%s/Paramount/myStream/playlist.m3u8?wmsAuthSign=%s"}, {"ch_no": 36, "title": "PBS", "url": "https://ustvgo.tv/pbs-live/", "poster": "https://github.com/jewbmx/resource.images.studios.white/blob/master/resources/PBS.png?raw=true", "action": "ltp_ustv", "vid_url": "https://%s/PBS/myStream/playlist.m3u8?wmsAuthSign=%s"}, {"ch_no": 37, "title": "POP", "url": "https://ustvgo.tv/pop/", "poster": "https://upload.wikimedia.org/wikipedia/commons/thumb/8/82/Pop_Network_Logo.png/220px-Pop_Network_Logo.png", "action": "ltp_ustv", "vid_url": "https://%s/POP/myStream/playlist.m3u8?wmsAuthSign=%s"}, {"ch_no": 38, "title": "Science", "url": "https://ustvgo.tv/science/", "poster": "https://github.com/jewbmx/resource.images.studios.white/blob/master/resources/Science%20Channel.png?raw=true", "action": "ltp_ustv", "vid_url": "https://%s/Science/myStream/playlist.m3u8?wmsAuthSign=%s"}, {"ch_no": 39, "title": "SEC Network", "url": "https://ustvgo.tv/sec-network/", "poster": "https://upload.wikimedia.org/wikipedia/en/9/99/SEC_Network_Logo.png", "action": "ltp_ustv", "vid_url": "https://%s/SECN/myStream/playlist.m3u8?wmsAuthSign=%s"}, {"ch_no": 40, "title": "Showtime", "url": "https://ustvgo.tv/showtime/", "poster": "https://github.com/jewbmx/resource.images.studios.white/blob/master/resources/Showtime.png?raw=true", "action": "ltp_ustv", "vid_url": "https://%s/Showtime/myStream/playlist.m3u8?wmsAuthSign=%s"}, {"ch_no": 41, "title": "StarZ", "url": "https://ustvgo.tv/starz-channel-live/", "poster": "https://github.com/jewbmx/resource.images.studios.white/blob/master/resources/Starz.png?raw=true", "action": "ltp_ustv", "vid_url": "https://%s/StarZ/myStream/playlist.m3u8?wmsAuthSign=%s"}, {"ch_no": 42, "title": "SundanceTV", "url": "https://ustvgo.tv/sundance-tv/", "poster": "https://github.com/jewbmx/resource.images.studios.white/blob/master/resources/SundanceTV.png?raw=true", "action": "ltp_ustv", "vid_url": "https://%s/SundanceTV/myStream/playlist.m3u8?wmsAuthSign=%s"}, {"ch_no": 43, "title": "SYFY", "url": "https://ustvgo.tv/syfy-channel-live/", "poster": "https://github.com/jewbmx/resource.images.studios.white/blob/master/resources/Syfy.png?raw=true", "action": "ltp_ustv", "vid_url": "https://%s/SYFY/myStream/playlist.m3u8?wmsAuthSign=%s"}, {"ch_no": 44, "title": "TBS", "url": "https://ustvgo.tv/tbs-channel-live-free/", "poster": "https://github.com/jewbmx/resource.images.studios.white/blob/master/resources/TBS.png?raw=true", "action": "ltp_ustv", "vid_url": "https://%s/TBS/myStream/playlist.m3u8?wmsAuthSign=%s"}, {"ch_no": 45, "title": "Turner Classic Movies (TCM)", "url": "https://ustvgo.tv/tcm/", "poster": "https://github.com/jewbmx/resource.images.studios.white/blob/master/resources/Turner%20Classic%20Movies%20(TCM).png?raw=true", "action": "ltp_ustv", "vid_url": "https://%s/TCM/myStream/playlist.m3u8?wmsAuthSign=%s"}, {"ch_no": 46, "title": "Telemundo", "url": "https://ustvgo.tv/telemundo/", "poster": "https://upload.wikimedia.org/wikipedia/commons/thumb/6/68/Telemundo_logo_2018.svg/284px-Telemundo_logo_2018.svg.png", "action": "ltp_ustv", "vid_url": "https://%s/Telemundo/myStream/playlist.m3u8?wmsAuthSign=%s"}, {"ch_no": 47, "title": "Tennis Channel", "url": "https://ustvgo.tv/tennis-channel-live-free/", "poster": "https://upload.wikimedia.org/wikipedia/commons/thumb/8/8c/Tennis_Channel_logo.svg/220px-Tennis_Channel_logo.svg.png", "action": "ltp_ustv", "vid_url": "https://%s/Tennis/myStream/playlist.m3u8?wmsAuthSign=%s"}, {"ch_no": 48, "title": "TLC", "url": "https://ustvgo.tv/tlc-live-free/", "poster": "https://github.com/jewbmx/resource.images.studios.white/blob/master/resources/TLC.png?raw=true", "action": "ltp_ustv", "vid_url": "https://%s/TCM/myStream/playlist.m3u8?wmsAuthSign=%s"}, {"ch_no": 49, "title": "TNT", "url": "https://ustvgo.tv/tnt/", "poster": "https://github.com/jewbmx/resource.images.studios.white/blob/master/resources/TNT.png?raw=true", "action": "ltp_ustv", "vid_url": "https://%s/TNT/myStream/playlist.m3u8?wmsAuthSign=%s"}, {"ch_no": 50, "title": "Travel Channel", "url": "https://ustvgo.tv/travel-channel-live-free/", "poster": "https://github.com/jewbmx/resource.images.studios.white/blob/master/resources/Travel%20Channel.png?raw=true", "action": "ltp_ustv", "vid_url": "https://%s/Travel/myStream/playlist.m3u8?wmsAuthSign=%s"}, {"ch_no": 51, "title": "truTV", "url": "https://ustvgo.tv/trutv/", "poster": "https://github.com/jewbmx/resource.images.studios.white/blob/master/resources/truTV.png?raw=true", "action": "ltp_ustv", "vid_url": "https://%s/TruTV/myStream/playlist.m3u8?wmsAuthSign=%s"}, {"ch_no": 52, "title": "TV Land", "url": "https://ustvgo.tv/tv-land-live-free/", "poster": "https://github.com/jewbmx/resource.images.studios.white/blob/master/resources/TV%20Land.png?raw=true", "action": "ltp_ustv", "vid_url": "https://%s/TVLand/myStream/playlist.m3u8?wmsAuthSign=%s"}, {"ch_no": 53, "title": "The Weather Channel", "url": "https://ustvgo.tv/the-weather-channel-live-streaming-free/", "poster": "https://upload.wikimedia.org/wikipedia/commons/thumb/c/c0/The_Weather_Channel_logo_1996-2005.svg/536px-The_Weather_Channel_logo_1996-2005.svg.png", "action": "ltp_ustv", "vid_url": "https://weather-lh.akamaihd.net/i/twc_1@92006/master.m3u8"}, {"ch_no": 54, "title": "Univision", "url": "https://ustvgo.tv/univision/", "poster": "https://upload.wikimedia.org/wikipedia/commons/thumb/a/af/Logo_Univision_2019.svg/400px-Logo_Univision_2019.svg.png", "action": "ltp_ustv", "vid_url": "https://%s/Univision/myStream/playlist.m3u8?wmsAuthSign=%s"}, {"ch_no": 55, "title": "USA Network", "url": "https://ustvgo.tv/usa-network-live/", "poster": "https://github.com/jewbmx/resource.images.studios.white/blob/master/resources/USA%20Network.png?raw=true", "action": "ltp_ustv", "vid_url": "https://%s/USANetwork/myStream/playlist.m3u8?wmsAuthSign=%s"}, {"ch_no": 56, "title": "VH1", "url": "https://ustvgo.tv/vh1/", "poster": "https://github.com/jewbmx/resource.images.studios.white/blob/master/resources/VH1.png?raw=true", "action": "ltp_ustv", "vid_url": "https://%s/VH1/myStream/playlist.m3u8?wmsAuthSign=%s"}, {"ch_no": 57, "title": "We TV", "url": "https://ustvgo.tv/we-tv/", "poster": "https://upload.wikimedia.org/wikipedia/commons/thumb/d/db/We_TV_logo_2014.svg/318px-We_TV_logo_2014.svg.png", "action": "ltp_ustv", "vid_url": "https://%s/WETV/myStream/playlist.m3u8?wmsAuthSign=%s"}, {"ch_no": 58, "title": "WWE Network", "url": "https://ustvgo.tv/wwe-network/", "poster": "https://upload.wikimedia.org/wikipedia/commons/thumb/8/88/WWE_Network_logo.svg/300px-WWE_Network_logo.svg.png", "action": "ltp_ustv", "vid_url": "https://%s/WWE/myStream/playlist.m3u8?wmsAuthSign=%s"}, {"ch_no": 59, "title": "YES Network", "url": "https://ustvgo.tv/yes-network/", "poster": "https://www.sportsvideo.org/new/wp-content/uploads/2017/02/yes_network.jpg", "action": "ltp_ustv", "vid_url": "https://%s/YES/myStream/playlist.m3u8?wmsAuthSign=%s"}]