[{"ch_no": 1, "action": "ltp_weboasis", "poster": "http://streamwat.ch/media/fox.jpg", "title": "FOX News", "url": "http://streamwat.ch/fox", "vid_url": "http://streamwat.ch/fox"}, {"ch_no": 2, "action": "ltp_weboasis", "poster": "http://streamwat.ch/media/aj.jpg", "title": "Al Jazeera", "url": "http://streamwat.ch/aj/", "vid_url": "http://streamwat.ch/aj/"}, {"ch_no": 3, "action": "ltp_weboasis", "poster": "http://streamwat.ch/media/bbcnews.jpg", "title": "BBC News", "url": "http://streamwat.ch/bbc/", "vid_url": "http://streamwat.ch/bbc/"}, {"ch_no": 4, "action": "ltp_weboasis", "poster": "http://streamwat.ch/media/bloomberg.jpg", "title": "Bloomberg", "url": "http://streamwat.ch/bloomberg/", "vid_url": "http://streamwat.ch/bloomberg/"}, {"ch_no": 5, "action": "ltp_weboasis", "poster": "http://streamwat.ch/media/cbc.jpg", "title": "CBC", "url": "http://streamwat.ch/cbc/", "vid_url": "http://streamwat.ch/cbc/"}, {"ch_no": 6, "action": "ltp_weboasis", "poster": "http://streamwat.ch/media/cbsn.jpg", "title": "CBS News", "url": "http://streamwat.ch/cbsn/", "vid_url": "http://streamwat.ch/cbsn/"}, {"ch_no": 7, "action": "ltp_weboasis", "poster": "http://streamwat.ch/media/cgtn.jpg", "title": "CGTN", "url": "http://streamwat.ch/cgtn/", "vid_url": "http://streamwat.ch/cgtn/"}, {"ch_no": 8, "action": "ltp_weboasis", "poster": "http://streamwat.ch/media/cheddar.jpg", "title": "Cheddar", "url": "http://streamwat.ch/cheddar/", "vid_url": "http://streamwat.ch/cheddar/"}, {"ch_no": 9, "action": "ltp_weboasis", "poster": "http://streamwat.ch/media/cnn.jpg", "title": "CNN", "url": "http://streamwat.ch/cnn/", "vid_url": "http://streamwat.ch/cnn/"}, {"ch_no": 10, "action": "ltp_weboasis", "poster": "http://streamwat.ch/media/cspan.jpg", "title": "CSPAN", "url": "http://streamwat.ch/cspan/", "vid_url": "http://streamwat.ch/cspan/"}, {"ch_no": 11, "action": "ltp_weboasis", "poster": "http://streamwat.ch/media/cspan2.jpg", "title": "CSPAN2", "url": "http://streamwat.ch/cspan2/", "vid_url": "http://streamwat.ch/cspan2/"}, {"ch_no": 12, "action": "ltp_weboasis", "poster": "http://streamwat.ch/media/disc.jpg", "title": "Discovery", "url": "http://streamwat.ch/disc/", "vid_url": "http://streamwat.ch/disc/"}, {"ch_no": 13, "action": "ltp_weboasis", "poster": "http://streamwat.ch/media/docurama.jpg", "title": "Docurama", "url": "http://streamwat.ch/docurama/", "vid_url": "http://streamwat.ch/docurama/"}, {"ch_no": 14, "action": "ltp_weboasis", "poster": "http://streamwat.ch/media/edge.jpg", "title": "Edge Sports", "url": "http://streamwat.ch/edge/", "vid_url": "http://streamwat.ch/edge/"}, {"ch_no": 15, "action": "ltp_weboasis", "poster": "http://streamwat.ch/media/espn.jpg", "title": "ESPN", "url": "http://streamwat.ch/espn/", "vid_url": "http://streamwat.ch/espn/"}, {"ch_no": 16, "action": "ltp_weboasis", "poster": "http://streamwat.ch/media/espn2.jpg", "title": "ESPN2", "url": "http://streamwat.ch/espn2/", "vid_url": "http://streamwat.ch/espn2/"}, {"ch_no": 17, "action": "ltp_weboasis", "poster": "http://streamwat.ch/media/et.jpg", "title": "Entertainment Tonight", "url": "http://streamwat.ch/et/", "vid_url": "http://streamwat.ch/et/"}, {"ch_no": 18, "action": "ltp_weboasis", "poster": "http://streamwat.ch/media/foxmain.jpg", "title": "FOX", "url": "http://streamwat.ch/foxmain/", "vid_url": "http://streamwat.ch/foxmain/"}, {"ch_no": 19, "action": "ltp_weboasis", "poster": "http://streamwat.ch/media/abcn.jpg", "title": "ABC News", "url": "http://streamwat.ch/https://weboas.is", "vid_url": "http://streamwat.ch/https://weboas.is"}, {"ch_no": 20, "action": "ltp_weboasis", "poster": "http://streamwat.ch/media/fnr.jpg", "title": "FOX News Radio", "url": "http://streamwat.ch/fnr/", "vid_url": "http://streamwat.ch/fnr/"}, {"ch_no": 21, "action": "ltp_weboasis", "poster": "http://streamwat.ch/media/france24.jpg", "title": "France24 English", "url": "http://streamwat.ch/france24/", "vid_url": "http://streamwat.ch/france24/"}, {"ch_no": 22, "action": "ltp_weboasis", "poster": "http://streamwat.ch/media/golf.jpg", "title": "Golf", "url": "http://streamwat.ch/g0lf/", "vid_url": "http://streamwat.ch/g0lf/"}, {"ch_no": 23, "action": "ltp_weboasis", "poster": "http://streamwat.ch/media/infowars.jpg", "title": "Info Wars", "url": "http://streamwat.ch/infowars/", "vid_url": "http://streamwat.ch/infowars/"}, {"ch_no": 24, "action": "ltp_weboasis", "poster": "http://streamwat.ch/media/law.jpg", "title": "Law & Crime", "url": "http://streamwat.ch/law/", "vid_url": "http://streamwat.ch/law/"}, {"ch_no": 25, "action": "ltp_weboasis", "poster": "http://streamwat.ch/media/mlb.jpg", "title": "MLB Network", "url": "http://streamwat.ch/mlb/", "vid_url": "http://streamwat.ch/mlb/"}, {"ch_no": 26, "action": "ltp_weboasis", "poster": "http://streamwat.ch/media/msnbc.jpg", "title": "MSNBC", "url": "http://streamwat.ch/msnbc", "vid_url": "http://streamwat.ch/msnbc"}, {"ch_no": 27, "action": "ltp_weboasis", "poster": "http://streamwat.ch/media/mtv.jpg", "title": "MTV", "url": "http://streamwat.ch/mtv/", "vid_url": "http://streamwat.ch/mtv/"}, {"ch_no": 28, "action": "ltp_weboasis", "poster": "http://streamwat.ch/media/m2o.jpg", "title": "M2O", "url": "http://streamwat.ch/m2o/", "vid_url": "http://streamwat.ch/m2o/"}, {"ch_no": 29, "action": "ltp_weboasis", "poster": "http://streamwat.ch/media/natgeowild.jpg", "title": "Nat Geo Wild", "url": "http://streamwat.ch/natgeowild/", "vid_url": "http://streamwat.ch/natgeowild/"}, {"ch_no": 30, "action": "ltp_weboasis", "poster": "http://streamwat.ch/media/nba.jpg", "title": "NBA", "url": "http://streamwat.ch/nba/", "vid_url": "http://streamwat.ch/nba/"}, {"ch_no": 31, "action": "ltp_weboasis", "poster": "http://streamwat.ch/media/nbc.jpg", "title": "NBC", "url": "http://streamwat.ch/nbcmain/", "vid_url": "http://streamwat.ch/nbcmain/"}, {"ch_no": 32, "action": "ltp_weboasis", "poster": "http://streamwat.ch/media/newsmax.jpg", "title": "NewsMax", "url": "http://streamwat.ch/newsmax/", "vid_url": "http://streamwat.ch/newsmax/"}, {"ch_no": 33, "action": "ltp_weboasis", "poster": "http://streamwat.ch/media/newsnet.jpg", "title": "NewsNet", "url": "http://streamwat.ch/newsnet/", "vid_url": "http://streamwat.ch/newsnet/"}, {"ch_no": 34, "action": "ltp_weboasis", "poster": "http://streamwat.ch/media/outdoor.jpg", "title": "Outdoor", "url": "http://streamwat.ch/outdoor/", "vid_url": "http://streamwat.ch/outdoor/"}, {"ch_no": 35, "action": "ltp_weboasis", "poster": "http://streamwat.ch/media/pbs.jpg", "title": "PBS", "url": "http://streamwat.ch/pbs/", "vid_url": "http://streamwat.ch/pbs/"}, {"ch_no": 36, "action": "ltp_weboasis", "poster": "http://streamwat.ch/media/pbskids.jpg", "title": "PBS Kids", "url": "http://streamwat.ch/pbskids/", "vid_url": "http://streamwat.ch/pbskids/"}, {"ch_no": 37, "action": "ltp_weboasis", "poster": "http://streamwat.ch/media/radio.jpg", "title": "Radio", "url": "http://streamwat.ch/radio/", "vid_url": "http://streamwat.ch/radio/"}, {"ch_no": 38, "action": "ltp_weboasis", "poster": "http://streamwat.ch/media/redbull.jpg", "title": "Red Bull TV", "url": "http://streamwat.ch/redbull/", "vid_url": "http://streamwat.ch/redbull/"}, {"ch_no": 39, "action": "ltp_weboasis", "poster": "http://streamwat.ch/media/ram.jpg", "title": "Rick & Morty", "url": "http://streamwat.ch/ram/", "vid_url": "http://streamwat.ch/ram/"}, {"ch_no": 40, "action": "ltp_weboasis", "poster": "http://streamwat.ch/media/rt.jpg", "title": "Russia Today", "url": "http://streamwat.ch/rt/", "vid_url": "http://streamwat.ch/rt/"}, {"ch_no": 41, "action": "ltp_weboasis", "poster": "http://streamwat.ch/media/sky.jpg", "title": "Sky News", "url": "http://streamwat.ch/sky/", "vid_url": "http://streamwat.ch/sky/"}, {"ch_no": 42, "action": "ltp_weboasis", "poster": "http://streamwat.ch/media/stadium.jpg", "title": "Stadium", "url": "http://streamwat.ch/stadium/", "vid_url": "http://streamwat.ch/stadium/"}, {"ch_no": 43, "action": "ltp_weboasis", "poster": "http://streamwat.ch/media/tbs.jpg", "title": "TBS", "url": "http://streamwat.ch/tbs/", "vid_url": "http://streamwat.ch/tbs/"}, {"ch_no": 44, "action": "ltp_weboasis", "poster": "http://streamwat.ch/media/tnt.jpg", "title": "TNT", "url": "http://streamwat.ch/tnt/", "vid_url": "http://streamwat.ch/tnt/"}, {"ch_no": 45, "action": "ltp_weboasis", "poster": "http://streamwat.ch/media/twit.jpg", "title": "Twit", "url": "http://streamwat.ch/twit/", "vid_url": "http://streamwat.ch/twit/"}, {"ch_no": 46, "action": "ltp_weboasis", "poster": "http://streamwat.ch/media/voa.jpg", "title": "VOA", "url": "http://streamwat.ch/voa/", "vid_url": "http://streamwat.ch/voa/"}, {"ch_no": 47, "action": "ltp_weboasis", "poster": "http://streamwat.ch/media/custom.jpg", "title": "Custom", "url": "http://streamwat.ch/custom/", "vid_url": "http://streamwat.ch/custom/"}]