[{"ch_no": 4, "title": "HBO Hits", "url": "http://yoursports.stream/ing/tvx2?ch=hbohits", "poster": "icon.png", "action": "ltp_yoursports", "vid_url": "http://yoursports.stream/ing/tvx2?ch=hbohits"}, {"ch_no": 5, "title": "HBO Family", "url": "http://yoursports.stream/ing/tvx2?ch=hbofamily", "poster": "icon.png", "action": "ltp_yoursports", "vid_url": "http://yoursports.stream/ing/tvx2?ch=hbofamily"}, {"ch_no": 6, "title": "HBO Signature", "url": "http://yoursports.stream/ing/tvx2?ch=hbosig", "poster": "icon.png", "action": "ltp_yoursports", "vid_url": "http://yoursports.stream/ing/tvx2?ch=hbosig"}, {"ch_no": 7, "title": "HBO Red", "url": "http://yoursports.stream/ing/tvx2?ch=hbored", "poster": "icon.png", "action": "ltp_yoursports", "vid_url": "http://yoursports.stream/ing/tvx2?ch=hbored"}, {"ch_no": 8, "title": "TBS", "url": "http://yoursports.stream/ing/tbs", "poster": "https://github.com/jewbmx/resource.images.studios.white/blob/master/resources/TBS.png?raw=true", "action": "ltp_yoursports", "vid_url": "http://yoursports.stream/ing/tbs"}, {"ch_no": 9, "title": "TNT", "url": "http://yoursports.stream/ing/tnt", "poster": "https://github.com/jewbmx/resource.images.studios.white/blob/master/resources/TNT.png?raw=true", "action": "ltp_yoursports", "vid_url": "http://yoursports.stream/ing/tnt"}, {"ch_no": 10, "title": "BET", "url": "http://yoursports.stream/ing/bet", "poster": "https://github.com/jewbmx/resource.images.studios.white/blob/master/resources/Bet.png?raw=true", "action": "ltp_yoursports", "vid_url": "http://yoursports.stream/ing/bet"}, {"ch_no": 11, "title": "FOX", "url": "http://yoursports.stream/ing/fox", "poster": "https://upload.wikimedia.org/wikipedia/commons/thumb/3/37/2015_Fox_Sports_1_logo.svg/400px-2015_Fox_Sports_1_logo.svg.png", "action": "ltp_yoursports", "vid_url": "http://yoursports.stream/ing/fox"}, {"ch_no": 12, "title": "DIY", "url": "http://yoursports.stream/ing/diy", "poster": "https://github.com/jewbmx/resource.images.studios.white/blob/master/resources/DIY.png?raw=true", "action": "ltp_yoursports", "vid_url": "http://yoursports.stream/ing/diy"}, {"ch_no": 13, "title": "HGTV", "url": "http://yoursports.stream/ing/hgtv", "poster": "https://upload.wikimedia.org/wikipedia/commons/c/c3/HGTV_2010.png", "action": "ltp_yoursports", "vid_url": "http://yoursports.stream/ing/hgtv"}, {"ch_no": 14, "title": "Tennis Channel: The T", "url": "http://yoursports.stream/ing/thet", "poster": "https://upload.wikimedia.org/wikipedia/commons/thumb/8/8c/Tennis_Channel_logo.svg/220px-Tennis_Channel_logo.svg.png", "action": "ltp_yoursports", "vid_url": "http://yoursports.stream/ing/thet"}, {"ch_no": 15, "title": "ABC News", "url": "http://yoursports.stream/ing/abcnews", "poster": "https://github.com/jewbmx/resource.images.studios.white/blob/master/resources/ABC.png?raw=true", "action": "ltp_yoursports", "vid_url": "http://yoursports.stream/ing/abcnews"}, {"ch_no": 16, "title": "Comedy Central", "url": "http://yoursports.stream/ing/comedycentral", "poster": "https://github.com/jewbmx/resource.images.studios.white/blob/master/resources/Comedy%20Central.png?raw=true", "action": "ltp_yoursports", "vid_url": "http://yoursports.stream/ing/comedycentral"}, {"ch_no": 17, "title": "CMT", "url": "http://yoursports.stream/ing/cmt", "poster": "https://github.com/jewbmx/resource.images.studios.white/blob/master/resources/CMT%20Films.png?raw=true", "action": "ltp_yoursports", "vid_url": "http://yoursports.stream/ing/cmt"}, {"ch_no": 18, "title": "TV Land", "url": "http://yoursports.stream/ing/tvland", "poster": "https://github.com/jewbmx/resource.images.studios.white/blob/master/resources/TV%20Land.png?raw=true", "action": "ltp_yoursports", "vid_url": "http://yoursports.stream/ing/tvland"}, {"ch_no": 19, "title": "CBS News", "url": "http://yoursports.stream/ing/cbsnews", "poster": "https://github.com/jewbmx/resource.images.studios.white/blob/master/resources/CBS.png?raw=true", "action": "ltp_yoursports", "vid_url": "http://yoursports.stream/ing/cbsnews"}, {"ch_no": 20, "title": "ABC", "url": "http://yoursports.stream/ing/abc", "poster": "https://github.com/jewbmx/resource.images.studios.white/blob/master/resources/ABC.png?raw=true", "action": "ltp_yoursports", "vid_url": "http://yoursports.stream/ing/abc"}, {"ch_no": 2, "title": "FOX Business", "url": "http://yoursports.stream/ing/foxbusiness", "poster": "https://upload.wikimedia.org/wikipedia/en/thumb/8/8a/Fox_Business.svg/420px-Fox_Business.svg.png", "action": "ltp_yoursports", "vid_url": "http://yoursports.stream/ing/foxbusiness"}, {"ch_no": 3, "title": "Atlanta TV", "url": "http://yoursports.stream/ing/atlanta", "poster": "icon.png", "action": "ltp_yoursports", "vid_url": "http://yoursports.stream/ing/atlanta"}, {"ch_no": 4, "title": "Bloomberg Plus", "url": "http://yoursports.stream/ing/bloomPlus", "poster": "icon.png", "action": "ltp_yoursports", "vid_url": "http://yoursports.stream/ing/bloomPlus"}, {"ch_no": 5, "title": "Bloomberg USA", "url": "http://yoursports.stream/ing/bloomUsa", "poster": "icon.png", "action": "ltp_yoursports", "vid_url": "http://yoursports.stream/ing/bloomUsa"}, {"ch_no": 6, "title": "Fox Sports 1", "url": "http://yoursports.stream/ing/fs1", "poster": "https://upload.wikimedia.org/wikipedia/commons/thumb/3/37/2015_Fox_Sports_1_logo.svg/400px-2015_Fox_Sports_1_logo.svg.png", "action": "ltp_yoursports", "vid_url": "http://yoursports.stream/ing/fs1"}, {"ch_no": 1, "title": "FOX News", "url": "http://yoursports.stream/ing/foxnews", "poster": "https://upload.wikimedia.org/wikipedia/commons/thumb/6/67/Fox_News_Channel_logo.svg/300px-Fox_News_Channel_logo.svg.png", "action": "ltp_yoursports", "vid_url": "http://yoursports.stream/ing/foxnews"}, {"ch_no": 2, "title": "Fox Sports 2", "url": "http://yoursports.stream/ing/fs2", "poster": "https://upload.wikimedia.org/wikipedia/commons/thumb/3/38/FS2_logo_2015.svg/400px-FS2_logo_2015.svg.png", "action": "ltp_yoursports", "vid_url": "http://yoursports.stream/ing/fs2"}, {"ch_no": 3, "title": "Big Ten Network", "url": "http://yoursports.stream/ing/btn", "poster": "icon.png", "action": "ltp_yoursports", "vid_url": "http://yoursports.stream/ing/btn"}, {"ch_no": 8, "title": "Documentaries 4 U", "url": "http://yoursports.stream/ing/tvx2?ch=documentaries4u", "poster": "icon.png", "action": "ltp_yoursports", "vid_url": "http://yoursports.stream/ing/tvx2?ch=documentaries4u"}, {"ch_no": 16, "title": "Sharjah Sport", "url": "http://yoursports.stream/ing/sharjahsport", "poster": "icon.png", "action": "ltp_yoursports", "vid_url": "http://yoursports.stream/ing/sharjahsport"}, {"ch_no": 3, "title": "Weather Nation", "url": "http://yoursports.stream/ing/weathernation", "poster": "https://upload.wikimedia.org/wikipedia/commons/thumb/c/c0/The_Weather_Channel_logo_1996-2005.svg/536px-The_Weather_Channel_logo_1996-2005.svg.png", "action": "ltp_yoursports", "vid_url": "http://yoursports.stream/ing/weathernation"}, {"ch_no": 3, "title": "MNX Movies", "url": "http://yoursports.stream/ing/tvx2?ch=mnxmovies", "poster": "icon.png", "action": "ltp_yoursports", "vid_url": "http://yoursports.stream/ing/tvx2?ch=mnxmovies"}, {"ch_no": 3, "title": "CBS", "url": "http://yoursports.stream/ing/cbs", "poster": "https://github.com/jewbmx/resource.images.studios.white/blob/master/resources/CBS.png?raw=true", "action": "ltp_yoursports", "vid_url": "http://yoursports.stream/ing/cbs"}, {"ch_no": 3, "title": "HBO", "url": "http://yoursports.stream/ing/tvx2?ch=hbogo", "poster": "icon.png", "action": "ltp_yoursports", "vid_url": "http://yoursports.stream/ing/tvx2?ch=hbogo"}, {"ch_no": 3, "title": "Paramount Network", "url": "http://yoursports.stream/ing/paramount", "poster": "https://github.com/jewbmx/resource.images.studios.white/blob/master/resources/Paramount%20Network.png?raw=true", "action": "ltp_yoursports", "vid_url": "http://yoursports.stream/ing/paramount"}]