[{"title": "Live Darshan From Shree Somnath Temple, First Jyotirlinga", "action": "ltp_pluto", "group_title": "Devotional", "url": "https://www.youtube.com/channel/UCT1egsvA08YcdMLiEu1DTRg", "poster": "hindi_utube.png", "tvg_id": ""}, {"title": "Live Darshan From Shree KasthBhanjandev Hanumanji Mandir Salangpur", "action": "ltp_pluto", "group_title": "Devotional", "url": "https://www.youtube.com/channel/UCI1r_MNxzyvUPHyTdWDe4NA", "poster": "hindi_utube.png", "tvg_id": ""}, {"title": "Live Darshan From Shree Siddhivinayak Temple", "action": "ltp_pluto", "group_title": "Devotional", "url": "https://www.youtube.com/channel/UCNH47WOVuA2zkP2cP1sEynw", "poster": "hindi_utube.png", "tvg_id": ""}, {"title": "Live Darshan From Shree Mahakaleshwar Mandir", "action": "ltp_pluto", "group_title": "Devotional", "url": "https://www.youtube.com/channel/UCEUuwXHmHckwmdANSy4c7Sw", "poster": "hindi_utube.png", "tvg_id": ""}, {"title": "Live Darshan From Bhuj Mandir NarNarayan Dev Mandir", "action": "ltp_pluto", "group_title": "Devotional", "url": "https://www.youtube.com/channel/UCVItNtUctAknegvmYcMhUQg", "poster": "hindi_utube.png", "tvg_id": ""}, {"title": "Live Darshan From Shree Dwarkadhish Temple Dwarka", "action": "ltp_pluto", "group_title": "Devotional", "url": "https://www.youtube.com/channel/UCBAvMHZO3BIfMMhOK9LMOYQ", "poster": "hindi_utube.png", "tvg_id": ""}, {"title": "Live Darshan From Sri Naga Sai Mandir", "action": "ltp_pluto", "group_title": "Devotional", "url": "https://www.youtube.com/channel/UCHxrA_qbmTno8jUg832zprA", "poster": "hindi_utube.png", "tvg_id": ""}, {"title": "TV9 Gujarati", "action": "ltp_pluto", "group_title": "Gujarati", "url": "https://www.youtube.com/channel/UCeJWZgSMlzqYEDytDnvzHnw", "poster": "https://yt3.ggpht.com/ytc/AKedOLR8E478gf4F3e11eXaV1Th88zd2m4OEOp77VpnE1A=s88-c-k-c0x00ffffff-no-rj", "tvg_id": ""}, {"title": "ABP Asmita", "action": "ltp_pluto", "group_title": "Gujarati", "url": "https://www.youtube.com/channel/UC3C6_1ETXfE807LltDbKYxg", "poster": "https://yt3.ggpht.com/ytc/AAUvwnir1JsG9lCOwHEgKGyy2nY-Q3JzxYfiud5rNfsmTw=s88-c-k-c0x00ffffff-no-rj", "tvg_id": ""}, {"title": "Tez Live", "action": "ltp_pluto", "group_title": "Hindi", "url": "https://www.youtube.com/channel/UCQC1wGbOOIoC23fRGxt4kbg", "poster": "hindi_utube.png", "tvg_id": ""}, {"title": "Zee Business", "action": "ltp_pluto", "group_title": "Hindi", "url": "https://www.youtube.com/c/ZeeBusiness/channels", "poster": "https://image.airtel.tv/MWTV/MWTV_LIVETVCHANNEL_436/PORTRAIT/vExrDK9r.png", "tvg_id": ""}, {"title": "CNBC Awaaz", "action": "ltp_pluto", "group_title": "Hindi", "url": "https://www.youtube.com/channel/UCQIycDaLsBpMKjOCeaKUYVg", "poster": "http://tank.tskytech.com/jumpstart/transparentImage/CNBC Awaaz.png", "tvg_id": ""}, {"title": "TV9 Bharatvarsh", "action": "ltp_pluto", "group_title": "Hindi", "url": "https://www.youtube.com/channel/UCOutOIcn_oho8pyVN3Ng-Pg", "poster": "http://tank.tskytech.com/jumpstart/transparentImage/TV9 Bharatvarsh.pn", "tvg_id": ""}, {"title": "Republic Bharat", "action": "ltp_pluto", "group_title": "Hindi", "url": "https://www.youtube.com/channel/UCOutOIcn_oho8pyVN3Ng-Pg", "poster": "http://jiotv.catchup.cdn.jio.com/dare_images/images/Republic_TV.png", "tvg_id": ""}, {"title": "ABP NEWS", "action": "ltp_pluto", "group_title": "Hindi", "url": "https://www.youtube.com/channel/UCRWFSbif-RFENbBrSiez1DA", "poster": "http://tank.tskytech.com/jumpstart/transparentImage/ABP NWS.png", "tvg_id": ""}, {"title": "NDTV Profit", "action": "ltp_pluto", "group_title": "News", "url": "https://www.youtube.com/channel/UCJEtD6JDgNKxcPJPBOAf-Tg", "poster": "http://jiotv.catchup.cdn.jio.com/dare_images/images/NDTV_Profit.png", "tvg_id": ""}, {"title": "NDTV 24x7", "action": "ltp_pluto", "group_title": "News", "url": "https://www.youtube.com/channel/UCZFMm1mMw0F81Z37aaEzTUA", "poster": "http://jiotv.catchup.cdn.jio.com/dare_images/images/NDTV_24x7.png", "tvg_id": ""}, {"title": "NDTV India", "action": "ltp_pluto", "group_title": "News", "url": "https://www.youtube.com/channel/UC9CYT9gSNLevX5ey2_6CK0Q", "poster": "http://tank.tskytech.com/jumpstart/transparentImage/NDTV India.png", "tvg_id": ""}, {"title": "Bharat Samachar", "action": "ltp_pluto", "group_title": "Hindi", "url": "https://www.youtube.com/channel/UC8Xb-hkR53QVN4GlUHi1iZg", "poster": "http://jiotv.catchup.cdn.jio.com/dare_images/images/9_Bharat_Samachar.png", "tvg_id": ""}, {"title": "ABC News", "action": "ltp_pluto", "group_title": "English", "url": "https://www.youtube.com/channel/UCBi2mrWuNuyYy4gbM6fU18Q", "poster": "https://s.abcnews.com/assets/beta/assets/abcn_images/abcnews_pearl_stacked.png", "tvg_id": ""}, {"title": "News 12 New York", "action": "ltp_pluto", "group_title": "English", "url": "https://www.youtube.com/channel/UCFhbonoFqxg2b9FMRzYAwog", "poster": "https://yt3.ggpht.com/ytc/AAUvwniz5-dorFPbRs3b2CYaJSV2VOVxq53EqcwdWOF8Gg=s900-c-k-c0x00ffffff-no-rj", "tvg_id": ""}, {"title": "News24", "action": "ltp_pluto", "group_title": "Hindi", "url": "https://www.youtube.com/channel/UCuzS3rPQAYqHcLWqOFuY0pw", "poster": "hindi_utube.png", "tvg_id": ""}, {"title": "IndiaTV", "action": "ltp_pluto", "group_title": "News", "url": "https://www.youtube.com/channel/UCYPvAwZP8pZhSMW8qs7cVCw", "poster": "hindi_utube.png", "tvg_id": ""}, {"title": "Aaj Tak", "action": "ltp_pluto", "group_title": "News", "url": "https://www.youtube.com/user/teztvnews", "poster": "http://tank.tskytech.com/jumpstart/transparentImage/Aaj Tak.png", "tvg_id": ""}, {"title": "Good News Today", "action": "ltp_pluto", "group_title": "News", "url": "https://www.youtube.com/user/teztvnews", "poster": "https://yt3.ggpht.com/lMqH7cmFVaVx5EfOPtuD1ntgb9VdILySu3at9dv6FZT1QWtPkzvObcHt-ZsbYSj0SkMJEfi6=s176-c-k-c0x00ffffff-no-rj", "tvg_id": ""}, {"title": "Sky News", "action": "ltp_pluto", "group_title": "International News", "url": "https://www.youtube.com/channel/UCoMdktPbSTixAyNGwb-UYkQ", "poster": "https://yt3.ggpht.com/E96qzkAoX81DQs7wqRHR4rNk1esa4quBPzda2QRzImlhoHOVgRdAN8o-S0Rb_hpygo_n4LdhwTE=s176-c-k-c0x00ffffff-no-rj", "tvg_id": ""}, {"title": "GBNews", "action": "ltp_pluto", "group_title": "International News", "url": "https://www.youtube.com/channel/UC0vn8ISa4LKMunLbzaXLnOQ", "poster": "https://yt3.ggpht.com/ytc/AKedOLTmW20Du3RIn5YTCud3cZUaCWDkh_XdJ3fNKf_r=s176-c-k-c0x00ffffff-no-rj", "tvg_id": ""}, {"title": "Al Jazeera English", "action": "ltp_pluto", "group_title": "International News", "url": "https://www.youtube.com/channel/UCNye-wNBqNL5ZzHSJj3l8Bg", "poster": "https://yt3.ggpht.com/ytc/AKedOLQuzkdeUxIhS3KWZrYcDf4F8k2VC6SHZt2HlyzCM_c=s176-c-k-c0x00ffffff-no-rj", "tvg_id": ""}, {"title": "Beautiful Relaxing Music, Peaceful Soothing Instrumental Music, 'Tropical Birds' By Tim Janis", "action": "ltp_pluto", "group_title": "Music", "url": "https://www.youtube.com/channel/UCdi8yQBdBfn1ECu3ayH_TnA", "poster": "hindi_utube.png", "tvg_id": ""}, {"title": "4K Video (Ultra HD) Unbelievable Beauty - Amazing Nature Scenery with Beautiful Relaxing Music", "action": "ltp_pluto", "group_title": "Music", "url": "https://www.youtube.com/channel/UCtvsljLC4qHFdI4W9GmQPcA", "poster": "hindi_utube.png", "tvg_id": ""}]